<?xml version='1.0' encoding='UTF-8' standalone='no'?>
<sbml xmlns="http://www.sbml.org/sbml/level2/version4" level="2" metaid="_1a70283c-bfbc-4a94-afe7-89095f79f871" version="4">
  <model id="Tyson2003_NegFB_Homeostasis" metaid="_466212" name="Tyson2003_NegFB_Homeostasis">
    <notes>
      <body xmlns="http://www.w3.org/1999/xhtml">
        <p>This is an SBML implementation the model of homeostastis by negative feedback (figure 1g) described in the article:<br/>
        <b>Sniffers, buzzers, toggles and blinkers: dynamics of regulatory and signaling pathways in the cell.</b>
        <br/>
Tyson JJ, Chen KC, Novak B. <em>Curr Opin Cell Biol.</em> 2003 Apr;15(2):221-31. PubmedID:<a href="http://www.ncbi.nlm.nih.gov/pubmed/12648679">12648679</a>; DOI:<a href="http://dx.doi.org/10.1016/S0955-0674(03)00017-6">10.1016/S0955-0674(03)00017-6</a>;<br/></p>
        <p>Abstract:<br/>
The physiological responses of cells to external and internal stimuli are governed by genes and proteins interacting in complex networks whose dynamical properties are impossible to understand by intuitive reasoning alone. Recent advances by theoretical biologists have demonstrated that molecular regulatory networks can be accurately modeled in mathematical terms. These models shed light on the design principles of biological control systems and make predictions that have been verified experimentally.
</p>
        <p> Originally created by libAntimony v1.4 (using libSBML 3.4.1) </p>
        <p>This model originates from BioModels Database: A Database of Annotated Published Models (http://www.ebi.ac.uk/biomodels/). It is copyright (c) 2005-2011 The BioModels.net Team.<br/>
For more information see the <a href="http://www.ebi.ac.uk/biomodels/legal.html" target="_blank">terms of use</a>.<br/>
To cite BioModels Database, please use: <a href="http://www.ncbi.nlm.nih.gov/pubmed/20587024" target="_blank">Li C, Donizelli M, Rodriguez N, Dharuri H, Endler L, Chelliah V, Li L, He E, Henry A, Stefan MI, Snoep JL, Hucka M, Le Novère N, Laibe C (2010) BioModels Database: An enhanced, curated and annotated resource for published quantitative kinetic models. BMC Syst Biol., 4:92.</a>
      </p>
    </body>
  </notes>
    <annotation>
	<rdf:RDF xmlns:rdf="http://www.w3.org/1999/02/22-rdf-syntax-ns#" xmlns:dc="http://purl.org/dc/elements/1.1/" xmlns:vCard="http://www.w3.org/2001/vcard-rdf/3.0#" xmlns:dcterms="http://purl.org/dc/terms/" xmlns:bqmodel="http://biomodels.net/model-qualifiers/" xmlns:bqbiol="http://biomodels.net/biology-qualifiers/">
        <rdf:Description rdf:about="#_466212">
	<dc:creator>
	<rdf:Bag>
	<rdf:li rdf:parseType="Resource">
	<vCard:N rdf:parseType="Resource">
	<vCard:Family>Endler</vCard:Family>
	<vCard:Given>Lukas</vCard:Given>
	</vCard:N>
	<vCard:EMAIL>lukas@ebi.ac.uk</vCard:EMAIL>
	<vCard:ORG rdf:parseType="Resource">
	<vCard:Orgname>EMBL-EBI</vCard:Orgname>
	</vCard:ORG>
	</rdf:li>
	<rdf:li rdf:parseType="Resource">
	<vCard:N rdf:parseType="Resource">
	<vCard:Family>Tyson</vCard:Family>
	<vCard:Given>John J</vCard:Given>
	</vCard:N>
	<vCard:EMAIL>tyson@vt.edu</vCard:EMAIL>
	<vCard:ORG rdf:parseType="Resource">
	<vCard:Orgname>Department of Biology, Virginia Polytechnic Institute and State University, Blacksburg, VA 24061, USA</vCard:Orgname>
	</vCard:ORG>
	</rdf:li>
	</rdf:Bag>
	</dc:creator>
	<dcterms:created rdf:parseType="Resource">
	<dcterms:W3CDTF>2011-02-10T04:48:32Z</dcterms:W3CDTF>
	</dcterms:created>
	<dcterms:modified rdf:parseType="Resource">
	<dcterms:W3CDTF>2014-04-06T20:04:29Z</dcterms:W3CDTF>
	</dcterms:modified>
	<bqmodel:is>
	<rdf:Bag>
	<rdf:li rdf:resource="http://identifiers.org/biomodels.db/MODEL1102100003"/>
	</rdf:Bag>
	</bqmodel:is>
	<bqmodel:is>
	<rdf:Bag>
	<rdf:li rdf:resource="http://identifiers.org/biomodels.db/BIOMD0000000309"/>
	</rdf:Bag>
	</bqmodel:is>
	<bqmodel:isDescribedBy>
	<rdf:Bag>
	<rdf:li rdf:resource="http://identifiers.org/pubmed/12648679"/>
	</rdf:Bag>
	</bqmodel:isDescribedBy>
	<bqbiol:hasProperty>
	<rdf:Bag>
	<rdf:li rdf:resource="http://identifiers.org/mamo/MAMO_0000046"/>
	</rdf:Bag>
	</bqbiol:hasProperty>
	<bqbiol:hasTaxon>
	<rdf:Bag>
	<rdf:li rdf:resource="http://identifiers.org/taxonomy/131567"/>
	</rdf:Bag>
	</bqbiol:hasTaxon>
	<bqbiol:isVersionOf>
	<rdf:Bag>
	<rdf:li rdf:resource="http://identifiers.org/go/GO:0051098"/>
	</rdf:Bag>
	</bqbiol:isVersionOf>
	</rdf:Description>
	
	</rdf:RDF>
	</annotation>
      <listOfFunctionDefinitions>
      <functionDefinition id="goldbeter_koshland" metaid="_466242">
        <math xmlns="http://www.w3.org/1998/Math/MathML">        
          <lambda>
            <bvar>
              <ci> v1 </ci>
            </bvar>
            <bvar>
              <ci> v2 </ci>
            </bvar>
            <bvar>
              <ci> J1 </ci>
            </bvar>
            <bvar>
              <ci> J2 </ci>
            </bvar>
            <apply>
              <divide/>
              <apply>
                <times/>
                <cn type="integer"> 2 </cn>
                <ci> v1 </ci>
                <ci> J2 </ci>
              </apply>
              <apply>
                <plus/>
                <apply>
                  <minus/>
                  <ci> v2 </ci>
                  <ci> v1 </ci>
                </apply>
                <apply>
                  <times/>
                  <ci> J1 </ci>
                  <ci> v2 </ci>
                </apply>
                <apply>
                  <times/>
                  <ci> J2 </ci>
                  <ci> v1 </ci>
                </apply>
                <apply>
                  <power/>
                  <apply>
                    <minus/>
                    <apply>
                      <power/>
                      <apply>
                        <plus/>
                        <apply>
                          <minus/>
                          <ci> v2 </ci>
                          <ci> v1 </ci>
                        </apply>
                        <apply>
                          <times/>
                          <ci> J1 </ci>
                          <ci> v2 </ci>
                        </apply>
                        <apply>
                          <times/>
                          <ci> J2 </ci>
                          <ci> v1 </ci>
                        </apply>
                      </apply>
                      <cn type="integer"> 2 </cn>
                    </apply>
                    <apply>
                      <times/>
                      <cn type="integer"> 4 </cn>
                      <apply>
                        <minus/>
                        <ci> v2 </ci>
                        <ci> v1 </ci>
                      </apply>
                      <ci> v1 </ci>
                      <ci> J2 </ci>
                    </apply>
                  </apply>
                  <apply>
                    <divide/>
                    <cn type="integer"> 1 </cn>
                    <cn type="integer"> 2 </cn>
                  </apply>
                </apply>
              </apply>
            </apply>
          </lambda>
        </math>
            </functionDefinition>
    </listOfFunctionDefinitions>
    <listOfUnitDefinitions>
      <unitDefinition id="time" metaid="_1f68b21e-950d-4a11-8db0-a76699ead661" name="s">
        <listOfUnits>
          <unit kind="second" metaid="_067a2aff-e5bd-4ba1-98cb-0b707de517e1"/>
        </listOfUnits>
      </unitDefinition>
      <unitDefinition id="substance" metaid="a11b8c1c-ea6a-4be4-a15b-dd180add236b" name="mole">
        <listOfUnits>
          <unit kind="mole" metaid="_56d5798a-0737-4803-bd11-dbba0905306a"/>
        </listOfUnits>
      </unitDefinition>
      <unitDefinition id="per_s" metaid="_3cb5fe4b-0a06-4817-999d-44baface77a1" name="per_s">
        <listOfUnits>
          <unit exponent="-1" kind="second" metaid="_4b1d24ff-10c7-4a9d-b110-520d30defd43"/>
        </listOfUnits>
      </unitDefinition>
      <unitDefinition id="M_per_s" metaid="_5012ac45-6837-4b95-856d-9f7c6cdc4298" name="M_per_s">
        <listOfUnits>
          <unit kind="mole" metaid="ae9afbf7-6d4b-4aad-a672-a488d0efd0e9"/>
          <unit exponent="-1" kind="second" metaid="f757ee55-401c-4ccd-88b3-cc5cd9e58545"/>
          <unit exponent="-1" kind="litre" metaid="b2bc9896-5431-4525-873a-f4cd846cc38c"/>
        </listOfUnits>
      </unitDefinition>
      <unitDefinition id="M" metaid="acfbc63d-c7be-4ddd-859f-67253cf77434" name="M">
        <listOfUnits>
          <unit kind="mole" metaid="_3d00cb92-ab57-453d-a281-fc7b168d545b"/>
          <unit exponent="-1" kind="litre" metaid="_43d0c259-16f1-411f-9066-a58a0611058d"/>
        </listOfUnits>
      </unitDefinition>
      <unitDefinition id="per_M_per_s" metaid="_2de6849f-8d39-4e46-97b3-8265dda6a80f" name="per_M_per_s">
        <listOfUnits>
          <unit exponent="-1" kind="mole" metaid="b5d48f92-49dd-4b0f-9f10-8dc4e9a5b7b3"/>
          <unit kind="litre" metaid="_99822380-2ea1-41a2-8f00-deddc82b66e4"/>
          <unit exponent="-1" kind="second" metaid="_4d5f5779-88d0-4a2f-babb-62c6d4e5a53b"/>
        </listOfUnits>
      </unitDefinition>
    </listOfUnitDefinitions>
    <listOfCompartments>
      <compartment id="env" metaid="_466213" sboTerm="SBO:0000290" size="1">
        <annotation>
	<rdf:RDF xmlns:rdf="http://www.w3.org/1999/02/22-rdf-syntax-ns#" xmlns:bqmodel="http://biomodels.net/model-qualifiers/" xmlns:bqbiol="http://biomodels.net/biology-qualifiers/">
            <rdf:Description rdf:about="#_466213">
	<bqbiol:isVersionOf>
	<rdf:Bag>
	<rdf:li rdf:resource="http://identifiers.org/go/GO:0005623"/>
	</rdf:Bag>
	</bqbiol:isVersionOf>
	</rdf:Description>
	
	</rdf:RDF>
	</annotation>
            </compartment>
    </listOfCompartments>
    <listOfSpecies>
      <species compartment="env" id="R" initialConcentration="0" metaid="_466214" sboTerm="SBO:0000252">
        <annotation>
	<rdf:RDF xmlns:rdf="http://www.w3.org/1999/02/22-rdf-syntax-ns#" xmlns:bqmodel="http://biomodels.net/model-qualifiers/" xmlns:bqbiol="http://biomodels.net/biology-qualifiers/">
            <rdf:Description rdf:about="#_466214">
              <bqbiol:isVersionOf>
	<rdf:Bag>
	<rdf:li rdf:resource="http://identifiers.org/chebi/CHEBI:36080"/>
	</rdf:Bag>
	</bqbiol:isVersionOf>
	
	<bqbiol:hasProperty>
	<rdf:Bag>
	<rdf:li rdf:resource="http://identifiers.org/go/GO:0016301"/>
	</rdf:Bag>
	</bqbiol:hasProperty>
	</rdf:Description>
	
	</rdf:RDF>
	</annotation>
            </species>
      <species boundaryCondition="true" compartment="env" id="S" initialConcentration="0" metaid="_466215" sboTerm="SBO:0000285"/>
      <species boundaryCondition="true" compartment="env" id="Ep" metaid="_466216" sboTerm="SBO:0000252">
        <annotation>
	<rdf:RDF xmlns:rdf="http://www.w3.org/1999/02/22-rdf-syntax-ns#" xmlns:bqmodel="http://biomodels.net/model-qualifiers/" xmlns:bqbiol="http://biomodels.net/biology-qualifiers/">
            <rdf:Description rdf:about="#_466216">
              <bqbiol:isVersionOf>
	<rdf:Bag>
	<rdf:li rdf:resource="http://identifiers.org/kegg.compound/C00562"/>
	</rdf:Bag>
	</bqbiol:isVersionOf>
	
	<bqbiol:hasVersion>
	<rdf:Bag>
	<rdf:li rdf:resource="http://identifiers.org/mod/MOD:00696"/>
	</rdf:Bag>
	</bqbiol:hasVersion>
	</rdf:Description>
	
	</rdf:RDF>
	</annotation>
            </species>
      <species boundaryCondition="true" compartment="env" id="E" metaid="_466219" sboTerm="SBO:0000252">
        <annotation>
	<rdf:RDF xmlns:rdf="http://www.w3.org/1999/02/22-rdf-syntax-ns#" xmlns:bqmodel="http://biomodels.net/model-qualifiers/" xmlns:bqbiol="http://biomodels.net/biology-qualifiers/">
            <rdf:Description rdf:about="#_466219">
	<bqbiol:isVersionOf>
	<rdf:Bag>
	<rdf:li rdf:resource="http://identifiers.org/chebi/CHEBI:36080"/>
	</rdf:Bag>
	</bqbiol:isVersionOf>
	</rdf:Description>
	
	</rdf:RDF>
	</annotation>
            </species>
    </listOfSpecies>
    <listOfParameters>
      <parameter id="k0" metaid="_466243" sboTerm="SBO:0000035" units="per_s" value="1"/>
      <parameter id="k2" metaid="_466244" sboTerm="SBO:0000036" units="per_M_per_s" value="1"/>
      <parameter id="k3" metaid="_466245" sboTerm="SBO:0000186" units="M_per_s" value="0.5"/>
      <parameter id="J3" metaid="_466248" sboTerm="SBO:0000002" units="dimensionless" value="0.01"/>
      <parameter id="k4" metaid="_466251" sboTerm="SBO:0000025" units="per_s" value="1"/>
      <parameter id="J4" metaid="_466254" sboTerm="SBO:0000002" units="dimensionless" value="0.01"/>
      <parameter id="Et" metaid="_466257" sboTerm="SBO:0000196" units="M" value="1"/>
      <parameter constant="false" id="Km3" metaid="_466260" sboTerm="SBO:0000027" units="M"/>
      <parameter constant="false" id="Km4" metaid="_466263" sboTerm="SBO:0000027" units="M"/>
    </listOfParameters>
    <listOfRules>
      <assignmentRule metaid="_466232" variable="Km3">
        <math xmlns="http://www.w3.org/1998/Math/MathML">        
          <apply>
            <times/>
            <ci> J3 </ci>
            <ci> Et </ci>
          </apply>
        </math>
            </assignmentRule>
      <assignmentRule metaid="_466235" variable="Km4">
        <math xmlns="http://www.w3.org/1998/Math/MathML">        
          <apply>
            <times/>
            <ci> J4 </ci>
            <ci> Et </ci>
          </apply>
        </math>
            </assignmentRule>
      <assignmentRule metaid="_466238" variable="Ep">
        <math xmlns="http://www.w3.org/1998/Math/MathML">        
          <apply>
            <minus/>
            <ci> Et </ci>
            <ci> E </ci>
          </apply>
        </math>
            </assignmentRule>
      <assignmentRule metaid="_466241" variable="E">
        <math xmlns="http://www.w3.org/1998/Math/MathML">        
          <apply>
            <times/>
            <ci> Et </ci>
            <apply>
              <ci> goldbeter_koshland </ci>
              <ci> k3 </ci>
              <apply>
                <times/>
                <ci> k4 </ci>
                <ci> R </ci>
              </apply>
              <ci> J3 </ci>
              <ci> J4 </ci>
            </apply>
          </apply>
        </math>
            </assignmentRule>
    </listOfRules>
    <listOfReactions>
      <reaction id="r0" metaid="_466220" reversible="false" sboTerm="SBO:0000176">
        <annotation>
	<rdf:RDF xmlns:rdf="http://www.w3.org/1999/02/22-rdf-syntax-ns#" xmlns:bqmodel="http://biomodels.net/model-qualifiers/" xmlns:bqbiol="http://biomodels.net/biology-qualifiers/">
            <rdf:Description rdf:about="#_466220">
	<bqbiol:isVersionOf>
	<rdf:Bag>
	<rdf:li rdf:resource="http://identifiers.org/go/GO:0009058"/>
	</rdf:Bag>
	</bqbiol:isVersionOf>
	</rdf:Description>
	
	</rdf:RDF>
	</annotation>
              <listOfProducts>
          <speciesReference metaid="_024e533e-e719-4fa9-b98a-7a3f250e4482" species="R"/>
        </listOfProducts>
        <listOfModifiers>
          <modifierSpeciesReference metaid="_0f58e551-3ae6-4274-a879-62d8c6612dc6" sboTerm="SBO:0000461" species="E"/>
        </listOfModifiers>
        <kineticLaw metaid="bf538c71-85b1-4de9-aeb2-ba76e5a755bf" sboTerm="SBO:0000049">
          <math xmlns="http://www.w3.org/1998/Math/MathML">          
            <apply>
              <times/>
              <ci> env </ci>
              <ci> k0 </ci>
              <ci> E </ci>
            </apply>
          </math>
                </kineticLaw>
      </reaction>
      <reaction id="r2" metaid="_466221" reversible="false" sboTerm="SBO:0000179">
        <annotation>
	<rdf:RDF xmlns:rdf="http://www.w3.org/1999/02/22-rdf-syntax-ns#" xmlns:bqmodel="http://biomodels.net/model-qualifiers/" xmlns:bqbiol="http://biomodels.net/biology-qualifiers/">
            <rdf:Description rdf:about="#_466221">
	<bqbiol:isVersionOf>
	<rdf:Bag>
	<rdf:li rdf:resource="http://identifiers.org/go/GO:0009056"/>
	</rdf:Bag>
	</bqbiol:isVersionOf>
	</rdf:Description>
	
	</rdf:RDF>
	</annotation>
              <listOfReactants>
          <speciesReference metaid="_108012dd-11ba-4eb8-b8e4-9597bf2476ca" species="R"/>
        </listOfReactants>
        <listOfModifiers>
          <modifierSpeciesReference metaid="_4ca109bf-58ac-42e3-94c7-cbe8dad04767" sboTerm="SBO:0000461" species="S"/>
        </listOfModifiers>
        <kineticLaw metaid="c171bdcb-e165-4c1b-940a-f055e99eed93" sboTerm="SBO:0000054">
          <math xmlns="http://www.w3.org/1998/Math/MathML">          
            <apply>
              <times/>
              <ci> env </ci>
              <ci> k2 </ci>
              <ci> R </ci>
              <ci> S </ci>
            </apply>
          </math>
                </kineticLaw>
      </reaction>
      <reaction id="r3" metaid="_466224" reversible="false" sboTerm="SBO:0000330">
        <annotation>
	<rdf:RDF xmlns:rdf="http://www.w3.org/1999/02/22-rdf-syntax-ns#" xmlns:bqmodel="http://biomodels.net/model-qualifiers/" xmlns:bqbiol="http://biomodels.net/biology-qualifiers/">
            <rdf:Description rdf:about="#_466224">
	<bqbiol:isVersionOf>
	<rdf:Bag>
	<rdf:li rdf:resource="http://identifiers.org/go/GO:0006470"/>
	</rdf:Bag>
	</bqbiol:isVersionOf>
	</rdf:Description>
	
	</rdf:RDF>
	</annotation>
              <listOfReactants>
          <speciesReference metaid="_2286d738-1a95-4676-8e71-bbde5b3adb09" species="Ep"/>
        </listOfReactants>
        <listOfProducts>
          <speciesReference metaid="e7d81429-959f-47ee-94eb-47ed2c986168" species="E"/>
        </listOfProducts>
        <kineticLaw metaid="_69717de2-7efe-4f71-a406-48b934fbe87b" sboTerm="SBO:0000029">
          <math xmlns="http://www.w3.org/1998/Math/MathML">          
            <apply>
              <divide/>
              <apply>
                <times/>
                <ci> env </ci>
                <ci> k3 </ci>
                <ci> Ep </ci>
              </apply>
              <apply>
                <plus/>
                <ci> Km3 </ci>
                <ci> Ep </ci>
              </apply>
            </apply>
          </math>
                </kineticLaw>
      </reaction>
      <reaction id="r4" metaid="_466227" reversible="false" sboTerm="SBO:0000216">
        <annotation>
	<rdf:RDF xmlns:rdf="http://www.w3.org/1999/02/22-rdf-syntax-ns#" xmlns:bqmodel="http://biomodels.net/model-qualifiers/" xmlns:bqbiol="http://biomodels.net/biology-qualifiers/">
            <rdf:Description rdf:about="#_466227">
	<bqbiol:isVersionOf>
	<rdf:Bag>
	<rdf:li rdf:resource="http://identifiers.org/go/GO:0006468"/>
	</rdf:Bag>
	</bqbiol:isVersionOf>
	</rdf:Description>
	
	</rdf:RDF>
	</annotation>
              <listOfReactants>
          <speciesReference metaid="_08a384e3-bc10-447d-bba6-77c8979320a5" species="E"/>
        </listOfReactants>
        <listOfProducts>
          <speciesReference metaid="_93eeb224-faac-4b56-9dd6-52e91de8dbce" species="Ep"/>
        </listOfProducts>
        <listOfModifiers>
          <modifierSpeciesReference metaid="_1b8a0dfc-2ed2-4bd6-b6f2-eff149e5bed9" sboTerm="SBO:0000460" species="R"/>
        </listOfModifiers>
        <kineticLaw metaid="_0ec5b1b0-c47f-42ef-b403-654a6a1e18da" sboTerm="SBO:0000029">
          <math xmlns="http://www.w3.org/1998/Math/MathML">          
            <apply>
              <divide/>
              <apply>
                <times/>
                <ci> env </ci>
                <ci> k4 </ci>
                <ci> R </ci>
                <ci> E </ci>
              </apply>
              <apply>
                <plus/>
                <ci> Km4 </ci>
                <ci> E </ci>
              </apply>
            </apply>
          </math>
                </kineticLaw>
      </reaction>
    </listOfReactions>
  </model>
</sbml>