<?xml version='1.0' encoding='UTF-8' standalone='no'?>
<sbml xmlns="http://www.sbml.org/sbml/level2" level="2" metaid="metaid_0000001" version="1">
  <model id="Markevich2004_MAPK_orderedelementary" metaid="metaid_0000002" name="Markevich2004_MAPK_orderedElementary">
    <notes>
      <body xmlns="http://www.w3.org/1999/xhtml">
        <p>The model corresponds to the schemas 1 and 2 of Markevich et al 2004, as described in the figure 1 and the supplementary table S1. Phosphorylations and dephosphorylations follow distributive ordered kinetics. The phosphorylations are modeled with three elementary reactions:      <br/>
          E+S&lt;=>ES->E+P      <br/>
          The dephosphorylations are modeled with five elementary reactions:      <br/>
          E+S&lt;=>ES->EP&lt;=>E+P      </p>
            </body>
      
    </notes>
    <annotation>
      <rdf:RDF xmlns:rdf="http://www.w3.org/1999/02/22-rdf-syntax-ns#" xmlns:bqmodel="http://biomodels.net/model-qualifiers/" xmlns:vCard="http://www.w3.org/2001/vcard-rdf/3.0#" xmlns:dc="http://purl.org/dc/elements/1.1/" xmlns:dcterms="http://purl.org/dc/terms/" xmlns:bqbiol="http://biomodels.net/biology-qualifiers/">
        <rdf:Description rdf:about="#metaid_0000002">
	<dc:creator>
	<rdf:Bag>
	<rdf:li rdf:parseType="Resource">
	<vCard:N rdf:parseType="Resource">
	<vCard:Family>Le Novère</vCard:Family>
	<vCard:Given>Nicolas</vCard:Given>
	</vCard:N>
	<vCard:EMAIL>lenov@ebi.ac.uk</vCard:EMAIL>
	<vCard:ORG rdf:parseType="Resource">
	<vCard:Orgname>EMBL-EBI</vCard:Orgname>
	</vCard:ORG>
	</rdf:li>
	<rdf:li rdf:parseType="Resource">
	<vCard:N rdf:parseType="Resource">
	<vCard:Family>Machne</vCard:Family>
	<vCard:Given>Rainer</vCard:Given>
	</vCard:N>
	<vCard:EMAIL>raim@tbi.univie.ac.at</vCard:EMAIL>
	<vCard:ORG rdf:parseType="Resource">
	<vCard:Orgname>University of Vienna</vCard:Orgname>
	</vCard:ORG>
	</rdf:li>
	</rdf:Bag>
	</dc:creator>
	<dcterms:created rdf:parseType="Resource">
	<dcterms:W3CDTF>2005-05-23T12:47:22Z</dcterms:W3CDTF>
	</dcterms:created>
	<dcterms:modified rdf:parseType="Resource">
	<dcterms:W3CDTF>2012-05-15T21:41:59Z</dcterms:W3CDTF>
	</dcterms:modified>
	<bqmodel:is>
	<rdf:Bag>
	<rdf:li rdf:resource="http://identifiers.org/biomodels.db/MODEL6618379269"/>
	</rdf:Bag>
	</bqmodel:is>
	<bqmodel:is>
	<rdf:Bag>
	<rdf:li rdf:resource="http://identifiers.org/biomodels.db/BIOMD0000000026"/>
	</rdf:Bag>
	</bqmodel:is>
	<bqmodel:isDescribedBy>
	<rdf:Bag>
	<rdf:li rdf:resource="http://identifiers.org/pubmed/14744999"/>
	</rdf:Bag>
	</bqmodel:isDescribedBy>
	<bqbiol:hasTaxon>
	<rdf:Bag>
	<rdf:li rdf:resource="http://identifiers.org/taxonomy/8355"/>
	</rdf:Bag>
	</bqbiol:hasTaxon>
	<bqbiol:isVersionOf>
	<rdf:Bag>
	<rdf:li rdf:resource="http://identifiers.org/go/GO:0000165"/>
	</rdf:Bag>
	</bqbiol:isVersionOf>
	</rdf:Description>
	
      </rdf:RDF>
    </annotation>
      <listOfUnitDefinitions>
      <unitDefinition id="substance" metaid="metaid_0000041" name="nanomole (default)">
        <listOfUnits>
          <unit kind="mole" metaid="_011823" multiplier="1" offset="0" scale="-9"/>
        </listOfUnits>
      </unitDefinition>
    </listOfUnitDefinitions>
    <listOfCompartments>
      <compartment id="uVol" metaid="metaid_0000019" size="1"/>
    </listOfCompartments>
    <listOfSpecies>
      <species compartment="uVol" id="M" initialAmount="500" metaid="metaid_0000020">
        <annotation>
          <rdf:RDF xmlns:rdf="http://www.w3.org/1999/02/22-rdf-syntax-ns#" xmlns:bqmodel="http://biomodels.net/model-qualifiers/" xmlns:bqbiol="http://biomodels.net/biology-qualifiers/">
            <rdf:Description rdf:about="#metaid_0000020">
	<bqbiol:isVersionOf>
	<rdf:Bag>
	<rdf:li rdf:resource="http://identifiers.org/uniprot/P26696"/>
	</rdf:Bag>
	</bqbiol:isVersionOf>
	</rdf:Description>
	
          </rdf:RDF>
        </annotation>
            </species>
      <species compartment="uVol" id="Mp" initialAmount="0" metaid="metaid_0000021">
        <annotation>
          <rdf:RDF xmlns:rdf="http://www.w3.org/1999/02/22-rdf-syntax-ns#" xmlns:bqmodel="http://biomodels.net/model-qualifiers/" xmlns:bqbiol="http://biomodels.net/biology-qualifiers/">
            <rdf:Description rdf:about="#metaid_0000021">
	<bqbiol:isVersionOf>
	<rdf:Bag>
	<rdf:li rdf:resource="http://identifiers.org/uniprot/P26696"/>
	</rdf:Bag>
	</bqbiol:isVersionOf>
	</rdf:Description>
	
          </rdf:RDF>
        </annotation>
            </species>
      <species compartment="uVol" id="Mpp" initialAmount="0" metaid="metaid_0000022">
        <annotation>
          <rdf:RDF xmlns:rdf="http://www.w3.org/1999/02/22-rdf-syntax-ns#" xmlns:bqmodel="http://biomodels.net/model-qualifiers/" xmlns:bqbiol="http://biomodels.net/biology-qualifiers/">
            <rdf:Description rdf:about="#metaid_0000022">
	<bqbiol:isVersionOf>
	<rdf:Bag>
	<rdf:li rdf:resource="http://identifiers.org/uniprot/P26696"/>
	</rdf:Bag>
	</bqbiol:isVersionOf>
	</rdf:Description>
	
          </rdf:RDF>
        </annotation>
            </species>
      <species compartment="uVol" id="MAPKK" initialAmount="50" metaid="metaid_0000023">
        <annotation>
          <rdf:RDF xmlns:rdf="http://www.w3.org/1999/02/22-rdf-syntax-ns#" xmlns:bqmodel="http://biomodels.net/model-qualifiers/" xmlns:bqbiol="http://biomodels.net/biology-qualifiers/">
            <rdf:Description rdf:about="#metaid_0000023">
	<bqbiol:is>
	<rdf:Bag>
	<rdf:li rdf:resource="http://identifiers.org/uniprot/Q05116"/>
	</rdf:Bag>
	</bqbiol:is>
	</rdf:Description>
	
          </rdf:RDF>
        </annotation>
            </species>
      <species compartment="uVol" id="MKP3" initialAmount="100" metaid="metaid_0000024" name="MKP">
        <annotation>
          <rdf:RDF xmlns:rdf="http://www.w3.org/1999/02/22-rdf-syntax-ns#" xmlns:bqmodel="http://biomodels.net/model-qualifiers/" xmlns:bqbiol="http://biomodels.net/biology-qualifiers/">
            <rdf:Description rdf:about="#metaid_0000024">
	<bqbiol:is>
	<rdf:Bag>
	<rdf:li rdf:resource="http://identifiers.org/uniprot/Q90W58"/>
	</rdf:Bag>
	</bqbiol:is>
	</rdf:Description>
	
          </rdf:RDF>
        </annotation>
            </species>
      <species compartment="uVol" id="M_MAPKK" initialAmount="0" metaid="metaid_0000025">
        <annotation>
          <rdf:RDF xmlns:rdf="http://www.w3.org/1999/02/22-rdf-syntax-ns#" xmlns:bqmodel="http://biomodels.net/model-qualifiers/" xmlns:bqbiol="http://biomodels.net/biology-qualifiers/">
            <rdf:Description rdf:about="#metaid_0000025">
	<bqbiol:hasPart>
	<rdf:Bag>
	<rdf:li rdf:resource="http://identifiers.org/uniprot/P26696"/>
	<rdf:li rdf:resource="http://identifiers.org/uniprot/Q05116"/>
	</rdf:Bag>
	</bqbiol:hasPart>
	</rdf:Description>
	
          </rdf:RDF>
        </annotation>
            </species>
      <species compartment="uVol" id="Mp_MAPKK" initialAmount="0" metaid="metaid_0000026">
        <annotation>
          <rdf:RDF xmlns:rdf="http://www.w3.org/1999/02/22-rdf-syntax-ns#" xmlns:bqmodel="http://biomodels.net/model-qualifiers/" xmlns:bqbiol="http://biomodels.net/biology-qualifiers/">
            <rdf:Description rdf:about="#metaid_0000026">
	<bqbiol:hasPart>
	<rdf:Bag>
	<rdf:li rdf:resource="http://identifiers.org/uniprot/Q05116"/>
	<rdf:li rdf:resource="http://identifiers.org/uniprot/P26696"/>
	</rdf:Bag>
	</bqbiol:hasPart>
	</rdf:Description>
	
          </rdf:RDF>
        </annotation>
            </species>
      <species compartment="uVol" id="Mpp_MKP3" initialAmount="0" metaid="metaid_0000027" name="Mpp_MKP">
        <annotation>
          <rdf:RDF xmlns:rdf="http://www.w3.org/1999/02/22-rdf-syntax-ns#" xmlns:bqmodel="http://biomodels.net/model-qualifiers/" xmlns:bqbiol="http://biomodels.net/biology-qualifiers/">
            <rdf:Description rdf:about="#metaid_0000027">
	<bqbiol:hasPart>
	<rdf:Bag>
	<rdf:li rdf:resource="http://identifiers.org/uniprot/Q90W58"/>
	<rdf:li rdf:resource="http://identifiers.org/uniprot/P26696"/>
	</rdf:Bag>
	</bqbiol:hasPart>
	</rdf:Description>
	
          </rdf:RDF>
        </annotation>
            </species>
      <species compartment="uVol" id="Mp_MKP3_dep" initialAmount="0" metaid="metaid_0000028" name="Mp_MKP">
        <annotation>
          <rdf:RDF xmlns:rdf="http://www.w3.org/1999/02/22-rdf-syntax-ns#" xmlns:bqmodel="http://biomodels.net/model-qualifiers/" xmlns:bqbiol="http://biomodels.net/biology-qualifiers/">
            <rdf:Description rdf:about="#metaid_0000028">
	<bqbiol:hasPart>
	<rdf:Bag>
	<rdf:li rdf:resource="http://identifiers.org/uniprot/Q90W58"/>
	<rdf:li rdf:resource="http://identifiers.org/uniprot/P26696"/>
	</rdf:Bag>
	</bqbiol:hasPart>
	</rdf:Description>
	
          </rdf:RDF>
        </annotation>
            </species>
      <species compartment="uVol" id="Mp_MKP3" initialAmount="0" metaid="metaid_0000029" name="Mp_MKP*">
        <annotation>
          <rdf:RDF xmlns:rdf="http://www.w3.org/1999/02/22-rdf-syntax-ns#" xmlns:bqmodel="http://biomodels.net/model-qualifiers/" xmlns:bqbiol="http://biomodels.net/biology-qualifiers/">
            <rdf:Description rdf:about="#metaid_0000029">
	<bqbiol:hasPart>
	<rdf:Bag>
	<rdf:li rdf:resource="http://identifiers.org/uniprot/Q90W58"/>
	<rdf:li rdf:resource="http://identifiers.org/uniprot/P26696"/>
	</rdf:Bag>
	</bqbiol:hasPart>
	</rdf:Description>
	
          </rdf:RDF>
        </annotation>
            </species>
      <species compartment="uVol" id="M_MKP3" initialAmount="0" metaid="metaid_0000030" name="M_MKP">
        <annotation>
          <rdf:RDF xmlns:rdf="http://www.w3.org/1999/02/22-rdf-syntax-ns#" xmlns:bqmodel="http://biomodels.net/model-qualifiers/" xmlns:bqbiol="http://biomodels.net/biology-qualifiers/">
            <rdf:Description rdf:about="#metaid_0000030">
	<bqbiol:hasPart>
	<rdf:Bag>
	<rdf:li rdf:resource="http://identifiers.org/uniprot/Q90W58"/>
	<rdf:li rdf:resource="http://identifiers.org/uniprot/P26696"/>
	</rdf:Bag>
	</bqbiol:hasPart>
	</rdf:Description>
	
          </rdf:RDF>
        </annotation>
            </species>
    </listOfSpecies>
    <listOfParameters>
      <parameter id="k1" metaid="metaid_0000003" value="0.02"/>
      <parameter id="k_1" metaid="metaid_0000004" value="1"/>
      <parameter id="k2" metaid="metaid_0000005" value="0.01"/>
      <parameter id="k3" metaid="metaid_0000006" value="0.032"/>
      <parameter id="k_3" metaid="metaid_0000007" value="1"/>
      <parameter id="k4" metaid="metaid_0000008" value="15"/>
      <parameter id="h1" metaid="metaid_0000009" value="0.045"/>
      <parameter id="h_1" metaid="metaid_0000010" value="1"/>
      <parameter id="h2" metaid="metaid_0000011" value="0.092"/>
      <parameter id="h3" metaid="metaid_0000012" value="1"/>
      <parameter id="h_3" metaid="metaid_0000013" value="0.01"/>
      <parameter id="h4" metaid="metaid_0000014" value="0.01"/>
      <parameter id="h_4" metaid="metaid_0000015" value="1"/>
      <parameter id="h5" metaid="metaid_0000016" value="0.5"/>
      <parameter id="h6" metaid="metaid_0000017" value="0.086"/>
      <parameter id="h_6" metaid="metaid_0000018" value="0.0011"/>
    </listOfParameters>
    <listOfReactions>
      <reaction id="v1a" metaid="metaid_0000031" name="binding MAPK and PP-MAPKK">
        <annotation>
          <rdf:RDF xmlns:rdf="http://www.w3.org/1999/02/22-rdf-syntax-ns#" xmlns:bqmodel="http://biomodels.net/model-qualifiers/" xmlns:bqbiol="http://biomodels.net/biology-qualifiers/">
            <rdf:Description rdf:about="#metaid_0000031">
              <bqbiol:isVersionOf>
	<rdf:Bag>
	<rdf:li rdf:resource="http://identifiers.org/go/GO:0031434"/>
	<rdf:li rdf:resource="http://identifiers.org/go/GO:0051019"/>
	</rdf:Bag>
	</bqbiol:isVersionOf>
	
	<bqbiol:isHomologTo>
	<rdf:Bag>
	<rdf:li rdf:resource="http://identifiers.org/reactome/REACT_1780"/>
	<rdf:li rdf:resource="http://identifiers.org/reactome/REACT_495"/>
	</rdf:Bag>
	</bqbiol:isHomologTo>
	</rdf:Description>
	
          </rdf:RDF>
        </annotation>
              <listOfReactants>
          <speciesReference metaid="_011835" species="M"/>
          <speciesReference metaid="_011847" species="MAPKK"/>
        </listOfReactants>
        <listOfProducts>
          <speciesReference metaid="_011859" species="M_MAPKK"/>
        </listOfProducts>
        <kineticLaw metaid="_011871">
          <math xmlns="http://www.w3.org/1998/Math/MathML">          
            <apply>
              <times/>
              <ci> uVol </ci>
              <apply>
                <minus/>
                <apply>
                  <times/>
                  <ci> k1 </ci>
                  <ci> M </ci>
                  <ci> MAPKK </ci>
                </apply>
                <apply>
                  <times/>
                  <ci> k_1 </ci>
                  <ci> M_MAPKK </ci>
                </apply>
              </apply>
            </apply>
          </math>
                </kineticLaw>
      </reaction>
      <reaction id="v1b" metaid="metaid_0000032" name="phosphorylation of MAPK" reversible="false">
        <annotation>
          <rdf:RDF xmlns:rdf="http://www.w3.org/1999/02/22-rdf-syntax-ns#" xmlns:bqmodel="http://biomodels.net/model-qualifiers/" xmlns:bqbiol="http://biomodels.net/biology-qualifiers/">
            <rdf:Description rdf:about="#metaid_0000032">
              <bqbiol:isVersionOf>
	<rdf:Bag>
	<rdf:li rdf:resource="http://identifiers.org/ec-code/2.7.12.2"/>
	<rdf:li rdf:resource="http://identifiers.org/go/GO:0006468"/>
	<rdf:li rdf:resource="http://identifiers.org/go/GO:0004708"/>
	</rdf:Bag>
	</bqbiol:isVersionOf>
	
	<bqbiol:isHomologTo>
	<rdf:Bag>
	<rdf:li rdf:resource="http://identifiers.org/reactome/REACT_136"/>
	<rdf:li rdf:resource="http://identifiers.org/reactome/REACT_2247"/>
	</rdf:Bag>
	</bqbiol:isHomologTo>
	</rdf:Description>
	
          </rdf:RDF>
        </annotation>
              <listOfReactants>
          <speciesReference metaid="_011883" species="M_MAPKK"/>
        </listOfReactants>
        <listOfProducts>
          <speciesReference metaid="_011895" species="Mp"/>
          <speciesReference metaid="_011907" species="MAPKK"/>
        </listOfProducts>
        <kineticLaw metaid="_011919">
          <math xmlns="http://www.w3.org/1998/Math/MathML">          
            <apply>
              <times/>
              <ci> uVol </ci>
              <ci> k2 </ci>
              <ci> M_MAPKK </ci>
            </apply>
          </math>
                </kineticLaw>
      </reaction>
      <reaction id="v2a" metaid="metaid_0000033" name="binding PP-MAPKK and P-MAPK">
        <annotation>
          <rdf:RDF xmlns:rdf="http://www.w3.org/1999/02/22-rdf-syntax-ns#" xmlns:bqmodel="http://biomodels.net/model-qualifiers/" xmlns:bqbiol="http://biomodels.net/biology-qualifiers/">
            <rdf:Description rdf:about="#metaid_0000033">
              <bqbiol:isVersionOf>
	<rdf:Bag>
	<rdf:li rdf:resource="http://identifiers.org/go/GO:0031434"/>
	<rdf:li rdf:resource="http://identifiers.org/go/GO:0051019"/>
	</rdf:Bag>
	</bqbiol:isVersionOf>
	
	<bqbiol:isHomologTo>
	<rdf:Bag>
	<rdf:li rdf:resource="http://identifiers.org/reactome/REACT_1780"/>
	<rdf:li rdf:resource="http://identifiers.org/reactome/REACT_495"/>
	</rdf:Bag>
	</bqbiol:isHomologTo>
	</rdf:Description>
	
          </rdf:RDF>
        </annotation>
              <listOfReactants>
          <speciesReference metaid="_011931" species="Mp"/>
          <speciesReference metaid="_011943" species="MAPKK"/>
        </listOfReactants>
        <listOfProducts>
          <speciesReference metaid="_011955" species="Mp_MAPKK"/>
        </listOfProducts>
        <kineticLaw metaid="_011967">
          <math xmlns="http://www.w3.org/1998/Math/MathML">          
            <apply>
              <times/>
              <ci> uVol </ci>
              <apply>
                <minus/>
                <apply>
                  <times/>
                  <ci> k3 </ci>
                  <ci> Mp </ci>
                  <ci> MAPKK </ci>
                </apply>
                <apply>
                  <times/>
                  <ci> k_3 </ci>
                  <ci> Mp_MAPKK </ci>
                </apply>
              </apply>
            </apply>
          </math>
                </kineticLaw>
      </reaction>
      <reaction id="v2b" metaid="metaid_0000034" name="phosphorylation of P-MAPK" reversible="false">
        <annotation>
          <rdf:RDF xmlns:rdf="http://www.w3.org/1999/02/22-rdf-syntax-ns#" xmlns:bqmodel="http://biomodels.net/model-qualifiers/" xmlns:bqbiol="http://biomodels.net/biology-qualifiers/">
            <rdf:Description rdf:about="#metaid_0000034">
              <bqbiol:isVersionOf>
	<rdf:Bag>
	<rdf:li rdf:resource="http://identifiers.org/ec-code/2.7.12.2"/>
	<rdf:li rdf:resource="http://identifiers.org/go/GO:0000187"/>
	<rdf:li rdf:resource="http://identifiers.org/go/GO:0006468"/>
	<rdf:li rdf:resource="http://identifiers.org/go/GO:0004708"/>
	</rdf:Bag>
	</bqbiol:isVersionOf>
	
	<bqbiol:isHomologTo>
	<rdf:Bag>
	<rdf:li rdf:resource="http://identifiers.org/reactome/REACT_136"/>
	<rdf:li rdf:resource="http://identifiers.org/reactome/REACT_2247"/>
	</rdf:Bag>
	</bqbiol:isHomologTo>
	</rdf:Description>
	
          </rdf:RDF>
        </annotation>
              <listOfReactants>
          <speciesReference metaid="_011980" species="Mp_MAPKK"/>
        </listOfReactants>
        <listOfProducts>
          <speciesReference metaid="_011992" species="Mpp"/>
          <speciesReference metaid="_012004" species="MAPKK"/>
        </listOfProducts>
        <kineticLaw metaid="_012016">
          <math xmlns="http://www.w3.org/1998/Math/MathML">          
            <apply>
              <times/>
              <ci> uVol </ci>
              <ci> k4 </ci>
              <ci> Mp_MAPKK </ci>
            </apply>
          </math>
                </kineticLaw>
      </reaction>
      <reaction id="v3a" metaid="metaid_0000035" name="binding MKP and PP-MAPK">
        <annotation>
          <rdf:RDF xmlns:rdf="http://www.w3.org/1999/02/22-rdf-syntax-ns#" xmlns:bqmodel="http://biomodels.net/model-qualifiers/" xmlns:bqbiol="http://biomodels.net/biology-qualifiers/">
            <rdf:Description rdf:about="#metaid_0000035">
	<bqbiol:isVersionOf>
	<rdf:Bag>
	<rdf:li rdf:resource="http://identifiers.org/go/GO:0031434"/>
	<rdf:li rdf:resource="http://identifiers.org/go/GO:0051019"/>
	</rdf:Bag>
	</bqbiol:isVersionOf>
	</rdf:Description>
	
          </rdf:RDF>
        </annotation>
              <listOfReactants>
          <speciesReference metaid="_012029" species="Mpp"/>
          <speciesReference metaid="_012041" species="MKP3"/>
        </listOfReactants>
        <listOfProducts>
          <speciesReference metaid="_012053" species="Mpp_MKP3"/>
        </listOfProducts>
        <kineticLaw metaid="_012065">
          <math xmlns="http://www.w3.org/1998/Math/MathML">          
            <apply>
              <times/>
              <ci> uVol </ci>
              <apply>
                <minus/>
                <apply>
                  <times/>
                  <ci> h1 </ci>
                  <ci> Mpp </ci>
                  <ci> MKP3 </ci>
                </apply>
                <apply>
                  <times/>
                  <ci> h_1 </ci>
                  <ci> Mpp_MKP3 </ci>
                </apply>
              </apply>
            </apply>
          </math>
                </kineticLaw>
      </reaction>
      <reaction id="v3b" metaid="metaid_0000036" name="dephosphorylation of PP-MAPK" reversible="false">
        <annotation>
          <rdf:RDF xmlns:rdf="http://www.w3.org/1999/02/22-rdf-syntax-ns#" xmlns:bqmodel="http://biomodels.net/model-qualifiers/" xmlns:bqbiol="http://biomodels.net/biology-qualifiers/">
            <rdf:Description rdf:about="#metaid_0000036">
	<bqbiol:isVersionOf>
	<rdf:Bag>
	<rdf:li rdf:resource="http://identifiers.org/ec-code/3.1.3.16"/>
	<rdf:li rdf:resource="http://identifiers.org/go/GO:0000188"/>
	<rdf:li rdf:resource="http://identifiers.org/go/GO:0006470"/>
	</rdf:Bag>
	</bqbiol:isVersionOf>
	</rdf:Description>
	
          </rdf:RDF>
        </annotation>
              <listOfReactants>
          <speciesReference metaid="_012077" species="Mpp_MKP3"/>
        </listOfReactants>
        <listOfProducts>
          <speciesReference metaid="_012089" species="Mp_MKP3_dep"/>
        </listOfProducts>
        <kineticLaw metaid="_012101">
          <math xmlns="http://www.w3.org/1998/Math/MathML">          
            <apply>
              <times/>
              <ci> uVol </ci>
              <ci> h2 </ci>
              <ci> Mpp_MKP3 </ci>
            </apply>
          </math>
                </kineticLaw>
      </reaction>
      <reaction id="v3c" metaid="metaid_0000037" name="dissociation of MKP from P-MAPK">
        <annotation>
          <rdf:RDF xmlns:rdf="http://www.w3.org/1999/02/22-rdf-syntax-ns#" xmlns:bqmodel="http://biomodels.net/model-qualifiers/" xmlns:bqbiol="http://biomodels.net/biology-qualifiers/">
            <rdf:Description rdf:about="#metaid_0000037">
	<bqbiol:isVersionOf>
	<rdf:Bag>
	<rdf:li rdf:resource="http://identifiers.org/go/GO:0043241"/>
	</rdf:Bag>
	</bqbiol:isVersionOf>
	</rdf:Description>
	
          </rdf:RDF>
        </annotation>
              <listOfReactants>
          <speciesReference metaid="_012113" species="Mp_MKP3_dep"/>
        </listOfReactants>
        <listOfProducts>
          <speciesReference metaid="_012125" species="Mp"/>
          <speciesReference metaid="_012137" species="MKP3"/>
        </listOfProducts>
        <kineticLaw metaid="_012149">
          <math xmlns="http://www.w3.org/1998/Math/MathML">          
            <apply>
              <minus/>
              <apply>
                <times/>
                <ci> h3 </ci>
                <ci> Mp_MKP3_dep </ci>
              </apply>
              <apply>
                <times/>
                <ci> h_3 </ci>
                <ci> Mp </ci>
                <ci> MKP3 </ci>
              </apply>
            </apply>
          </math>
                </kineticLaw>
      </reaction>
      <reaction id="v4a" metaid="metaid_0000038" name="binding MKP and P-MAPK">
        <annotation>
          <rdf:RDF xmlns:rdf="http://www.w3.org/1999/02/22-rdf-syntax-ns#" xmlns:bqmodel="http://biomodels.net/model-qualifiers/" xmlns:bqbiol="http://biomodels.net/biology-qualifiers/">
            <rdf:Description rdf:about="#metaid_0000038">
	<bqbiol:isVersionOf>
	<rdf:Bag>
	<rdf:li rdf:resource="http://identifiers.org/go/GO:0051019"/>
	</rdf:Bag>
	</bqbiol:isVersionOf>
	</rdf:Description>
	
          </rdf:RDF>
        </annotation>
              <listOfReactants>
          <speciesReference metaid="_012161" species="Mp"/>
          <speciesReference metaid="_012173" species="MKP3"/>
        </listOfReactants>
        <listOfProducts>
          <speciesReference metaid="_012185" species="Mp_MKP3"/>
        </listOfProducts>
        <kineticLaw metaid="_012197">
          <math xmlns="http://www.w3.org/1998/Math/MathML">          
            <apply>
              <times/>
              <ci> uVol </ci>
              <apply>
                <minus/>
                <apply>
                  <times/>
                  <ci> h4 </ci>
                  <ci> Mp </ci>
                  <ci> MKP3 </ci>
                </apply>
                <apply>
                  <times/>
                  <ci> h_4 </ci>
                  <ci> Mp_MKP3 </ci>
                </apply>
              </apply>
            </apply>
          </math>
                </kineticLaw>
      </reaction>
      <reaction id="v4b" metaid="metaid_0000039" name="dephosphorylation of P-MAPK" reversible="false">
        <annotation>
          <rdf:RDF xmlns:rdf="http://www.w3.org/1999/02/22-rdf-syntax-ns#" xmlns:bqmodel="http://biomodels.net/model-qualifiers/" xmlns:bqbiol="http://biomodels.net/biology-qualifiers/">
            <rdf:Description rdf:about="#metaid_0000039">
	<bqbiol:isVersionOf>
	<rdf:Bag>
	<rdf:li rdf:resource="http://identifiers.org/ec-code/3.1.3.16"/>
	</rdf:Bag>
	</bqbiol:isVersionOf>
	</rdf:Description>
	
          </rdf:RDF>
        </annotation>
              <listOfReactants>
          <speciesReference metaid="_012209" species="Mp_MKP3"/>
        </listOfReactants>
        <listOfProducts>
          <speciesReference metaid="_012221" species="M_MKP3"/>
        </listOfProducts>
        <kineticLaw metaid="_012233">
          <math xmlns="http://www.w3.org/1998/Math/MathML">          
            <apply>
              <times/>
              <ci> uVol </ci>
              <ci> h5 </ci>
              <ci> Mp_MKP3 </ci>
            </apply>
          </math>
                </kineticLaw>
      </reaction>
      <reaction id="v4c" metaid="metaid_0000040" name="dissociation of MKP from MAPK">
        <annotation>
          <rdf:RDF xmlns:rdf="http://www.w3.org/1999/02/22-rdf-syntax-ns#" xmlns:bqmodel="http://biomodels.net/model-qualifiers/" xmlns:bqbiol="http://biomodels.net/biology-qualifiers/">
            <rdf:Description rdf:about="#metaid_0000040">
	<bqbiol:isVersionOf>
	<rdf:Bag>
	<rdf:li rdf:resource="http://identifiers.org/go/GO:0043241"/>
	</rdf:Bag>
	</bqbiol:isVersionOf>
	</rdf:Description>
	
          </rdf:RDF>
        </annotation>
              <listOfReactants>
          <speciesReference metaid="_012245" species="M_MKP3"/>
        </listOfReactants>
        <listOfProducts>
          <speciesReference metaid="_012257" species="M"/>
          <speciesReference metaid="_012269" species="MKP3"/>
        </listOfProducts>
        <kineticLaw metaid="_012281">
          <math xmlns="http://www.w3.org/1998/Math/MathML">          
            <apply>
              <times/>
              <ci> uVol </ci>
              <apply>
                <minus/>
                <apply>
                  <times/>
                  <ci> h6 </ci>
                  <ci> M_MKP3 </ci>
                </apply>
                <apply>
                  <times/>
                  <ci> h_6 </ci>
                  <ci> M </ci>
                  <ci> MKP3 </ci>
                </apply>
              </apply>
            </apply>
          </math>
                </kineticLaw>
      </reaction>
    </listOfReactions>
  </model>
</sbml>