<?xml version="1.0" encoding="UTF-8"?>
<sbml xmlns="http://www.sbml.org/sbml/level2/version4" metaid="_6679d592-60e9-4807-ac9c-fadb1ffa7335" level="2" version="4">
  <model metaid="c710b49c-786d-4a92-838b-c3b82db29bd2" id="MODEL1401200001" name="Barrack2014 - Calcium/cell cycle coupling - Rs dependent ATP release">
    <notes>
      <body xmlns="http://www.w3.org/1999/xhtml">
        <div class="dc:title">Barrack2014 - Calcium/cell cycle coupling - Rs dependent ATP release</div>
        <div class="dc:description">
          <p>This model is designed based on the hypothesis that cytoplasmic calcium accelerates entry into S phase of the cell cycle and/or acts to recruit otherwise quiescents cells onto the cell cycle. The model describes the ATP mediated calcium-cell cycle coupling via Rs (retinoblastoma tumour suppressor protein bound to the E2F transcription factor) in a single radial glial cell.</p>
        </div>
        <div class="dc:bibliographicCitation">
          <p>This model is described in the article:</p>
          <div class="bibo:title">
            <a href="http://identifiers.org/pubmed/24434742" title="Access to this publication">Modelling the coupling between intracellular calcium release and the cell cycle during cortical brain development.</a>
          </div>
          <div class="bibo:authorList">Barrack DS, Thul R, Owen MR.</div>
          <div class="bibo:Journal">J Theor Biol. 2014 Jan 13;347C:17-32.</div>
          <p>Abstract:</p>
          <div class="bibo:abstract">
            <p>Most neocortical neurons formed during embryonic brain development arise from radial glial cells which communicate, in part, via ATP mediated calcium signals. Although the intercellular signalling mechanisms that regulate radial glia proliferation are not well understood, it has recently been demonstrated that ATP dependent intracellular calcium release leads to an increase of nearly 100% in overall cellular proliferation. It has been hypothesised that cytoplasmic calcium accelerates entry into S phase of the cell cycle and/or acts to recruit otherwise quiescent cells onto the cell cycle. In this paper we study this cell cycle acceleration and recruitment by forming a differential equation model for ATP mediated calcium-cell cycle coupling via Cyclin D in a single radial glial cell. Bifurcation analysis and numerical simulations suggest that the cell cycle period depends only weakly on cytoplasmic calcium. Therefore, the accelerative impact of calcium on the cell cycle can only account for a small fraction of the large increase in proliferation observed experimentally. Crucially however, our bifurcation analysis reveals that stable fixed point and stable limit cycle solutions can coexist, and that calcium dependent Cyclin D dynamics extend the oscillatory region to lower Cyclin D synthesis rates, thus rendering cells more susceptible to cycling. This supports the hypothesis that cycling glial cells recruit quiescent cells (in G0 phase) onto the cell cycle, via a calcium signalling mechanism, and that this may be the primary means by which calcium augments proliferation rates at the population scale. Numerical simulations of two coupled cells demonstrate that such a scenario is indeed feasible.</p>
          </div>
        </div>
        <div class="dc:publisher">
          <p>This model is hosted on        <a href="http://www.ebi.ac.uk/biomodels/">BioModels Database</a>
            and identified
by:        <a href="http://identifiers.org/biomodels.db/BIOMD0000000509">BIOMD0000000509</a>
            .        </p>
          <p>To cite BioModels Database, please use:        <a href="http://identifiers.org/pubmed/20587024" title="Latest BioModels Database publication">BioModels Database: An enhanced, curated and annotated resource
for published quantitative kinetic models</a>
            .        </p>
        </div>
        <div class="dc:license">
          <p>To the extent possible under law, all copyright and related or
neighbouring rights to this encoded model have been dedicated to the public
domain worldwide. Please refer to        <a href="http://creativecommons.org/publicdomain/zero/1.0/" title="Access to: CC0 1.0 Universal (CC0 1.0), Public Domain Dedication">CC0 Public Domain
Dedication</a>
            for more information.        </p>
        </div>
      </body>
    </notes>
    <annotation>
      <rdf:RDF xmlns:rdf="http://www.w3.org/1999/02/22-rdf-syntax-ns#" xmlns:bqmodel="http://biomodels.net/model-qualifiers/" xmlns:vCard="http://www.w3.org/2001/vcard-rdf/3.0#" xmlns:dc="http://purl.org/dc/elements/1.1/" xmlns:dcterms="http://purl.org/dc/terms/" xmlns:bqbiol="http://biomodels.net/biology-qualifiers/">
        <rdf:Description rdf:about="#c710b49c-786d-4a92-838b-c3b82db29bd2">
          <dc:creator>
            <rdf:Bag>
              <rdf:li rdf:parseType="Resource">
                <vCard:N rdf:parseType="Resource">
                  <vCard:Family>Chelliah</vCard:Family>
                  <vCard:Given>Vijayalakshmi</vCard:Given>
                </vCard:N>
                <vCard:EMAIL>viji@ebi.ac.uk</vCard:EMAIL>
                <vCard:ORG rdf:parseType="Resource">
                  <vCard:Orgname>EMBL-EBI</vCard:Orgname>
                </vCard:ORG>
              </rdf:li>
              <rdf:li rdf:parseType="Resource">
                <vCard:N rdf:parseType="Resource">
                  <vCard:Family>Barrack</vCard:Family>
                  <vCard:Given>Duncan</vCard:Given>
                </vCard:N>
                <vCard:EMAIL>duncan.barrack@nottingham.ac.uk</vCard:EMAIL>
                <vCard:ORG rdf:parseType="Resource">
                  <vCard:Orgname>University of Nottingham</vCard:Orgname>
                </vCard:ORG>
              </rdf:li>
            </rdf:Bag>
          </dc:creator>
          <dcterms:created rdf:parseType="Resource">
            <dcterms:W3CDTF>2014-01-30T15:57:38Z</dcterms:W3CDTF>
          </dcterms:created>
          <dcterms:modified rdf:parseType="Resource">
            <dcterms:W3CDTF>2014-02-28T16:35:41Z</dcterms:W3CDTF>
          </dcterms:modified>
          <bqmodel:is>
            <rdf:Bag>
              <rdf:li rdf:resource="http://identifiers.org/biomodels.db/MODEL1401200001"/>
            </rdf:Bag>
          </bqmodel:is>
          <bqmodel:is>
            <rdf:Bag>
              <rdf:li rdf:resource="http://identifiers.org/biomodels.db/BIOMD0000000509"/>
            </rdf:Bag>
          </bqmodel:is>
          <bqmodel:isDescribedBy>
            <rdf:Bag>
              <rdf:li rdf:resource="http://identifiers.org/pubmed/24434742"/>
            </rdf:Bag>
          </bqmodel:isDescribedBy>
          <bqmodel:isDerivedFrom>
            <rdf:Bag>
              <rdf:li rdf:resource="http://identifiers.org/biomodels.db/BIOMD0000000168"/>
              <rdf:li rdf:resource="http://identifiers.org/pubmed/16055527"/>
            </rdf:Bag>
          </bqmodel:isDerivedFrom>
          <bqbiol:hasProperty>
            <rdf:Bag>
              <rdf:li rdf:resource="http://identifiers.org/mamo/MAMO_0000046"/>
            </rdf:Bag>
          </bqbiol:hasProperty>
          <bqbiol:isPartOf>
            <rdf:Bag>
              <rdf:li rdf:resource="http://identifiers.org/go/GO:0007049"/>
              <rdf:li rdf:resource="http://identifiers.org/go/GO:0005388"/>
            </rdf:Bag>
          </bqbiol:isPartOf>
          <bqbiol:hasTaxon>
            <rdf:Bag>
              <rdf:li rdf:resource="http://identifiers.org/taxonomy/40674"/>
            </rdf:Bag>
          </bqbiol:hasTaxon>
        </rdf:Description>
      </rdf:RDF>
    </annotation>
    <listOfCompartments>
      <compartment metaid="_37951c2d-4bb4-4659-8867-fef5a3966ce0" id="cell" size="1"/>
    </listOfCompartments>
    <listOfSpecies>
      <species metaid="_2969dd58-0286-4582-996a-599600dbbc9f" id="d" compartment="cell" initialConcentration="0">
        <annotation>
          <rdf:RDF xmlns:rdf="http://www.w3.org/1999/02/22-rdf-syntax-ns#" xmlns:bqmodel="http://biomodels.net/model-qualifiers/" xmlns:bqbiol="http://biomodels.net/biology-qualifiers/">
            <rdf:Description rdf:about="#_2969dd58-0286-4582-996a-599600dbbc9f">
              <bqbiol:hasPart>
                <rdf:Bag>
                  <rdf:li rdf:resource="http://identifiers.org/uniprot/P11802"/>
                  <rdf:li rdf:resource="http://identifiers.org/uniprot/P24385"/>
                </rdf:Bag>
              </bqbiol:hasPart>
            </rdf:Description>
          </rdf:RDF>
        </annotation>
      </species>
      <species metaid="_402bdf6d-8f0c-42a0-ac0d-574f777e8d26" id="ad" compartment="cell" initialConcentration="0"/>
      <species metaid="b0a88dc6-566e-44ba-8d05-f699e14c8b21" id="e" compartment="cell" initialConcentration="1">
        <annotation>
          <rdf:RDF xmlns:rdf="http://www.w3.org/1999/02/22-rdf-syntax-ns#" xmlns:bqmodel="http://biomodels.net/model-qualifiers/" xmlns:bqbiol="http://biomodels.net/biology-qualifiers/">
            <rdf:Description rdf:about="#b0a88dc6-566e-44ba-8d05-f699e14c8b21">
              <bqbiol:hasPart>
                <rdf:Bag>
                  <rdf:li rdf:resource="http://identifiers.org/uniprot/P24864"/>
                  <rdf:li rdf:resource="http://identifiers.org/uniprot/P24941"/>
                </rdf:Bag>
              </bqbiol:hasPart>
            </rdf:Description>
          </rdf:RDF>
        </annotation>
      </species>
      <species metaid="aa66e75f-1791-4cd6-8360-3aeacd600fcd" id="r" compartment="cell" initialConcentration="0">
        <annotation>
          <rdf:RDF xmlns:rdf="http://www.w3.org/1999/02/22-rdf-syntax-ns#" xmlns:bqmodel="http://biomodels.net/model-qualifiers/" xmlns:bqbiol="http://biomodels.net/biology-qualifiers/">
            <rdf:Description rdf:about="#aa66e75f-1791-4cd6-8360-3aeacd600fcd">
              <bqbiol:isVersionOf>
                <rdf:Bag>
                  <rdf:li rdf:resource="http://identifiers.org/uniprot/Q08999"/>
                </rdf:Bag>
              </bqbiol:isVersionOf>
            </rdf:Description>
          </rdf:RDF>
        </annotation>
      </species>
      <species metaid="_52c5da2e-222d-4c47-ae2d-3a650bef8dcf" id="rs" compartment="cell" initialConcentration="1.1">
        <annotation>
          <rdf:RDF xmlns:rdf="http://www.w3.org/1999/02/22-rdf-syntax-ns#" xmlns:bqmodel="http://biomodels.net/model-qualifiers/" xmlns:bqbiol="http://biomodels.net/biology-qualifiers/">
            <rdf:Description rdf:about="#_52c5da2e-222d-4c47-ae2d-3a650bef8dcf">
              <bqbiol:hasPart>
                <rdf:Bag>
                  <rdf:li rdf:resource="http://identifiers.org/uniprot/Q08999"/>
                  <rdf:li rdf:resource="http://identifiers.org/uniprot/Q01094"/>
                </rdf:Bag>
              </bqbiol:hasPart>
            </rdf:Description>
          </rdf:RDF>
        </annotation>
      </species>
      <species metaid="d1a51337-b043-4437-aeb2-f559da79e8b2" id="x" compartment="cell" initialConcentration="0">
        <annotation>
          <rdf:RDF xmlns:rdf="http://www.w3.org/1999/02/22-rdf-syntax-ns#" xmlns:bqmodel="http://biomodels.net/model-qualifiers/" xmlns:bqbiol="http://biomodels.net/biology-qualifiers/">
            <rdf:Description rdf:about="#d1a51337-b043-4437-aeb2-f559da79e8b2">
              <bqbiol:isVersionOf>
                <rdf:Bag>
                  <rdf:li rdf:resource="http://identifiers.org/chebi/CHEBI:47867"/>
                  <rdf:li rdf:resource="http://identifiers.org/chebi/CHEBI:16541"/>
                </rdf:Bag>
              </bqbiol:isVersionOf>
            </rdf:Description>
          </rdf:RDF>
        </annotation>
      </species>
      <species metaid="_9507d4be-4347-431a-93d1-4955ed5fe5b5" id="ip3" compartment="cell" initialConcentration="0">
        <annotation>
          <rdf:RDF xmlns:rdf="http://www.w3.org/1999/02/22-rdf-syntax-ns#" xmlns:bqmodel="http://biomodels.net/model-qualifiers/" xmlns:bqbiol="http://biomodels.net/biology-qualifiers/">
            <rdf:Description rdf:about="#_9507d4be-4347-431a-93d1-4955ed5fe5b5">
              <bqbiol:isVersionOf>
                <rdf:Bag>
                  <rdf:li rdf:resource="http://identifiers.org/chebi/CHEBI:16595"/>
                </rdf:Bag>
              </bqbiol:isVersionOf>
            </rdf:Description>
          </rdf:RDF>
        </annotation>
      </species>
      <species metaid="_40f53540-41be-432d-9b74-84465b979887" id="kg" compartment="cell" initialConcentration="0"/>
      <species metaid="_961b76f5-a876-4364-85f9-d923537f3075" id="gstar" compartment="cell" initialConcentration="0"/>
      <species metaid="_65ad09cf-d974-4283-b86f-26a9b3118c13" id="ro" compartment="cell" initialConcentration="0"/>
      <species metaid="_7184d5e1-8857-48fd-beff-e9d316a51dfc" id="ip3con" compartment="cell" initialConcentration="0"/>
      <species metaid="_59252418-51cd-4043-b350-93c73e0cac57" id="rscon" compartment="cell" initialConcentration="0"/>
      <species metaid="cc4c5ff7-2c67-4e04-a558-3ff9177b2552" id="atp" compartment="cell" initialConcentration="0">
        <annotation>
          <rdf:RDF xmlns:rdf="http://www.w3.org/1999/02/22-rdf-syntax-ns#" xmlns:bqmodel="http://biomodels.net/model-qualifiers/" xmlns:bqbiol="http://biomodels.net/biology-qualifiers/">
            <rdf:Description rdf:about="#cc4c5ff7-2c67-4e04-a558-3ff9177b2552">
              <bqbiol:isVersionOf>
                <rdf:Bag>
                  <rdf:li rdf:resource="http://identifiers.org/chebi/CHEBI:15422"/>
                </rdf:Bag>
              </bqbiol:isVersionOf>
            </rdf:Description>
          </rdf:RDF>
        </annotation>
      </species>
      <species metaid="_7eda811a-c164-4c04-94c9-0af43785e61d" id="y" compartment="cell" initialConcentration="0">
        <annotation>
          <rdf:RDF xmlns:rdf="http://www.w3.org/1999/02/22-rdf-syntax-ns#" xmlns:bqmodel="http://biomodels.net/model-qualifiers/" xmlns:bqbiol="http://biomodels.net/biology-qualifiers/">
            <rdf:Description rdf:about="#_7eda811a-c164-4c04-94c9-0af43785e61d">
              <bqbiol:isVersionOf>
                <rdf:Bag>
                  <rdf:li rdf:resource="http://identifiers.org/chebi/CHEBI:15422"/>
                </rdf:Bag>
              </bqbiol:isVersionOf>
            </rdf:Description>
          </rdf:RDF>
        </annotation>
      </species>
      <species metaid="_538843e4-d994-4d14-ab72-08e0caa880ae" id="delta" compartment="cell" initialConcentration="0"/>
      <species metaid="ed24a87b-3153-422c-91fe-7eb5f9fd28ce" id="ca" compartment="cell" initialConcentration="0">
        <annotation>
          <rdf:RDF xmlns:rdf="http://www.w3.org/1999/02/22-rdf-syntax-ns#" xmlns:bqmodel="http://biomodels.net/model-qualifiers/" xmlns:bqbiol="http://biomodels.net/biology-qualifiers/">
            <rdf:Description rdf:about="#ed24a87b-3153-422c-91fe-7eb5f9fd28ce">
              <bqbiol:isVersionOf>
                <rdf:Bag>
                  <rdf:li rdf:resource="http://identifiers.org/chebi/CHEBI:29108"/>
                </rdf:Bag>
              </bqbiol:isVersionOf>
            </rdf:Description>
          </rdf:RDF>
        </annotation>
      </species>
    </listOfSpecies>
    <listOfParameters>
      <parameter metaid="_2b3543a6-3bb3-4635-8b21-2d810dde7cc7" id="addash" value="0.41"/>
      <parameter metaid="_4f768415-3c94-44aa-b6a1-4bdf5a0065f5" id="vatp_s" value="50"/>
      <parameter metaid="f575c53b-2076-45f5-9f78-b653ac91b0bc" id="smoothness" value="0.01"/>
      <parameter metaid="_90a159c5-3522-42cf-a3eb-80262ef95e79" id="vdeg" value="2"/>
      <parameter metaid="_58ef7571-a071-4785-9852-9325b35f5f9d" id="alpha" value="0.083"/>
      <parameter metaid="_30e097bc-92af-40d5-9325-bf72bf5bef45" id="gamma" value="1"/>
      <parameter metaid="_949097b4-5471-47bc-87b5-6454c3b6c0a0" id="ae" value="0.16"/>
      <parameter metaid="_077da324-feb8-47e3-b951-365a0fc0c818" id="ax" value="0.08"/>
      <parameter metaid="_3c7802eb-14f5-415f-8e25-0eccf027921b" id="k" value="0.05"/>
      <parameter metaid="_5b72c217-770d-4490-b301-1265a266b722" id="qd" value="0.6"/>
      <parameter metaid="_0930aba4-4a4c-4b5d-b789-0796525bec9b" id="qe" value="0.6"/>
      <parameter metaid="a54c4097-a743-45bc-828c-d2a08ca991b8" id="qx" value="0.8"/>
      <parameter metaid="d7cee762-b492-4309-a783-5a651f6d1846" id="f" value="0.2"/>
      <parameter metaid="_89bd8848-6a26-49d3-a822-cf5a50660aa6" id="g" value="0.528"/>
      <parameter metaid="_80942567-e22f-4219-989b-3e1cc5354542" id="ps" value="0.6"/>
      <parameter metaid="_6065df01-0c0d-41d1-94fd-41775cd46ba1" id="pd" value="0.48"/>
      <parameter metaid="dfef50a0-1445-49d2-bf31-d16390f963f5" id="pe" value="0.096"/>
      <parameter metaid="_4e2f052c-089c-4ddd-9356-8b8c4ab43a2a" id="px" value="0.48"/>
      <parameter metaid="_935c22d6-135c-4b32-97f9-d0036602fcd2" id="ddd" value="0.4"/>
      <parameter metaid="_38963732-3573-4623-beb2-33d3c98e3472" id="dee" value="0.2"/>
      <parameter metaid="c4820ac1-25ae-4b84-9592-b78747b72e54" id="dxx" value="1.04"/>
      <parameter metaid="cf2e35a0-9a2f-4b35-b2ff-715b3d803413" id="af" value="0.9"/>
      <parameter metaid="_89899c16-b99f-472a-9cf7-e41e76ec45c0" id="rt" value="2.5"/>
      <parameter metaid="_6d0bbe65-58c5-4868-8711-75e819353293" id="yo" value="1.5"/>
      <parameter metaid="_3887ad33-dd39-4210-b403-23825bbac284" id="gf" value="6.3"/>
      <parameter metaid="c94b708b-1bc1-4371-87e6-8f6d76d16ee9" id="kdeg" value="0.0625"/>
      <parameter metaid="_5a93912e-098e-4ff5-b39e-b8a28a26d555" id="kkdeg" value="50"/>
      <parameter metaid="f6fad1a0-11a1-4f3f-8cc9-6fc4d3269c1c" id="ka" value="0.017"/>
      <parameter metaid="e978ae26-5808-40a1-b02b-4482e8a2ea3a" id="kd" value="0.15"/>
      <parameter metaid="_09492781-277b-4d29-9dc9-5a2dbf1332e5" id="rhstar" value="0.6"/>
      <parameter metaid="_79127ecf-1844-4db9-9521-ca27e42c3e7e" id="dip" value="280"/>
      <parameter metaid="ac99b313-8d87-48e6-a7cb-a2f454400956" id="krel" value="10"/>
      <parameter metaid="b805e47d-fbd0-475e-b826-6399299b0844" id="ip3min" value="0.012"/>
      <parameter metaid="_20835953-667c-429b-a5e9-43fb88dfa847" id="datpp" value="300"/>
      <parameter metaid="a4397921-8b16-4bf3-b7a1-fb816596d0bb" id="kr" value="25"/>
      <parameter metaid="_177ba67a-91ad-4cf5-9347-90a74bf037fe" id="scale" value="3600"/>
      <parameter metaid="_28259821-046e-4414-85fe-04fe240aca7a" id="rscrit" value="1"/>
      <parameter metaid="_0434b148-cb1d-4d16-85e4-f0d104fd4cc6" id="ymax" value="500"/>
      <parameter metaid="c996065b-655f-4cec-82a9-37d20bda3071" id="cabasil" value="0.02055236"/>
      <parameter metaid="_686fb910-677a-47a4-bb1b-5e6e4c130146" id="p1" value="0.0159835"/>
      <parameter metaid="_8c0f618d-b58e-4066-bbbf-96494446aa87" id="p2" value="0.514987"/>
      <parameter metaid="_517f77cb-4715-4641-962e-28d5531f5d43" id="p3" value="1.31319"/>
      <parameter metaid="df7ccb05-84ac-438a-bec1-c1a984fee433" id="p4" value="0.332195"/>
      <parameter metaid="ab02c19d-cb04-45cd-8271-0deaf2940fc1" id="p5" value="0.787902"/>
      <parameter metaid="aa24a0f1-c8f3-4c91-a911-2c39b8b6a171" id="m" value="24.1946"/>
      <parameter metaid="_729cd981-d4c7-421a-afc9-1aced801f775" id="n" value="9.79183"/>
      <parameter metaid="_862428d0-5780-4686-8629-b11bf35c1a33" id="dist" value="50"/>
      <parameter metaid="_4644285d-a4a7-4191-a96a-d615e3951760" id="ip30" value="0.013"/>
    </listOfParameters>
    <listOfRules>
      <rateRule metaid="_59b25fbc-5599-4303-83df-ac230d379f89" variable="d">
        <math xmlns="http://www.w3.org/1998/Math/MathML">
          <apply>
            <minus/>
            <apply>
              <times/>
              <ci> ad </ci>
              <apply>
                <divide/>
                <apply>
                  <times/>
                  <ci> k </ci>
                  <ci> gf </ci>
                </apply>
                <apply>
                  <plus/>
                  <cn type="integer"> 1 </cn>
                  <apply>
                    <times/>
                    <ci> k </ci>
                    <ci> gf </ci>
                  </apply>
                </apply>
              </apply>
            </apply>
            <apply>
              <times/>
              <ci> ddd </ci>
              <ci> e </ci>
              <ci> d </ci>
            </apply>
          </apply>
        </math>
      </rateRule>
      <assignmentRule metaid="_21ad39de-a83a-420c-9f8b-2c288dc86c05" variable="ad">
        <math xmlns="http://www.w3.org/1998/Math/MathML">
          <apply>
            <plus/>
            <ci> addash </ci>
            <apply>
              <times/>
              <ci> gamma </ci>
              <apply>
                <minus/>
                <ci> ca </ci>
                <ci> p1 </ci>
              </apply>
            </apply>
          </apply>
        </math>
      </assignmentRule>
      <rateRule metaid="_1faff604-665f-4f6a-949f-4bb661de42ca" variable="e">
        <math xmlns="http://www.w3.org/1998/Math/MathML">
          <apply>
            <minus/>
            <apply>
              <times/>
              <ci> ae </ci>
              <apply>
                <plus/>
                <cn type="integer"> 1 </cn>
                <apply>
                  <times/>
                  <ci> af </ci>
                  <apply>
                    <minus/>
                    <ci> yo </ci>
                    <ci> rs </ci>
                  </apply>
                </apply>
              </apply>
            </apply>
            <apply>
              <times/>
              <ci> dee </ci>
              <ci> x </ci>
              <ci> e </ci>
            </apply>
          </apply>
        </math>
      </rateRule>
      <rateRule metaid="_957d04a6-40f2-4486-a049-474a1a123273" variable="r">
        <math xmlns="http://www.w3.org/1998/Math/MathML">
          <apply>
            <minus/>
            <apply>
              <divide/>
              <apply>
                <times/>
                <ci> px </ci>
                <apply>
                  <minus/>
                  <apply>
                    <minus/>
                    <ci> rt </ci>
                    <ci> rs </ci>
                  </apply>
                  <ci> r </ci>
                </apply>
                <ci> x </ci>
              </apply>
              <apply>
                <plus/>
                <ci> qx </ci>
                <apply>
                  <minus/>
                  <apply>
                    <minus/>
                    <ci> rt </ci>
                    <ci> rs </ci>
                  </apply>
                  <ci> r </ci>
                </apply>
                <ci> x </ci>
              </apply>
            </apply>
            <apply>
              <times/>
              <ci> ps </ci>
              <apply>
                <minus/>
                <ci> yo </ci>
                <ci> rs </ci>
              </apply>
              <ci> r </ci>
            </apply>
          </apply>
        </math>
      </rateRule>
      <rateRule metaid="_22e9f968-3dfb-469c-a218-31d7276a7e38" variable="rs">
        <math xmlns="http://www.w3.org/1998/Math/MathML">
          <apply>
            <minus/>
            <apply>
              <minus/>
              <apply>
                <times/>
                <ci> ps </ci>
                <apply>
                  <minus/>
                  <ci> yo </ci>
                  <ci> rs </ci>
                </apply>
                <ci> r </ci>
              </apply>
              <apply>
                <divide/>
                <apply>
                  <times/>
                  <ci> pd </ci>
                  <ci> rs </ci>
                  <ci> d </ci>
                </apply>
                <apply>
                  <plus/>
                  <ci> qd </ci>
                  <ci> rs </ci>
                  <ci> d </ci>
                </apply>
              </apply>
            </apply>
            <apply>
              <divide/>
              <apply>
                <times/>
                <ci> pe </ci>
                <ci> rs </ci>
                <ci> e </ci>
              </apply>
              <apply>
                <plus/>
                <ci> qe </ci>
                <ci> rs </ci>
                <ci> e </ci>
              </apply>
            </apply>
          </apply>
        </math>
      </rateRule>
      <rateRule metaid="b97de20f-877a-444f-8ce8-a18945687c4f" variable="x">
        <math xmlns="http://www.w3.org/1998/Math/MathML">
          <apply>
            <minus/>
            <apply>
              <plus/>
              <apply>
                <times/>
                <ci> ax </ci>
                <ci> e </ci>
              </apply>
              <apply>
                <times/>
                <ci> f </ci>
                <apply>
                  <minus/>
                  <ci> yo </ci>
                  <ci> rs </ci>
                </apply>
              </apply>
              <apply>
                <times/>
                <ci> g </ci>
                <apply>
                  <power/>
                  <ci> x </ci>
                  <cn type="integer"> 2 </cn>
                </apply>
                <ci> e </ci>
              </apply>
            </apply>
            <apply>
              <times/>
              <ci> dxx </ci>
              <ci> x </ci>
            </apply>
          </apply>
        </math>
      </rateRule>
      <rateRule metaid="_01305a08-5c5c-43b0-8bb8-f604d484e21a" variable="ip3">
        <math xmlns="http://www.w3.org/1998/Math/MathML">
          <apply>
            <times/>
            <ci> scale </ci>
            <apply>
              <minus/>
              <apply>
                <times/>
                <ci> rhstar </ci>
                <ci> gstar </ci>
              </apply>
              <apply>
                <times/>
                <ci> kdeg </ci>
                <ci> ip3 </ci>
              </apply>
            </apply>
          </apply>
        </math>
      </rateRule>
      <assignmentRule metaid="_4b2f2ec6-c8f9-4503-8a9d-918ffcfb5153" variable="kg">
        <math xmlns="http://www.w3.org/1998/Math/MathML">
          <apply>
            <divide/>
            <ci> kd </ci>
            <ci> ka </ci>
          </apply>
        </math>
      </assignmentRule>
      <assignmentRule metaid="dda9f04d-ee8e-417f-9737-3ea706573338" variable="gstar">
        <math xmlns="http://www.w3.org/1998/Math/MathML">
          <apply>
            <divide/>
            <apply>
              <plus/>
              <ci> ro </ci>
              <ci> delta </ci>
            </apply>
            <apply>
              <plus/>
              <ci> kg </ci>
              <ci> delta </ci>
              <ci> ro </ci>
            </apply>
          </apply>
        </math>
      </assignmentRule>
      <assignmentRule metaid="cafac86c-df8c-4960-92f5-5c7a62e87f96" variable="ro">
        <math xmlns="http://www.w3.org/1998/Math/MathML">
          <apply>
            <divide/>
            <ci> atp </ci>
            <apply>
              <plus/>
              <ci> kr </ci>
              <ci> atp </ci>
            </apply>
          </apply>
        </math>
      </assignmentRule>
      <assignmentRule metaid="e84e5417-f1e2-4738-8c24-f161036b5655" variable="ip3con">
        <math xmlns="http://www.w3.org/1998/Math/MathML">
          <apply>
            <divide/>
            <apply>
              <plus/>
              <apply>
                <tanh/>
                <apply>
                  <divide/>
                  <apply>
                    <minus/>
                    <ci> ip3 </ci>
                    <ci> ip3min </ci>
                  </apply>
                  <cn> 0.01 </cn>
                </apply>
              </apply>
              <cn type="integer"> 1 </cn>
            </apply>
            <cn type="integer"> 2 </cn>
          </apply>
        </math>
      </assignmentRule>
      <assignmentRule metaid="ce5d4438-6fb4-46a7-ae7b-3b693256deb5" variable="rscon">
        <math xmlns="http://www.w3.org/1998/Math/MathML">
          <apply>
            <divide/>
            <apply>
              <plus/>
              <apply>
                <tanh/>
                <apply>
                  <divide/>
                  <apply>
                    <minus/>
                    <ci> rscrit </ci>
                    <ci> rs </ci>
                  </apply>
                  <cn> 0.01 </cn>
                </apply>
              </apply>
              <cn type="integer"> 1 </cn>
            </apply>
            <cn type="integer"> 2 </cn>
          </apply>
        </math>
      </assignmentRule>
      <rateRule metaid="_598ef6a6-1fd2-4536-a2ec-f7217fda9da5" variable="atp">
        <math xmlns="http://www.w3.org/1998/Math/MathML">
          <apply>
            <times/>
            <ci> scale </ci>
            <apply>
              <minus/>
              <apply>
                <times/>
                <ci> vatp_s </ci>
                <apply>
                  <minus/>
                  <ci> y </ci>
                  <ci> atp </ci>
                </apply>
                <ci> rscon </ci>
                <ci> ip3con </ci>
                <apply>
                  <divide/>
                  <apply>
                    <minus/>
                    <ci> ip3 </ci>
                    <ci> ip3min </ci>
                  </apply>
                  <apply>
                    <plus/>
                    <ci> krel </ci>
                    <ci> ip3 </ci>
                  </apply>
                </apply>
              </apply>
              <apply>
                <divide/>
                <apply>
                  <times/>
                  <ci> vdeg </ci>
                  <ci> atp </ci>
                </apply>
                <apply>
                  <plus/>
                  <ci> kkdeg </ci>
                  <ci> atp </ci>
                </apply>
              </apply>
            </apply>
          </apply>
        </math>
      </rateRule>
      <rateRule metaid="_681266de-f3c1-497c-a704-49e68b1d1d13" variable="y">
        <math xmlns="http://www.w3.org/1998/Math/MathML">
          <apply>
            <times/>
            <ci> scale </ci>
            <apply>
              <minus/>
              <apply>
                <times/>
                <ci> alpha </ci>
                <apply>
                  <minus/>
                  <ci> ymax </ci>
                  <ci> y </ci>
                </apply>
              </apply>
              <apply>
                <times/>
                <ci> rscon </ci>
                <ci> ip3con </ci>
                <ci> vatp_s </ci>
                <apply>
                  <minus/>
                  <ci> y </ci>
                  <ci> atp </ci>
                </apply>
                <apply>
                  <divide/>
                  <apply>
                    <minus/>
                    <ci> ip3 </ci>
                    <ci> ip3min </ci>
                  </apply>
                  <apply>
                    <plus/>
                    <ci> krel </ci>
                    <ci> ip3 </ci>
                  </apply>
                </apply>
              </apply>
            </apply>
          </apply>
        </math>
      </rateRule>
      <assignmentRule metaid="_562f1d60-8d9b-4dfa-8464-f361f3eba542" variable="delta">
        <math xmlns="http://www.w3.org/1998/Math/MathML">
          <apply>
            <divide/>
            <apply>
              <times/>
              <ci> kg </ci>
              <ci> kdeg </ci>
              <ci> ip30 </ci>
            </apply>
            <apply>
              <minus/>
              <ci> rhstar </ci>
              <apply>
                <times/>
                <ci> kdeg </ci>
                <ci> ip30 </ci>
              </apply>
            </apply>
          </apply>
        </math>
      </assignmentRule>
      <assignmentRule metaid="_75906a0d-3b6c-4e05-90a7-d78fa0eed9b4" variable="ca">
        <math xmlns="http://www.w3.org/1998/Math/MathML">
          <apply>
            <plus/>
            <ci> p1 </ci>
            <apply>
              <divide/>
              <apply>
                <times/>
                <ci> p2 </ci>
                <apply>
                  <power/>
                  <ci> ip3 </ci>
                  <ci> m </ci>
                </apply>
              </apply>
              <apply>
                <plus/>
                <apply>
                  <power/>
                  <ci> p3 </ci>
                  <ci> m </ci>
                </apply>
                <apply>
                  <power/>
                  <ci> ip3 </ci>
                  <ci> m </ci>
                </apply>
              </apply>
            </apply>
            <apply>
              <divide/>
              <apply>
                <times/>
                <ci> p4 </ci>
                <apply>
                  <power/>
                  <ci> ip3 </ci>
                  <ci> n </ci>
                </apply>
              </apply>
              <apply>
                <plus/>
                <apply>
                  <power/>
                  <ci> p5 </ci>
                  <ci> n </ci>
                </apply>
                <apply>
                  <power/>
                  <ci> ip3 </ci>
                  <ci> n </ci>
                </apply>
              </apply>
            </apply>
          </apply>
        </math>
      </assignmentRule>
    </listOfRules>
  </model>
</sbml>
