<?xml version='1.0' encoding='UTF-8' standalone='no'?>
<sbml xmlns="http://www.sbml.org/sbml/level2" level="2" metaid="metaid_0000001" version="1">
  <model id="model_0000001" metaid="metaid_0000002" name="Smolen2004_CircClock">
    <notes>
      <body xmlns="http://www.w3.org/1999/xhtml">
        <p>No inititial conditions are specified in the paper. Because there is a basal rate of transcription for each gene, it doesn't matter much. With the agreement of Paul Smolen, I put all the initial concentration at 0.001 nanomoles. N Le Novère.</p>
            <br/>
            <p>To the extent possible under law, all copyright and related or neighbouring rights to this encoded model have been dedicated to the public domain worldwide. Please refer to      <a href="http://creativecommons.org/publicdomain/zero/1.0/" title="Creative Commons CC0">CC0 Public Domain Dedication</a>
          for more information.      </p>
            <p>In summary, you are entitled to use this encoded model in absolutely any manner you deem suitable, verbatim, or with modification, alone or embedded it in a larger context, redistribute it, commercially or not, in a restricted way or not.</p>
            <br/>
            <p>To cite BioModels Database, please use:      <a href="http://www.ncbi.nlm.nih.gov/pubmed/20587024" target="_blank">Li C, Donizelli M, Rodriguez N, Dharuri H, Endler L, Chelliah V, Li L, He E, Henry A, Stefan MI, Snoep JL, Hucka M, Le Novère N, Laibe C (2010) BioModels Database: An enhanced, curated and annotated resource for published quantitative kinetic models. BMC Syst Biol., 4:92.</a>
                </p>
            </body>
      
    </notes>
    <annotation>
	<rdf:RDF xmlns:rdf="http://www.w3.org/1999/02/22-rdf-syntax-ns#" xmlns:dc="http://purl.org/dc/elements/1.1/" xmlns:vCard="http://www.w3.org/2001/vcard-rdf/3.0#" xmlns:dcterms="http://purl.org/dc/terms/" xmlns:bqmodel="http://biomodels.net/model-qualifiers/" xmlns:bqbiol="http://biomodels.net/biology-qualifiers/">
        <rdf:Description rdf:about="#metaid_0000002">
	<dc:creator>
	<rdf:Bag>
	<rdf:li rdf:parseType="Resource">
	<vCard:N rdf:parseType="Resource">
	<vCard:Family>Le Novère</vCard:Family>
	<vCard:Given>Nicolas</vCard:Given>
	</vCard:N>
	<vCard:EMAIL>lenov@ebi.ac.uk</vCard:EMAIL>
	<vCard:ORG rdf:parseType="Resource">
	<vCard:Orgname>EMBL-EBI</vCard:Orgname>
	</vCard:ORG>
	</rdf:li>
	</rdf:Bag>
	</dc:creator>
	<dcterms:created rdf:parseType="Resource">
	<dcterms:W3CDTF>2005-06-24T12:05:27Z</dcterms:W3CDTF>
	</dcterms:created>
	<dcterms:modified rdf:parseType="Resource">
	<dcterms:W3CDTF>2015-02-25T13:17:45Z</dcterms:W3CDTF>
	</dcterms:modified>
	<bqmodel:is>
	<rdf:Bag>
	<rdf:li rdf:resource="http://identifiers.org/biomodels.db/MODEL6619579403"/>
	</rdf:Bag>
	</bqmodel:is>
	<bqmodel:is>
	<rdf:Bag>
	<rdf:li rdf:resource="http://identifiers.org/biomodels.db/BIOMD0000000034"/>
	</rdf:Bag>
	</bqmodel:is>
	<bqmodel:isDescribedBy>
	<rdf:Bag>
	<rdf:li rdf:resource="http://identifiers.org/pubmed/15111397"/>
	</rdf:Bag>
	</bqmodel:isDescribedBy>
	<bqbiol:hasTaxon>
	<rdf:Bag>
	<rdf:li rdf:resource="http://identifiers.org/taxonomy/7227"/>
	</rdf:Bag>
	</bqbiol:hasTaxon>
	<bqbiol:is>
	<rdf:Bag>
	<rdf:li rdf:resource="http://identifiers.org/kegg.pathway/dme04710"/>
	</rdf:Bag>
	</bqbiol:is>
	<bqbiol:isVersionOf>
	<rdf:Bag>
	<rdf:li rdf:resource="http://identifiers.org/go/GO:0042752"/>
	</rdf:Bag>
	</bqbiol:isVersionOf>
	</rdf:Description>
	
	</rdf:RDF>
	</annotation>
      <listOfUnitDefinitions>
      <unitDefinition id="time" metaid="metaid_0000008" name="hour">
        <listOfUnits>
          <unit kind="second" metaid="_760404" multiplier="3600"/>
        </listOfUnits>
      </unitDefinition>
      <unitDefinition id="substance" metaid="metaid_0000009" name="nanomole">
        <listOfUnits>
          <unit kind="mole" metaid="_760416" scale="-9"/>
        </listOfUnits>
      </unitDefinition>
    </listOfUnitDefinitions>
    <listOfCompartments>
      <compartment id="compartment_0000002" metaid="metaid_0000004" name="cytoplasm" size="1">
        <annotation>
	<rdf:RDF xmlns:rdf="http://www.w3.org/1999/02/22-rdf-syntax-ns#" xmlns:bqmodel="http://biomodels.net/model-qualifiers/" xmlns:bqbiol="http://biomodels.net/biology-qualifiers/">
            <rdf:Description rdf:about="#metaid_0000004">
	<bqbiol:is>
	<rdf:Bag>
	<rdf:li rdf:resource="http://identifiers.org/go/GO:0005737"/>
	</rdf:Bag>
	</bqbiol:is>
	</rdf:Description>
	
	</rdf:RDF>
	</annotation>
            </compartment>
      <compartment id="compartment_0000001" metaid="metaid_0000003" name="nucleus" outside="compartment_0000002" size="1">
        <annotation>
	<rdf:RDF xmlns:rdf="http://www.w3.org/1999/02/22-rdf-syntax-ns#" xmlns:bqmodel="http://biomodels.net/model-qualifiers/" xmlns:bqbiol="http://biomodels.net/biology-qualifiers/">
            <rdf:Description rdf:about="#metaid_0000003">
	<bqbiol:is>
	<rdf:Bag>
	<rdf:li rdf:resource="http://identifiers.org/go/GO:0005634"/>
	</rdf:Bag>
	</bqbiol:is>
	</rdf:Description>
	
	</rdf:RDF>
	</annotation>
            </compartment>
    </listOfCompartments>
    <listOfSpecies>
      <species compartment="compartment_0000001" id="species_0000001" initialConcentration="0.001" metaid="metaid_0000010" name="P0nuc">
        <annotation>
	<rdf:RDF xmlns:rdf="http://www.w3.org/1999/02/22-rdf-syntax-ns#" xmlns:bqmodel="http://biomodels.net/model-qualifiers/" xmlns:bqbiol="http://biomodels.net/biology-qualifiers/">
            <rdf:Description rdf:about="#metaid_0000010">
	<bqbiol:isVersionOf>
	<rdf:Bag>
	<rdf:li rdf:resource="http://identifiers.org/uniprot/P07663"/>
	</rdf:Bag>
	</bqbiol:isVersionOf>
	</rdf:Description>
	
	</rdf:RDF>
	</annotation>
            </species>
      <species compartment="compartment_0000001" id="species_0000002" initialConcentration="0.001" metaid="metaid_0000011" name="P1nuc">
        <annotation>
	<rdf:RDF xmlns:rdf="http://www.w3.org/1999/02/22-rdf-syntax-ns#" xmlns:bqmodel="http://biomodels.net/model-qualifiers/" xmlns:bqbiol="http://biomodels.net/biology-qualifiers/">
            <rdf:Description rdf:about="#metaid_0000011">
	<bqbiol:isVersionOf>
	<rdf:Bag>
	<rdf:li rdf:resource="http://identifiers.org/uniprot/P07663"/>
	</rdf:Bag>
	</bqbiol:isVersionOf>
	</rdf:Description>
	
	</rdf:RDF>
	</annotation>
            </species>
      <species compartment="compartment_0000001" id="species_0000003" initialConcentration="0.001" metaid="metaid_0000012" name="P2nuc">
        <annotation>
	<rdf:RDF xmlns:rdf="http://www.w3.org/1999/02/22-rdf-syntax-ns#" xmlns:bqmodel="http://biomodels.net/model-qualifiers/" xmlns:bqbiol="http://biomodels.net/biology-qualifiers/">
            <rdf:Description rdf:about="#metaid_0000012">
	<bqbiol:isVersionOf>
	<rdf:Bag>
	<rdf:li rdf:resource="http://identifiers.org/uniprot/P07663"/>
	</rdf:Bag>
	</bqbiol:isVersionOf>
	</rdf:Description>
	
	</rdf:RDF>
	</annotation>
            </species>
      <species compartment="compartment_0000002" id="species_0000004" initialConcentration="0.001" metaid="metaid_0000013" name="P0cyt">
        <annotation>
	<rdf:RDF xmlns:rdf="http://www.w3.org/1999/02/22-rdf-syntax-ns#" xmlns:bqmodel="http://biomodels.net/model-qualifiers/" xmlns:bqbiol="http://biomodels.net/biology-qualifiers/">
            <rdf:Description rdf:about="#metaid_0000013">
	<bqbiol:isVersionOf>
	<rdf:Bag>
	<rdf:li rdf:resource="http://identifiers.org/uniprot/P07663"/>
	</rdf:Bag>
	</bqbiol:isVersionOf>
	</rdf:Description>
	
	</rdf:RDF>
	</annotation>
            </species>
      <species compartment="compartment_0000002" id="species_0000005" initialConcentration="0.001" metaid="metaid_0000014" name="P1cyt">
        <annotation>
	<rdf:RDF xmlns:rdf="http://www.w3.org/1999/02/22-rdf-syntax-ns#" xmlns:bqmodel="http://biomodels.net/model-qualifiers/" xmlns:bqbiol="http://biomodels.net/biology-qualifiers/">
            <rdf:Description rdf:about="#metaid_0000014">
	<bqbiol:isVersionOf>
	<rdf:Bag>
	<rdf:li rdf:resource="http://identifiers.org/uniprot/P07663"/>
	</rdf:Bag>
	</bqbiol:isVersionOf>
	</rdf:Description>
	
	</rdf:RDF>
	</annotation>
            </species>
      <species compartment="compartment_0000002" id="species_0000006" initialConcentration="0.001" metaid="metaid_0000015" name="P2cyt">
        <annotation>
	<rdf:RDF xmlns:rdf="http://www.w3.org/1999/02/22-rdf-syntax-ns#" xmlns:bqmodel="http://biomodels.net/model-qualifiers/" xmlns:bqbiol="http://biomodels.net/biology-qualifiers/">
            <rdf:Description rdf:about="#metaid_0000015">
	<bqbiol:isVersionOf>
	<rdf:Bag>
	<rdf:li rdf:resource="http://identifiers.org/uniprot/P07663"/>
	</rdf:Bag>
	</bqbiol:isVersionOf>
	</rdf:Description>
	
	</rdf:RDF>
	</annotation>
            </species>
      <species compartment="compartment_0000001" id="species_0000007" initialConcentration="0.001" metaid="metaid_0000016" name="VRI">
        <annotation>
	<rdf:RDF xmlns:rdf="http://www.w3.org/1999/02/22-rdf-syntax-ns#" xmlns:bqmodel="http://biomodels.net/model-qualifiers/" xmlns:bqbiol="http://biomodels.net/biology-qualifiers/">
            <rdf:Description rdf:about="#metaid_0000016">
	<bqbiol:is>
	<rdf:Bag>
	<rdf:li rdf:resource="http://identifiers.org/uniprot/O18660"/>
	</rdf:Bag>
	</bqbiol:is>
	</rdf:Description>
	
	</rdf:RDF>
	</annotation>
            </species>
      <species compartment="compartment_0000001" id="species_0000008" initialConcentration="0.001" metaid="metaid_0000017" name="CLK">
        <annotation>
	<rdf:RDF xmlns:rdf="http://www.w3.org/1999/02/22-rdf-syntax-ns#" xmlns:bqmodel="http://biomodels.net/model-qualifiers/" xmlns:bqbiol="http://biomodels.net/biology-qualifiers/">
            <rdf:Description rdf:about="#metaid_0000017">
	<bqbiol:hasPart>
	<rdf:Bag>
	<rdf:li rdf:resource="http://identifiers.org/uniprot/O61735"/>
	<rdf:li rdf:resource="http://identifiers.org/uniprot/P07663"/>
	</rdf:Bag>
	</bqbiol:hasPart>
	</rdf:Description>
	
	</rdf:RDF>
	</annotation>
            </species>
      <species compartment="compartment_0000001" id="species_0000009" initialConcentration="0.001" metaid="metaid_0000018" name="PDP">
        <annotation>
	<rdf:RDF xmlns:rdf="http://www.w3.org/1999/02/22-rdf-syntax-ns#" xmlns:bqmodel="http://biomodels.net/model-qualifiers/" xmlns:bqbiol="http://biomodels.net/biology-qualifiers/">
            <rdf:Description rdf:about="#metaid_0000018">
	<bqbiol:is>
	<rdf:Bag>
	<rdf:li rdf:resource="http://identifiers.org/uniprot/Q9TVS7"/>
	</rdf:Bag>
	</bqbiol:is>
	</rdf:Description>
	
	</rdf:RDF>
	</annotation>
            </species>
    </listOfSpecies>
    <listOfParameters>
      <parameter constant="false" id="parameter_0000001" value="0.0" metaid="metaid_0000005" name="ACvri"/>
      <parameter constant="false" id="parameter_0000002" value="0.0" metaid="metaid_0000006" name="ACper"/>
      <parameter constant="false" id="parameter_0000003" value="0.0" metaid="metaid_0000007" name="ACpdp"/>
      <parameter id="parameter_0000005" metaid="metaid_0000019" name="Kpv" value="0.2"/>
      <parameter id="parameter_0000006" metaid="metaid_0000020" name="Kpp" value="0.24"/>
      <parameter id="parameter_0000007" metaid="metaid_0000021" name="Kppd" value="0.1"/>
      <parameter id="parameter_0000008" metaid="metaid_0000022" name="Kvc" value="0.54"/>
      <parameter id="parameter_0000010" metaid="metaid_0000023" name="Kpdc" value="0.54"/>
      <parameter id="parameter_0000011" metaid="metaid_0000024" name="Kcv" value="0.083"/>
      <parameter id="parameter_0000012" metaid="metaid_0000025" name="Kcp" value="0.134"/>
      <parameter id="parameter_0000013" metaid="metaid_0000026" name="Kcpd" value="0.248"/>
      <parameter id="parameter_0000014" metaid="metaid_0000027" name="Kvdeac" value="0.2124"/>
      <parameter id="parameter_0000015" metaid="metaid_0000028" name="Kpdeac" value="0.2124"/>
      <parameter id="parameter_0000016" metaid="metaid_0000029" name="Kpddeac" value="0.2124"/>
      <parameter id="parameter_0000017" metaid="metaid_0000031" name="Fv" value="1.062"/>
      <parameter id="parameter_0000018" metaid="metaid_0000032" name="Fp" value="1.062"/>
      <parameter id="parameter_0000019" metaid="metaid_0000033" name="Fpd" value="1.062"/>
      <parameter constant="false" id="parameter_0000020" value="0.0" metaid="metaid_0000036" name="OPvri"/>
      <parameter constant="false" id="parameter_0000021" value="0.0" metaid="metaid_0000037" name="OPper"/>
      <parameter constant="false" id="parameter_0000022" value="0.0" metaid="metaid_0000038" name="OPpdp"/>
      <parameter id="parameter_0000023" metaid="metaid_0000039" name="Tvriop" value="2.8249"/>
      <parameter id="parameter_0000024" metaid="metaid_0000040" name="Tperop" value="2.8249"/>
      <parameter id="parameter_0000025" metaid="metaid_0000041" name="Tpdpop" value="2.8249"/>
      <parameter id="parameter_0000026" metaid="metaid_0000043" name="N" value="5"/>
      <parameter id="parameter_0000027" metaid="metaid_0000046" name="Vper" value="10.62"/>
      <parameter id="parameter_0000028" metaid="metaid_0000047" name="Vvri" value="76.464"/>
      <parameter id="parameter_0000029" metaid="metaid_0000048" name="Vpdp" value="344.09"/>
      <parameter id="parameter_0000030" metaid="metaid_0000049" name="Vclk" value="1.062"/>
      <parameter id="parameter_0000031" metaid="metaid_0000050" name="Rpbas" value="0.02124"/>
      <parameter id="parameter_0000032" metaid="metaid_0000051" name="Rvbas" value="0.19116"/>
      <parameter id="parameter_0000033" metaid="metaid_0000052" name="Rcbas" value="0.001062"/>
      <parameter id="parameter_0000034" metaid="metaid_0000053" name="Rpdbas" value="0.38232"/>
      <parameter id="parameter_0000036" metaid="metaid_0000058" name="Vdclk" value="0.2124"/>
      <parameter id="parameter_0000037" metaid="metaid_0000059" name="vdvri" value="0.7434"/>
      <parameter id="parameter_0000038" metaid="metaid_0000060" name="vdpdp" value="0.6903"/>
      <parameter id="parameter_0000039" metaid="metaid_0000063" name="Tdelay" value="2.8249"/>
      <parameter id="parameter_0000040" metaid="metaid_0000065" name="Vpcyt" value="1.6992"/>
      <parameter id="parameter_0000041" metaid="metaid_0000066" name="Kpcyt" value="0.25"/>
      <parameter id="parameter_0000042" metaid="metaid_0000067" name="Vpnuc" value="0.3186"/>
      <parameter id="parameter_0000043" metaid="metaid_0000068" name="Kpnuc" value="0.001"/>
      <parameter id="parameter_0000044" metaid="metaid_0000069" name="Vtrans" value="1.6992"/>
      <parameter id="parameter_0000045" metaid="metaid_0000070" name="Ktrans" value="0.25"/>
      <parameter id="parameter_0000046" metaid="metaid_0000076" name="Vdegp" value="5.31"/>
      <parameter id="parameter_0000047" metaid="metaid_0000077" name="Kdegp" value="0.01"/>
      <parameter id="parameter_0000048" metaid="metaid_0000080" name="kd" value="0.00531"/>
    </listOfParameters>
    <listOfRules>
      <rateRule metaid="metaid_0000030" variable="parameter_0000001">
        <math xmlns="http://www.w3.org/1998/Math/MathML">        
          <apply>
            <minus/>
            <apply>
              <times/>
              <ci> parameter_0000017 </ci>
              <apply>
                <divide/>
                <ci> species_0000008 </ci>
                <apply>
                  <plus/>
                  <ci> species_0000008 </ci>
                  <ci> parameter_0000011 </ci>
                </apply>
              </apply>
              <apply>
                <divide/>
                <ci> parameter_0000005 </ci>
                <apply>
                  <plus/>
                  <ci> parameter_0000005 </ci>
                  <ci> species_0000001 </ci>
                  <ci> species_0000002 </ci>
                  <ci> species_0000003 </ci>
                </apply>
              </apply>
              <apply>
                <minus/>
                <cn> 1 </cn>
                <ci> parameter_0000001 </ci>
              </apply>
            </apply>
            <apply>
              <times/>
              <ci> parameter_0000014 </ci>
              <ci> parameter_0000001 </ci>
            </apply>
          </apply>
        </math>
            </rateRule>
      <rateRule metaid="metaid_0000034" variable="parameter_0000002">
        <math xmlns="http://www.w3.org/1998/Math/MathML">        
          <apply>
            <minus/>
            <apply>
              <times/>
              <ci> parameter_0000018 </ci>
              <apply>
                <divide/>
                <ci> species_0000008 </ci>
                <apply>
                  <plus/>
                  <ci> species_0000008 </ci>
                  <ci> parameter_0000012 </ci>
                </apply>
              </apply>
              <apply>
                <divide/>
                <ci> parameter_0000006 </ci>
                <apply>
                  <plus/>
                  <ci> parameter_0000006 </ci>
                  <ci> species_0000001 </ci>
                  <ci> species_0000002 </ci>
                  <ci> species_0000003 </ci>
                </apply>
              </apply>
              <apply>
                <minus/>
                <cn> 1 </cn>
                <ci> parameter_0000002 </ci>
              </apply>
            </apply>
            <apply>
              <times/>
              <ci> parameter_0000015 </ci>
              <ci> parameter_0000002 </ci>
            </apply>
          </apply>
        </math>
            </rateRule>
      <rateRule metaid="metaid_0000035" variable="parameter_0000003">
        <math xmlns="http://www.w3.org/1998/Math/MathML">        
          <apply>
            <minus/>
            <apply>
              <times/>
              <ci> parameter_0000019 </ci>
              <apply>
                <divide/>
                <ci> species_0000008 </ci>
                <apply>
                  <plus/>
                  <ci> species_0000008 </ci>
                  <ci> parameter_0000013 </ci>
                </apply>
              </apply>
              <apply>
                <divide/>
                <ci> parameter_0000007 </ci>
                <apply>
                  <plus/>
                  <ci> parameter_0000007 </ci>
                  <ci> species_0000001 </ci>
                  <ci> species_0000002 </ci>
                  <ci> species_0000003 </ci>
                </apply>
              </apply>
              <apply>
                <minus/>
                <cn> 1 </cn>
                <ci> parameter_0000003 </ci>
              </apply>
            </apply>
            <apply>
              <times/>
              <ci> parameter_0000016 </ci>
              <ci> parameter_0000003 </ci>
            </apply>
          </apply>
        </math>
            </rateRule>
      <rateRule metaid="metaid_0000042" variable="parameter_0000020">
        <math xmlns="http://www.w3.org/1998/Math/MathML">        
          <apply>
            <divide/>
            <apply>
              <minus/>
              <apply>
                <power/>
                <ci> parameter_0000001 </ci>
                <ci> parameter_0000026 </ci>
              </apply>
              <ci> parameter_0000020 </ci>
            </apply>
            <ci> parameter_0000023 </ci>
          </apply>
        </math>
            </rateRule>
      <rateRule metaid="metaid_0000044" variable="parameter_0000021">
        <math xmlns="http://www.w3.org/1998/Math/MathML">        
          <apply>
            <divide/>
            <apply>
              <minus/>
              <apply>
                <power/>
                <ci> parameter_0000002 </ci>
                <ci> parameter_0000026 </ci>
              </apply>
              <ci> parameter_0000021 </ci>
            </apply>
            <ci> parameter_0000024 </ci>
          </apply>
        </math>
            </rateRule>
      <rateRule metaid="metaid_0000045" variable="parameter_0000022">
        <math xmlns="http://www.w3.org/1998/Math/MathML">        
          <apply>
            <divide/>
            <apply>
              <minus/>
              <apply>
                <power/>
                <ci> parameter_0000003 </ci>
                <ci> parameter_0000026 </ci>
              </apply>
              <ci> parameter_0000022 </ci>
            </apply>
            <ci> parameter_0000025 </ci>
          </apply>
        </math>
            </rateRule>
    </listOfRules>
    <listOfReactions>
      <reaction id="reaction_0000001" metaid="metaid_0000054" name="Per production" reversible="false">
        <annotation>
	<rdf:RDF xmlns:rdf="http://www.w3.org/1999/02/22-rdf-syntax-ns#" xmlns:bqmodel="http://biomodels.net/model-qualifiers/" xmlns:bqbiol="http://biomodels.net/biology-qualifiers/">
            <rdf:Description rdf:about="#metaid_0000054">
	<bqbiol:hasPart>
	<rdf:Bag>
	<rdf:li rdf:resource="http://identifiers.org/go/GO:0006412"/>
	<rdf:li rdf:resource="http://identifiers.org/go/GO:0006351"/>
	</rdf:Bag>
	</bqbiol:hasPart>
	</rdf:Description>
	
	</rdf:RDF>
	</annotation>
              <listOfProducts>
          <speciesReference metaid="_760428" species="species_0000004"/>
        </listOfProducts>
        <kineticLaw metaid="_760440">
          <math xmlns="http://www.w3.org/1998/Math/MathML">          
            <apply>
              <times/>
              <ci> compartment_0000002 </ci>
              <apply>
                <plus/>
                <apply>
                  <times/>
                  <ci> parameter_0000027 </ci>
                  <ci> parameter_0000021 </ci>
                </apply>
                <ci> parameter_0000031 </ci>
              </apply>
            </apply>
          </math>
                </kineticLaw>
      </reaction>
      <reaction id="reaction_0000002" metaid="metaid_0000055" name="Vri production" reversible="false">
        <annotation>
	<rdf:RDF xmlns:rdf="http://www.w3.org/1999/02/22-rdf-syntax-ns#" xmlns:bqmodel="http://biomodels.net/model-qualifiers/" xmlns:bqbiol="http://biomodels.net/biology-qualifiers/">
            <rdf:Description rdf:about="#metaid_0000055">
	<bqbiol:hasPart>
	<rdf:Bag>
	<rdf:li rdf:resource="http://identifiers.org/go/GO:0006412"/>
	<rdf:li rdf:resource="http://identifiers.org/go/GO:0006351"/>
	</rdf:Bag>
	</bqbiol:hasPart>
	</rdf:Description>
	
	</rdf:RDF>
	</annotation>
              <listOfProducts>
          <speciesReference metaid="_760452" species="species_0000007"/>
        </listOfProducts>
        <kineticLaw metaid="_760464">
          <math xmlns="http://www.w3.org/1998/Math/MathML">          
            <apply>
              <times/>
              <ci> compartment_0000001 </ci>
              <apply>
                <plus/>
                <apply>
                  <times/>
                  <ci> parameter_0000028 </ci>
                  <ci> parameter_0000020 </ci>
                </apply>
                <ci> parameter_0000032 </ci>
              </apply>
            </apply>
          </math>
                </kineticLaw>
      </reaction>
      <reaction id="reaction_0000003" metaid="metaid_0000056" name="Pdp production" reversible="false">
        <annotation>
	<rdf:RDF xmlns:rdf="http://www.w3.org/1999/02/22-rdf-syntax-ns#" xmlns:bqmodel="http://biomodels.net/model-qualifiers/" xmlns:bqbiol="http://biomodels.net/biology-qualifiers/">
            <rdf:Description rdf:about="#metaid_0000056">
	<bqbiol:hasPart>
	<rdf:Bag>
	<rdf:li rdf:resource="http://identifiers.org/go/GO:0006412"/>
	<rdf:li rdf:resource="http://identifiers.org/go/GO:0006351"/>
	</rdf:Bag>
	</bqbiol:hasPart>
	</rdf:Description>
	
	</rdf:RDF>
	</annotation>
              <listOfProducts>
          <speciesReference metaid="_760476" species="species_0000009"/>
        </listOfProducts>
        <kineticLaw metaid="_760489">
          <math xmlns="http://www.w3.org/1998/Math/MathML">          
            <apply>
              <times/>
              <ci> compartment_0000001 </ci>
              <apply>
                <csymbol encoding="text" definitionURL="http://www.sbml.org/sbml/symbols/delay"> delay </csymbol>
                <apply>
                  <plus/>
                  <apply>
                    <times/>
                    <ci> parameter_0000029 </ci>
                    <ci> parameter_0000022 </ci>
                  </apply>
                  <ci> parameter_0000034 </ci>
                </apply>
                <ci> parameter_0000039 </ci>
              </apply>
            </apply>
          </math>
                </kineticLaw>
      </reaction>
      <reaction id="reaction_0000004" metaid="metaid_0000057" name="Clk production" reversible="false">
        <annotation>
	<rdf:RDF xmlns:rdf="http://www.w3.org/1999/02/22-rdf-syntax-ns#" xmlns:bqmodel="http://biomodels.net/model-qualifiers/" xmlns:bqbiol="http://biomodels.net/biology-qualifiers/">
            <rdf:Description rdf:about="#metaid_0000057">
	<bqbiol:hasPart>
	<rdf:Bag>
	<rdf:li rdf:resource="http://identifiers.org/go/GO:0006412"/>
	<rdf:li rdf:resource="http://identifiers.org/go/GO:0006351"/>
	</rdf:Bag>
	</bqbiol:hasPart>
	</rdf:Description>
	
	</rdf:RDF>
	</annotation>
              <listOfProducts>
          <speciesReference metaid="_760501" species="species_0000008"/>
        </listOfProducts>
        <listOfModifiers>
          <modifierSpeciesReference metaid="_760513" species="species_0000009"/>
          <modifierSpeciesReference metaid="_760525" species="species_0000007"/>
        </listOfModifiers>
        <kineticLaw metaid="_760537">
          <math xmlns="http://www.w3.org/1998/Math/MathML">          
            <apply>
              <times/>
              <ci> compartment_0000001 </ci>
              <apply>
                <plus/>
                <apply>
                  <times/>
                  <ci> parameter_0000030 </ci>
                  <apply>
                    <divide/>
                    <apply>
                      <power/>
                      <ci> species_0000009 </ci>
                      <cn> 2 </cn>
                    </apply>
                    <apply>
                      <plus/>
                      <apply>
                        <power/>
                        <ci> species_0000009 </ci>
                        <cn> 2 </cn>
                      </apply>
                      <apply>
                        <power/>
                        <ci> parameter_0000010 </ci>
                        <cn> 2 </cn>
                      </apply>
                    </apply>
                  </apply>
                  <apply>
                    <divide/>
                    <apply>
                      <power/>
                      <ci> parameter_0000008 </ci>
                      <cn> 2 </cn>
                    </apply>
                    <apply>
                      <plus/>
                      <apply>
                        <power/>
                        <ci> species_0000007 </ci>
                        <cn> 2 </cn>
                      </apply>
                      <apply>
                        <power/>
                        <ci> parameter_0000008 </ci>
                        <cn> 2 </cn>
                      </apply>
                    </apply>
                  </apply>
                </apply>
                <ci> parameter_0000033 </ci>
              </apply>
            </apply>
          </math>
                </kineticLaw>
      </reaction>
      <reaction id="reaction_0000005" metaid="metaid_0000061" name="Clk specific degradation" reversible="false">
        <annotation>
	<rdf:RDF xmlns:rdf="http://www.w3.org/1999/02/22-rdf-syntax-ns#" xmlns:bqmodel="http://biomodels.net/model-qualifiers/" xmlns:bqbiol="http://biomodels.net/biology-qualifiers/">
            <rdf:Description rdf:about="#metaid_0000061">
	<bqbiol:isVersionOf>
	<rdf:Bag>
	<rdf:li rdf:resource="http://identifiers.org/go/GO:0030163"/>
	</rdf:Bag>
	</bqbiol:isVersionOf>
	</rdf:Description>
	
	</rdf:RDF>
	</annotation>
              <listOfReactants>
          <speciesReference metaid="_760549" species="species_0000008"/>
        </listOfReactants>
        <kineticLaw metaid="_760561">
          <math xmlns="http://www.w3.org/1998/Math/MathML">          
            <apply>
              <times/>
              <ci> compartment_0000001 </ci>
              <ci> parameter_0000036 </ci>
              <ci> species_0000008 </ci>
            </apply>
          </math>
                </kineticLaw>
      </reaction>
      <reaction id="reaction_0000006" metaid="metaid_0000062" name="Pdp specific degradation" reversible="false">
        <annotation>
	<rdf:RDF xmlns:rdf="http://www.w3.org/1999/02/22-rdf-syntax-ns#" xmlns:bqmodel="http://biomodels.net/model-qualifiers/" xmlns:bqbiol="http://biomodels.net/biology-qualifiers/">
            <rdf:Description rdf:about="#metaid_0000062">
	<bqbiol:isVersionOf>
	<rdf:Bag>
	<rdf:li rdf:resource="http://identifiers.org/go/GO:0030163"/>
	</rdf:Bag>
	</bqbiol:isVersionOf>
	</rdf:Description>
	
	</rdf:RDF>
	</annotation>
              <listOfReactants>
          <speciesReference metaid="_760573" species="species_0000009"/>
        </listOfReactants>
        <kineticLaw metaid="_760585">
          <math xmlns="http://www.w3.org/1998/Math/MathML">          
            <apply>
              <times/>
              <ci> compartment_0000001 </ci>
              <ci> parameter_0000038 </ci>
              <ci> species_0000009 </ci>
            </apply>
          </math>
                </kineticLaw>
      </reaction>
      <reaction id="reaction_0000007" metaid="metaid_0000064" name="Vri specific degradation" reversible="false">
        <annotation>
	<rdf:RDF xmlns:rdf="http://www.w3.org/1999/02/22-rdf-syntax-ns#" xmlns:bqmodel="http://biomodels.net/model-qualifiers/" xmlns:bqbiol="http://biomodels.net/biology-qualifiers/">
            <rdf:Description rdf:about="#metaid_0000064">
	<bqbiol:isVersionOf>
	<rdf:Bag>
	<rdf:li rdf:resource="http://identifiers.org/go/GO:0030163"/>
	</rdf:Bag>
	</bqbiol:isVersionOf>
	</rdf:Description>
	
	</rdf:RDF>
	</annotation>
              <listOfReactants>
          <speciesReference metaid="_760597" species="species_0000007"/>
        </listOfReactants>
        <kineticLaw metaid="_760609">
          <math xmlns="http://www.w3.org/1998/Math/MathML">          
            <apply>
              <times/>
              <ci> compartment_0000001 </ci>
              <ci> parameter_0000037 </ci>
              <ci> species_0000007 </ci>
            </apply>
          </math>
                </kineticLaw>
      </reaction>
      <reaction id="reaction_0000008" metaid="metaid_0000071" name="first cytoplasmic Per phosphorylation" reversible="false">
        <annotation>
	<rdf:RDF xmlns:rdf="http://www.w3.org/1999/02/22-rdf-syntax-ns#" xmlns:bqmodel="http://biomodels.net/model-qualifiers/" xmlns:bqbiol="http://biomodels.net/biology-qualifiers/">
            <rdf:Description rdf:about="#metaid_0000071">
	<bqbiol:isVersionOf>
	<rdf:Bag>
	<rdf:li rdf:resource="http://identifiers.org/ec-code/2.7.1.37"/>
	<rdf:li rdf:resource="http://identifiers.org/go/GO:0006468"/>
	</rdf:Bag>
	</bqbiol:isVersionOf>
	</rdf:Description>
	
	</rdf:RDF>
	</annotation>
              <listOfReactants>
          <speciesReference metaid="_760621" species="species_0000004"/>
        </listOfReactants>
        <listOfProducts>
          <speciesReference metaid="_760633" species="species_0000005"/>
        </listOfProducts>
        <kineticLaw metaid="_760645">
          <math xmlns="http://www.w3.org/1998/Math/MathML">          
            <apply>
              <times/>
              <ci> compartment_0000002 </ci>
              <apply>
                <divide/>
                <apply>
                  <times/>
                  <ci> parameter_0000040 </ci>
                  <ci> species_0000004 </ci>
                </apply>
                <apply>
                  <plus/>
                  <ci> parameter_0000041 </ci>
                  <ci> species_0000004 </ci>
                </apply>
              </apply>
            </apply>
          </math>
                </kineticLaw>
      </reaction>
      <reaction id="reaction_0000009" metaid="metaid_0000072" name="second cytoplasmic Per phosphorylation" reversible="false">
        <annotation>
	<rdf:RDF xmlns:rdf="http://www.w3.org/1999/02/22-rdf-syntax-ns#" xmlns:bqmodel="http://biomodels.net/model-qualifiers/" xmlns:bqbiol="http://biomodels.net/biology-qualifiers/">
            <rdf:Description rdf:about="#metaid_0000072">
	<bqbiol:isVersionOf>
	<rdf:Bag>
	<rdf:li rdf:resource="http://identifiers.org/ec-code/2.7.1.37"/>
	<rdf:li rdf:resource="http://identifiers.org/go/GO:0006468"/>
	</rdf:Bag>
	</bqbiol:isVersionOf>
	</rdf:Description>
	
	</rdf:RDF>
	</annotation>
              <listOfReactants>
          <speciesReference metaid="_760657" species="species_0000005"/>
        </listOfReactants>
        <listOfProducts>
          <speciesReference metaid="_760669" species="species_0000006"/>
        </listOfProducts>
        <kineticLaw metaid="_760681">
          <math xmlns="http://www.w3.org/1998/Math/MathML">          
            <apply>
              <times/>
              <ci> compartment_0000002 </ci>
              <apply>
                <divide/>
                <apply>
                  <times/>
                  <ci> parameter_0000040 </ci>
                  <ci> species_0000005 </ci>
                </apply>
                <apply>
                  <plus/>
                  <ci> parameter_0000041 </ci>
                  <ci> species_0000005 </ci>
                </apply>
              </apply>
            </apply>
          </math>
                </kineticLaw>
      </reaction>
      <reaction id="reaction_0000010" metaid="metaid_0000073" name="Per nuclear transport" reversible="false">
        <annotation>
	<rdf:RDF xmlns:rdf="http://www.w3.org/1999/02/22-rdf-syntax-ns#" xmlns:bqmodel="http://biomodels.net/model-qualifiers/" xmlns:bqbiol="http://biomodels.net/biology-qualifiers/">
            <rdf:Description rdf:about="#metaid_0000073">
	<bqbiol:isVersionOf>
	<rdf:Bag>
	<rdf:li rdf:resource="http://identifiers.org/go/GO:0006606"/>
	</rdf:Bag>
	</bqbiol:isVersionOf>
	</rdf:Description>
	
	</rdf:RDF>
	</annotation>
              <listOfReactants>
          <speciesReference metaid="_760693" species="species_0000006"/>
        </listOfReactants>
        <listOfProducts>
          <speciesReference metaid="_760705" species="species_0000001"/>
        </listOfProducts>
        <kineticLaw metaid="_760717">
          <math xmlns="http://www.w3.org/1998/Math/MathML">          
            <apply>
              <times/>
              <ci> compartment_0000002 </ci>
              <apply>
                <divide/>
                <apply>
                  <times/>
                  <ci> parameter_0000044 </ci>
                  <ci> species_0000006 </ci>
                </apply>
                <apply>
                  <plus/>
                  <ci> parameter_0000045 </ci>
                  <ci> species_0000006 </ci>
                </apply>
              </apply>
            </apply>
          </math>
                </kineticLaw>
      </reaction>
      <reaction id="reaction_0000011" metaid="metaid_0000074" name="first nuclear Per phosphorylation" reversible="false">
        <annotation>
	<rdf:RDF xmlns:rdf="http://www.w3.org/1999/02/22-rdf-syntax-ns#" xmlns:bqmodel="http://biomodels.net/model-qualifiers/" xmlns:bqbiol="http://biomodels.net/biology-qualifiers/">
            <rdf:Description rdf:about="#metaid_0000074">
	<bqbiol:isVersionOf>
	<rdf:Bag>
	<rdf:li rdf:resource="http://identifiers.org/ec-code/2.7.1.37"/>
	<rdf:li rdf:resource="http://identifiers.org/go/GO:0006468"/>
	</rdf:Bag>
	</bqbiol:isVersionOf>
	</rdf:Description>
	
	</rdf:RDF>
	</annotation>
              <listOfReactants>
          <speciesReference metaid="_760729" species="species_0000001"/>
        </listOfReactants>
        <listOfProducts>
          <speciesReference metaid="_760741" species="species_0000002"/>
        </listOfProducts>
        <kineticLaw metaid="_760753">
          <math xmlns="http://www.w3.org/1998/Math/MathML">          
            <apply>
              <times/>
              <ci> compartment_0000001 </ci>
              <apply>
                <divide/>
                <apply>
                  <times/>
                  <ci> parameter_0000042 </ci>
                  <ci> species_0000001 </ci>
                </apply>
                <apply>
                  <plus/>
                  <ci> parameter_0000043 </ci>
                  <ci> species_0000001 </ci>
                </apply>
              </apply>
            </apply>
          </math>
                </kineticLaw>
      </reaction>
      <reaction id="reaction_0000012" metaid="metaid_0000075" name="second nuclear Rer phosphorylation" reversible="false">
        <annotation>
	<rdf:RDF xmlns:rdf="http://www.w3.org/1999/02/22-rdf-syntax-ns#" xmlns:bqmodel="http://biomodels.net/model-qualifiers/" xmlns:bqbiol="http://biomodels.net/biology-qualifiers/">
            <rdf:Description rdf:about="#metaid_0000075">
	<bqbiol:isVersionOf>
	<rdf:Bag>
	<rdf:li rdf:resource="http://identifiers.org/ec-code/2.7.1.37"/>
	<rdf:li rdf:resource="http://identifiers.org/go/GO:0006468"/>
	</rdf:Bag>
	</bqbiol:isVersionOf>
	</rdf:Description>
	
	</rdf:RDF>
	</annotation>
              <listOfReactants>
          <speciesReference metaid="_760765" species="species_0000002"/>
        </listOfReactants>
        <listOfProducts>
          <speciesReference metaid="_760777" species="species_0000003"/>
        </listOfProducts>
        <kineticLaw metaid="_760789">
          <math xmlns="http://www.w3.org/1998/Math/MathML">          
            <apply>
              <times/>
              <ci> compartment_0000001 </ci>
              <apply>
                <divide/>
                <apply>
                  <times/>
                  <ci> parameter_0000042 </ci>
                  <ci> species_0000002 </ci>
                </apply>
                <apply>
                  <plus/>
                  <ci> parameter_0000043 </ci>
                  <ci> species_0000002 </ci>
                </apply>
              </apply>
            </apply>
          </math>
                </kineticLaw>
      </reaction>
      <reaction id="reaction_0000013" metaid="metaid_0000078" name="Per specific degradation" reversible="false">
        <annotation>
	<rdf:RDF xmlns:rdf="http://www.w3.org/1999/02/22-rdf-syntax-ns#" xmlns:bqmodel="http://biomodels.net/model-qualifiers/" xmlns:bqbiol="http://biomodels.net/biology-qualifiers/">
            <rdf:Description rdf:about="#metaid_0000078">
	<bqbiol:isVersionOf>
	<rdf:Bag>
	<rdf:li rdf:resource="http://identifiers.org/go/GO:0030163"/>
	</rdf:Bag>
	</bqbiol:isVersionOf>
	</rdf:Description>
	
	</rdf:RDF>
	</annotation>
              <listOfReactants>
          <speciesReference metaid="_760801" species="species_0000003"/>
        </listOfReactants>
        <kineticLaw metaid="_760813">
          <math xmlns="http://www.w3.org/1998/Math/MathML">          
            <apply>
              <times/>
              <ci> compartment_0000001 </ci>
              <apply>
                <divide/>
                <apply>
                  <times/>
                  <ci> parameter_0000046 </ci>
                  <ci> species_0000003 </ci>
                </apply>
                <apply>
                  <plus/>
                  <ci> parameter_0000047 </ci>
                  <ci> species_0000003 </ci>
                </apply>
              </apply>
            </apply>
          </math>
                </kineticLaw>
      </reaction>
      <reaction id="reaction_0000014" metaid="metaid_0000079" name="Clk aspecific degradation" reversible="false">
        <annotation>
	<rdf:RDF xmlns:rdf="http://www.w3.org/1999/02/22-rdf-syntax-ns#" xmlns:bqmodel="http://biomodels.net/model-qualifiers/" xmlns:bqbiol="http://biomodels.net/biology-qualifiers/">
            <rdf:Description rdf:about="#metaid_0000079">
	<bqbiol:isVersionOf>
	<rdf:Bag>
	<rdf:li rdf:resource="http://identifiers.org/go/GO:0030163"/>
	</rdf:Bag>
	</bqbiol:isVersionOf>
	</rdf:Description>
	
	</rdf:RDF>
	</annotation>
              <listOfReactants>
          <speciesReference metaid="_760825" species="species_0000008"/>
        </listOfReactants>
        <kineticLaw metaid="_760837">
          <math xmlns="http://www.w3.org/1998/Math/MathML">          
            <apply>
              <times/>
              <ci> compartment_0000001 </ci>
              <ci> parameter_0000048 </ci>
              <ci> species_0000008 </ci>
            </apply>
          </math>
                </kineticLaw>
      </reaction>
      <reaction id="reaction_0000015" metaid="metaid_0000081" name="Pdp aspecific degradation" reversible="false">
        <annotation>
	<rdf:RDF xmlns:rdf="http://www.w3.org/1999/02/22-rdf-syntax-ns#" xmlns:bqmodel="http://biomodels.net/model-qualifiers/" xmlns:bqbiol="http://biomodels.net/biology-qualifiers/">
            <rdf:Description rdf:about="#metaid_0000081">
	<bqbiol:isVersionOf>
	<rdf:Bag>
	<rdf:li rdf:resource="http://identifiers.org/go/GO:0030163"/>
	</rdf:Bag>
	</bqbiol:isVersionOf>
	</rdf:Description>
	
	</rdf:RDF>
	</annotation>
              <listOfReactants>
          <speciesReference metaid="_760850" species="species_0000009"/>
        </listOfReactants>
        <kineticLaw metaid="_760862">
          <math xmlns="http://www.w3.org/1998/Math/MathML">          
            <apply>
              <times/>
              <ci> compartment_0000001 </ci>
              <ci> parameter_0000048 </ci>
              <ci> species_0000009 </ci>
            </apply>
          </math>
                </kineticLaw>
      </reaction>
      <reaction id="reaction_0000016" metaid="metaid_0000082" name="Vri aspecific degradation" reversible="false">
        <annotation>
	<rdf:RDF xmlns:rdf="http://www.w3.org/1999/02/22-rdf-syntax-ns#" xmlns:bqmodel="http://biomodels.net/model-qualifiers/" xmlns:bqbiol="http://biomodels.net/biology-qualifiers/">
            <rdf:Description rdf:about="#metaid_0000082">
	<bqbiol:isVersionOf>
	<rdf:Bag>
	<rdf:li rdf:resource="http://identifiers.org/go/GO:0030163"/>
	</rdf:Bag>
	</bqbiol:isVersionOf>
	</rdf:Description>
	
	</rdf:RDF>
	</annotation>
              <listOfReactants>
          <speciesReference metaid="_760874" species="species_0000007"/>
        </listOfReactants>
        <kineticLaw metaid="_760886">
          <math xmlns="http://www.w3.org/1998/Math/MathML">          
            <apply>
              <times/>
              <ci> compartment_0000001 </ci>
              <ci> parameter_0000048 </ci>
              <ci> species_0000007 </ci>
            </apply>
          </math>
                </kineticLaw>
      </reaction>
      <reaction id="reaction_0000017" metaid="metaid_0000083" name="Per_cyt aspecific degradation" reversible="false">
        <annotation>
	<rdf:RDF xmlns:rdf="http://www.w3.org/1999/02/22-rdf-syntax-ns#" xmlns:bqmodel="http://biomodels.net/model-qualifiers/" xmlns:bqbiol="http://biomodels.net/biology-qualifiers/">
            <rdf:Description rdf:about="#metaid_0000083">
	<bqbiol:isVersionOf>
	<rdf:Bag>
	<rdf:li rdf:resource="http://identifiers.org/go/GO:0030163"/>
	</rdf:Bag>
	</bqbiol:isVersionOf>
	</rdf:Description>
	
	</rdf:RDF>
	</annotation>
              <listOfReactants>
          <speciesReference metaid="_760898" species="species_0000004"/>
        </listOfReactants>
        <kineticLaw metaid="_760910">
          <math xmlns="http://www.w3.org/1998/Math/MathML">          
            <apply>
              <times/>
              <ci> compartment_0000002 </ci>
              <ci> parameter_0000048 </ci>
              <ci> species_0000004 </ci>
            </apply>
          </math>
                </kineticLaw>
      </reaction>
      <reaction id="reaction_0000018" metaid="metaid_0000084" name="Per-P_cyt aspecific degradation" reversible="false">
        <annotation>
	<rdf:RDF xmlns:rdf="http://www.w3.org/1999/02/22-rdf-syntax-ns#" xmlns:bqmodel="http://biomodels.net/model-qualifiers/" xmlns:bqbiol="http://biomodels.net/biology-qualifiers/">
            <rdf:Description rdf:about="#metaid_0000084">
	<bqbiol:isVersionOf>
	<rdf:Bag>
	<rdf:li rdf:resource="http://identifiers.org/go/GO:0030163"/>
	</rdf:Bag>
	</bqbiol:isVersionOf>
	</rdf:Description>
	
	</rdf:RDF>
	</annotation>
              <listOfReactants>
          <speciesReference metaid="_760922" species="species_0000005"/>
        </listOfReactants>
        <kineticLaw metaid="_760934">
          <math xmlns="http://www.w3.org/1998/Math/MathML">          
            <apply>
              <times/>
              <ci> compartment_0000002 </ci>
              <ci> parameter_0000048 </ci>
              <ci> species_0000005 </ci>
            </apply>
          </math>
                </kineticLaw>
      </reaction>
      <reaction id="reaction_0000019" metaid="metaid_0000085" name="Per-PP_cyt aspecific degradation" reversible="false">
        <annotation>
	<rdf:RDF xmlns:rdf="http://www.w3.org/1999/02/22-rdf-syntax-ns#" xmlns:bqmodel="http://biomodels.net/model-qualifiers/" xmlns:bqbiol="http://biomodels.net/biology-qualifiers/">
            <rdf:Description rdf:about="#metaid_0000085">
	<bqbiol:isVersionOf>
	<rdf:Bag>
	<rdf:li rdf:resource="http://identifiers.org/go/GO:0030163"/>
	</rdf:Bag>
	</bqbiol:isVersionOf>
	</rdf:Description>
	
	</rdf:RDF>
	</annotation>
              <listOfReactants>
          <speciesReference metaid="_760946" species="species_0000006"/>
        </listOfReactants>
        <kineticLaw metaid="_760958">
          <math xmlns="http://www.w3.org/1998/Math/MathML">          
            <apply>
              <times/>
              <ci> compartment_0000002 </ci>
              <ci> parameter_0000048 </ci>
              <ci> species_0000006 </ci>
            </apply>
          </math>
                </kineticLaw>
      </reaction>
      <reaction id="reaction_0000020" metaid="metaid_0000086" name="Per_nuc aspecific degradation" reversible="false">
        <annotation>
	<rdf:RDF xmlns:rdf="http://www.w3.org/1999/02/22-rdf-syntax-ns#" xmlns:bqmodel="http://biomodels.net/model-qualifiers/" xmlns:bqbiol="http://biomodels.net/biology-qualifiers/">
            <rdf:Description rdf:about="#metaid_0000086">
	<bqbiol:isVersionOf>
	<rdf:Bag>
	<rdf:li rdf:resource="http://identifiers.org/go/GO:0030163"/>
	</rdf:Bag>
	</bqbiol:isVersionOf>
	</rdf:Description>
	
	</rdf:RDF>
	</annotation>
              <listOfReactants>
          <speciesReference metaid="_760970" species="species_0000001"/>
        </listOfReactants>
        <kineticLaw metaid="_760982">
          <math xmlns="http://www.w3.org/1998/Math/MathML">          
            <apply>
              <times/>
              <ci> compartment_0000001 </ci>
              <ci> parameter_0000048 </ci>
              <ci> species_0000001 </ci>
            </apply>
          </math>
                </kineticLaw>
      </reaction>
      <reaction id="reaction_0000021" metaid="metaid_0000087" name="Per-P_nuc aspecific degradation" reversible="false">
        <annotation>
	<rdf:RDF xmlns:rdf="http://www.w3.org/1999/02/22-rdf-syntax-ns#" xmlns:bqmodel="http://biomodels.net/model-qualifiers/" xmlns:bqbiol="http://biomodels.net/biology-qualifiers/">
            <rdf:Description rdf:about="#metaid_0000087">
	<bqbiol:isVersionOf>
	<rdf:Bag>
	<rdf:li rdf:resource="http://identifiers.org/go/GO:0030163"/>
	</rdf:Bag>
	</bqbiol:isVersionOf>
	</rdf:Description>
	
	</rdf:RDF>
	</annotation>
              <listOfReactants>
          <speciesReference metaid="_760994" species="species_0000002"/>
        </listOfReactants>
        <kineticLaw metaid="_761006">
          <math xmlns="http://www.w3.org/1998/Math/MathML">          
            <apply>
              <times/>
              <ci> compartment_0000001 </ci>
              <ci> parameter_0000048 </ci>
              <ci> species_0000002 </ci>
            </apply>
          </math>
                </kineticLaw>
      </reaction>
      <reaction id="reaction_0000022" metaid="metaid_0000088" name="Per-PP_nuc aspecific degradation" reversible="false">
        <annotation>
	<rdf:RDF xmlns:rdf="http://www.w3.org/1999/02/22-rdf-syntax-ns#" xmlns:bqmodel="http://biomodels.net/model-qualifiers/" xmlns:bqbiol="http://biomodels.net/biology-qualifiers/">
            <rdf:Description rdf:about="#metaid_0000088">
	<bqbiol:isVersionOf>
	<rdf:Bag>
	<rdf:li rdf:resource="http://identifiers.org/go/GO:0030163"/>
	</rdf:Bag>
	</bqbiol:isVersionOf>
	</rdf:Description>
	
	</rdf:RDF>
	</annotation>
              <listOfReactants>
          <speciesReference metaid="_761018" species="species_0000003"/>
        </listOfReactants>
        <kineticLaw metaid="_761030">
          <math xmlns="http://www.w3.org/1998/Math/MathML">          
            <apply>
              <times/>
              <ci> compartment_0000001 </ci>
              <ci> parameter_0000048 </ci>
              <ci> species_0000003 </ci>
            </apply>
          </math>
                </kineticLaw>
      </reaction>
    </listOfReactions>
  </model>
</sbml>