<?xml version='1.0' encoding='UTF-8' standalone='no'?>
<sbml xmlns="http://www.sbml.org/sbml/level2/version4" level="2" metaid="_048392" version="4" xmlns:bqbiol="http://biomodels.net/biology-qualifiers/" xmlns:bqmodel="http://biomodels.net/model-qualifiers/" xmlns:dc="http://purl.org/dc/elements/1.1/" xmlns:dcterms="http://purl.org/dc/terms/" xmlns:rdf="http://www.w3.org/1999/02/22-rdf-syntax-ns#" xmlns:vCard="http://www.w3.org/2001/vcard-rdf/3.0#">
  <model id="Teusink1998_Glycolysis_TurboDesign" metaid="metaid_00000002" name="Teusink1998_Glycolysis_TurboDesign">
    <notes>
      <body xmlns="http://www.w3.org/1999/xhtml">
        <p>This is the model described in the article:      <br/>
                <strong>The danger of metabolic pathways with turbo design</strong>
                <br/>
          Teusink B, Walsh MC, van Dam K, Westerhoff HV      <em>Trends Biochem. Sci.</em>
          1998 May; Volume: 23 (Issue: 5 ): 162-9      <a href="http://www.ncbi.nlm.nih.gov/pubmed/9612078">9612078</a>
          ,      <br/>
                <strong>Abstract:</strong>
                <br/>
          Many catabolic pathways begin with an ATP-requiring activation step, after which further metabolism yields a surplus of ATP. Such a 'turbo' principle is useful but also contains an inherent risk. This is illustrated by a detailed kinetic analysis of a paradoxical Saccharomyces cerevisiae mutant; the mutant fails to grow on glucose because of overactive initial enzymes of glycolysis, but is defective only in an enzyme (trehalose 6-phosphate synthase) that appears to have little relevance to glycolysis. The ubiquity of pathways that possess an initial activation step, suggests that there might be many more genes that, when deleted, cause rather paradoxical regulation phenotypes (i.e. growth defects caused by enhanced utilization of growth substrate).      </p>
            <p>The model represents the wild-type cell: 'guarded' glycolysis, which is the inhibition of the HK module by hexose monophosphate. The model reproduces figures 3c and 3d of the reference publication.</p>
            <p>To reproduce unguarded glycolysis, set parameter wild_type to '0'.</p>
            <p>This model originates from BioModels Database: A Database of Annotated Published Models (http://www.ebi.ac.uk/biomodels/). It is copyright (c) 2005-2010 The BioModels.net Team.      <br/>
          For more information see the      <a href="http://www.ebi.ac.uk/biomodels/legal.html" target="_blank">terms of use</a>
          .      <br/>
          To cite BioModels Database, please use:      <a href="http://www.ncbi.nlm.nih.gov/pubmed/20587024" target="_blank">Li C, Donizelli M, Rodriguez N, Dharuri H, Endler L, Chelliah V, Li L, He E, Henry A, Stefan MI, Snoep JL, Hucka M, Le Novère N, Laibe C (2010) BioModels Database: An enhanced, curated and annotated resource for published quantitative kinetic models. BMC Syst Biol., 4:92.</a>
                </p>
            </body>
      
    </notes>
    <annotation>
      <rdf:RDF xmlns:rdf="http://www.w3.org/1999/02/22-rdf-syntax-ns#" xmlns:bqmodel="http://biomodels.net/model-qualifiers/" xmlns:vCard="http://www.w3.org/2001/vcard-rdf/3.0#" xmlns:dc="http://purl.org/dc/elements/1.1/" xmlns:dcterms="http://purl.org/dc/terms/" xmlns:bqbiol="http://biomodels.net/biology-qualifiers/">
        <rdf:Description rdf:about="#metaid_00000002">
	<dc:creator>
	<rdf:Bag>
	<rdf:li rdf:parseType="Resource">
	<vCard:N rdf:parseType="Resource">
	<vCard:Family>Smallbone</vCard:Family>
	<vCard:Given>Kieran</vCard:Given>
	</vCard:N>
	<vCard:EMAIL>kieran.smallbone@manchester.ac.uk</vCard:EMAIL>
	<vCard:ORG rdf:parseType="Resource">
	<vCard:Orgname>University of Manchester</vCard:Orgname>
	</vCard:ORG>
	</rdf:li>
	</rdf:Bag>
	</dc:creator>
	<dcterms:created rdf:parseType="Resource">
	<dcterms:W3CDTF>2010-07-20T00:00:00Z</dcterms:W3CDTF>
	</dcterms:created>
	<dcterms:modified rdf:parseType="Resource">
	<dcterms:W3CDTF>2010-12-02T22:45:30Z</dcterms:W3CDTF>
	</dcterms:modified>
	<bqmodel:is>
	<rdf:Bag>
	<rdf:li rdf:resource="http://identifiers.org/biomodels.db/MODEL1007200002"/>
	</rdf:Bag>
	</bqmodel:is>
	<bqmodel:is>
	<rdf:Bag>
	<rdf:li rdf:resource="http://identifiers.org/biomodels.db/BIOMD0000000253"/>
	</rdf:Bag>
	</bqmodel:is>
	<bqmodel:isDescribedBy>
	<rdf:Bag>
	<rdf:li rdf:resource="http://identifiers.org/pubmed/9612078"/>
	</rdf:Bag>
	</bqmodel:isDescribedBy>
	<bqbiol:hasTaxon>
	<rdf:Bag>
	<rdf:li rdf:resource="http://identifiers.org/taxonomy/4932"/>
	</rdf:Bag>
	</bqbiol:hasTaxon>
	<bqbiol:isHomologTo>
	<rdf:Bag>
	<rdf:li rdf:resource="http://identifiers.org/reactome/REACT_1383"/>
	</rdf:Bag>
	</bqbiol:isHomologTo>
	<bqbiol:isVersionOf>
	<rdf:Bag>
	<rdf:li rdf:resource="http://identifiers.org/kegg.pathway/sce00010"/>
	</rdf:Bag>
	</bqbiol:isVersionOf>
	<bqbiol:isVersionOf>
	<rdf:Bag>
	<rdf:li rdf:resource="http://identifiers.org/go/GO:0006096"/>
	</rdf:Bag>
	</bqbiol:isVersionOf>
	</rdf:Description>
	
      </rdf:RDF>
    </annotation>
      <listOfUnitDefinitions>
      <unitDefinition id="substance" metaid="_048404" name="mmol">
        <listOfUnits>
          <unit kind="mole" metaid="_048417" scale="-3"/>
        </listOfUnits>
      </unitDefinition>
      <unitDefinition id="time" metaid="_048429" name="min">
        <listOfUnits>
          <unit kind="second" metaid="_048441" multiplier="60"/>
        </listOfUnits>
      </unitDefinition>
      <unitDefinition id="mM" metaid="_048453" name="mM">
        <listOfUnits>
          <unit kind="mole" metaid="_048465" scale="-3"/>
          <unit exponent="-1" kind="litre" metaid="_048477"/>
        </listOfUnits>
      </unitDefinition>
      <unitDefinition id="mM_per_min" metaid="_048489" name="mM per min">
        <listOfUnits>
          <unit kind="mole" metaid="_048501" scale="-3"/>
          <unit exponent="-1" kind="litre" metaid="_048513"/>
          <unit exponent="-1" kind="second" metaid="_048525" multiplier="60"/>
        </listOfUnits>
      </unitDefinition>
    </listOfUnitDefinitions>
    <listOfCompartments>
      <compartment id="cell" metaid="metaid_cell" name="cell" size="1">
        <annotation>
          <rdf:RDF xmlns:rdf="http://www.w3.org/1999/02/22-rdf-syntax-ns#" xmlns:bqmodel="http://biomodels.net/model-qualifiers/" xmlns:bqbiol="http://biomodels.net/biology-qualifiers/">
            <rdf:Description rdf:about="#metaid_cell">
	<bqbiol:is>
	<rdf:Bag>
	<rdf:li rdf:resource="http://identifiers.org/go/GO:0005622"/>
	</rdf:Bag>
	</bqbiol:is>
	</rdf:Description>
	
          </rdf:RDF>
        </annotation>
            </compartment>
    </listOfCompartments>
    <listOfSpecies>
      <species compartment="cell" id="HMP" initialConcentration="0.1" metaid="metaid_HMP" name="hexose monophosphate" sboTerm="SBO:0000247">
        <annotation>
          <rdf:RDF xmlns:rdf="http://www.w3.org/1999/02/22-rdf-syntax-ns#" xmlns:bqmodel="http://biomodels.net/model-qualifiers/" xmlns:bqbiol="http://biomodels.net/biology-qualifiers/">
            <rdf:Description rdf:about="#metaid_HMP">
	<bqbiol:hasPart>
	<rdf:Bag>
	<rdf:li rdf:resource="http://identifiers.org/chebi/CHEBI:16084"/>
	<rdf:li rdf:resource="http://identifiers.org/chebi/CHEBI:17665"/>
	</rdf:Bag>
	</bqbiol:hasPart>
	</rdf:Description>
	
          </rdf:RDF>
        </annotation>
            </species>
      <species compartment="cell" id="Fru16P2" initialConcentration="1" metaid="metaid_Fru16P2" name="fructose 1,6-bisphosphate" sboTerm="SBO:0000247">
        <annotation>
          <rdf:RDF xmlns:rdf="http://www.w3.org/1999/02/22-rdf-syntax-ns#" xmlns:bqmodel="http://biomodels.net/model-qualifiers/" xmlns:bqbiol="http://biomodels.net/biology-qualifiers/">
            <rdf:Description rdf:about="#metaid_Fru16P2">
	<bqbiol:is>
	<rdf:Bag>
	<rdf:li rdf:resource="http://identifiers.org/chebi/CHEBI:16905"/>
	</rdf:Bag>
	</bqbiol:is>
	</rdf:Description>
	
          </rdf:RDF>
        </annotation>
            </species>
      <species compartment="cell" id="ATP" initialConcentration="4" metaid="metaid_ATP" name="ATP" sboTerm="SBO:0000247">
        <annotation>
          <rdf:RDF xmlns:rdf="http://www.w3.org/1999/02/22-rdf-syntax-ns#" xmlns:bqmodel="http://biomodels.net/model-qualifiers/" xmlns:bqbiol="http://biomodels.net/biology-qualifiers/">
            <rdf:Description rdf:about="#metaid_ATP">
	<bqbiol:is>
	<rdf:Bag>
	<rdf:li rdf:resource="http://identifiers.org/chebi/CHEBI:15422"/>
	</rdf:Bag>
	</bqbiol:is>
	</rdf:Description>
	
          </rdf:RDF>
        </annotation>
            </species>
      <species boundaryCondition="true" compartment="cell" id="Glc" initialConcentration="10" metaid="metaid_Glc" name="glucose" sboTerm="SBO:0000247">
        <annotation>
          <rdf:RDF xmlns:rdf="http://www.w3.org/1999/02/22-rdf-syntax-ns#" xmlns:bqmodel="http://biomodels.net/model-qualifiers/" xmlns:bqbiol="http://biomodels.net/biology-qualifiers/">
            <rdf:Description rdf:about="#metaid_Glc">
	<bqbiol:is>
	<rdf:Bag>
	<rdf:li rdf:resource="http://identifiers.org/chebi/CHEBI:17925"/>
	</rdf:Bag>
	</bqbiol:is>
	</rdf:Description>
	
          </rdf:RDF>
        </annotation>
            </species>
      <species boundaryCondition="true" compartment="cell" id="Tre6P" metaid="metaid_Tre6P" name="trehalose 6-phosphate" sboTerm="SBO:0000247">
        <annotation>
          <rdf:RDF xmlns:rdf="http://www.w3.org/1999/02/22-rdf-syntax-ns#" xmlns:bqmodel="http://biomodels.net/model-qualifiers/" xmlns:bqbiol="http://biomodels.net/biology-qualifiers/">
            <rdf:Description rdf:about="#metaid_Tre6P">
	<bqbiol:is>
	<rdf:Bag>
	<rdf:li rdf:resource="http://identifiers.org/chebi/CHEBI:18283"/>
	</rdf:Bag>
	</bqbiol:is>
	</rdf:Description>
	
          </rdf:RDF>
        </annotation>
            </species>
      <species boundaryCondition="true" compartment="cell" id="ADP" metaid="metaid_ADP" name="ADP" sboTerm="SBO:0000247">
        <annotation>
          <rdf:RDF xmlns:rdf="http://www.w3.org/1999/02/22-rdf-syntax-ns#" xmlns:bqmodel="http://biomodels.net/model-qualifiers/" xmlns:bqbiol="http://biomodels.net/biology-qualifiers/">
            <rdf:Description rdf:about="#metaid_ADP">
	<bqbiol:is>
	<rdf:Bag>
	<rdf:li rdf:resource="http://identifiers.org/chebi/CHEBI:16761"/>
	</rdf:Bag>
	</bqbiol:is>
	</rdf:Description>
	
          </rdf:RDF>
        </annotation>
            </species>
    </listOfSpecies>
    <listOfParameters>
      <parameter constant="false" id="lambda1" metaid="_892595"/>
      <parameter constant="false" id="lambda2" metaid="_892596"/>
      <parameter constant="false" id="lambda3" metaid="_892599"/>
      <parameter constant="false" id="R" metaid="_892602"/>
      <parameter constant="false" id="T" metaid="_892605"/>
      <parameter constant="false" id="L" metaid="_892608"/>
      <parameter id="KRHMP" metaid="_892611" sboTerm="SBO:0000194" units="mM" value="1"/>
      <parameter id="gR" metaid="_892614" value="10"/>
      <parameter id="c1" metaid="_892617" value="0.0005"/>
      <parameter id="L0" metaid="_892620" value="1000"/>
      <parameter id="KRATP" metaid="_892623" sboTerm="SBO:0000194" units="mM" value="0.06"/>
      <parameter id="gT" metaid="_892626" value="1"/>
      <parameter id="c2" metaid="_892629" value="1"/>
      <parameter id="KiATP" metaid="_892632" sboTerm="SBO:0000261" units="mM" value="10"/>
      <parameter id="ci" metaid="_892635" value="10"/>
    </listOfParameters>
    <listOfRules>
      <assignmentRule metaid="_892572" variable="Tre6P">
        <math xmlns="http://www.w3.org/1998/Math/MathML">        
          <apply>
            <power/>
            <ci> HMP </ci>
            <cn type="integer"> 2 </cn>
          </apply>
        </math>
            </assignmentRule>
      <assignmentRule metaid="_892575" variable="ADP">
        <math xmlns="http://www.w3.org/1998/Math/MathML">        
          <apply>
            <minus/>
            <cn type="integer"> 5 </cn>
            <ci> ATP </ci>
          </apply>
        </math>
            </assignmentRule>
      <assignmentRule metaid="_892578" variable="lambda1">
        <math xmlns="http://www.w3.org/1998/Math/MathML">        
          <apply>
            <divide/>
            <ci> HMP </ci>
            <ci> KRHMP </ci>
          </apply>
        </math>
            </assignmentRule>
      <assignmentRule metaid="_892581" variable="lambda2">
        <math xmlns="http://www.w3.org/1998/Math/MathML">        
          <apply>
            <divide/>
            <ci> ATP </ci>
            <ci> KRATP </ci>
          </apply>
        </math>
            </assignmentRule>
      <assignmentRule metaid="_892584" variable="lambda3">
        <math xmlns="http://www.w3.org/1998/Math/MathML">        
          <apply>
            <divide/>
            <ci> ATP </ci>
            <ci> KiATP </ci>
          </apply>
        </math>
            </assignmentRule>
      <assignmentRule metaid="_892587" variable="R">
        <math xmlns="http://www.w3.org/1998/Math/MathML">        
          <apply>
            <plus/>
            <cn type="integer"> 1 </cn>
            <ci> lambda1 </ci>
            <ci> lambda2 </ci>
            <apply>
              <times/>
              <ci> gR </ci>
              <ci> lambda1 </ci>
              <ci> lambda2 </ci>
            </apply>
          </apply>
        </math>
            </assignmentRule>
      <assignmentRule metaid="_892590" variable="T">
        <math xmlns="http://www.w3.org/1998/Math/MathML">        
          <apply>
            <plus/>
            <cn type="integer"> 1 </cn>
            <apply>
              <times/>
              <ci> c1 </ci>
              <ci> lambda1 </ci>
            </apply>
            <apply>
              <times/>
              <ci> c2 </ci>
              <ci> lambda2 </ci>
            </apply>
            <apply>
              <times/>
              <ci> gT </ci>
              <ci> c1 </ci>
              <ci> lambda1 </ci>
              <ci> c2 </ci>
              <ci> lambda2 </ci>
            </apply>
          </apply>
        </math>
            </assignmentRule>
      <assignmentRule metaid="_892593" variable="L">
        <math xmlns="http://www.w3.org/1998/Math/MathML">        
          <apply>
            <times/>
            <ci> L0 </ci>
            <apply>
              <power/>
              <apply>
                <divide/>
                <apply>
                  <plus/>
                  <cn type="integer"> 1 </cn>
                  <apply>
                    <times/>
                    <ci> ci </ci>
                    <ci> lambda3 </ci>
                  </apply>
                </apply>
                <apply>
                  <plus/>
                  <cn type="integer"> 1 </cn>
                  <ci> lambda3 </ci>
                </apply>
              </apply>
              <cn type="integer"> 2 </cn>
            </apply>
          </apply>
        </math>
            </assignmentRule>
    </listOfRules>
    <listOfReactions>
      <reaction id="HK" metaid="_892546" name="hexokinase" reversible="false" sboTerm="SBO:0000176">
        <annotation>
          <rdf:RDF xmlns:rdf="http://www.w3.org/1999/02/22-rdf-syntax-ns#" xmlns:bqmodel="http://biomodels.net/model-qualifiers/" xmlns:bqbiol="http://biomodels.net/biology-qualifiers/">
            <rdf:Description rdf:about="#_892546">
              <bqbiol:isHomologTo>
	<rdf:Bag>
	<rdf:li rdf:resource="http://identifiers.org/reactome/REACT_1318"/>
	</rdf:Bag>
	</bqbiol:isHomologTo>
	<bqbiol:isVersionOf>
	<rdf:Bag>
	<rdf:li rdf:resource="http://identifiers.org/go/GO:0004396"/>
	</rdf:Bag>
	</bqbiol:isVersionOf>
	<bqbiol:isVersionOf>
	<rdf:Bag>
	<rdf:li rdf:resource="http://identifiers.org/kegg.reaction/R02848"/>
	</rdf:Bag>
	</bqbiol:isVersionOf>
	
	<bqbiol:isVersionOf>
	<rdf:Bag>
	<rdf:li rdf:resource="http://identifiers.org/ec-code/2.7.1.1"/>
	</rdf:Bag>
	</bqbiol:isVersionOf>
	</rdf:Description>
	
          </rdf:RDF>
        </annotation>
              <listOfReactants>
          <speciesReference metaid="_048537" species="Glc"/>
          <speciesReference metaid="_048549" species="ATP"/>
        </listOfReactants>
        <listOfProducts>
          <speciesReference metaid="_048561" species="HMP"/>
        </listOfProducts>
        <listOfModifiers>
          <modifierSpeciesReference metaid="_048573" species="Tre6P"/>
        </listOfModifiers>
        <kineticLaw metaid="_048585">
          <math xmlns="http://www.w3.org/1998/Math/MathML">          
            <apply>
              <divide/>
              <apply>
                <divide/>
                <apply>
                  <times/>
                  <ci> cell </ci>
                  <ci> VHK </ci>
                  <ci> Glc </ci>
                  <ci> ATP </ci>
                </apply>
                <apply>
                  <times/>
                  <ci> KGlc </ci>
                  <ci> KATP </ci>
                </apply>
              </apply>
              <apply>
                <times/>
                <apply>
                  <plus/>
                  <cn type="integer"> 1 </cn>
                  <apply>
                    <divide/>
                    <ci> Glc </ci>
                    <ci> KGlc </ci>
                  </apply>
                  <apply>
                    <divide/>
                    <apply>
                      <times/>
                      <ci> wild_type </ci>
                      <ci> Tre6P </ci>
                    </apply>
                    <ci> KiTre6P </ci>
                  </apply>
                </apply>
                <apply>
                  <plus/>
                  <cn type="integer"> 1 </cn>
                  <apply>
                    <divide/>
                    <ci> ATP </ci>
                    <ci> KATP </ci>
                  </apply>
                </apply>
              </apply>
            </apply>
          </math>
                  <listOfParameters>
            <parameter id="VHK" metaid="_892550" sboTerm="SBO:0000324" units="mM_per_min" value="68"/>
            <parameter id="KATP" metaid="_892551" sboTerm="SBO:0000322" units="mM" value="0.15"/>
            <parameter id="KGlc" metaid="_892552" sboTerm="SBO:0000322" units="mM" value="1"/>
            <parameter id="KiTre6P" metaid="_892555" sboTerm="SBO:0000261" units="mM" value="4.422"/>
            <parameter id="wild_type" metaid="_892558" units="dimensionless" value="1"/>
          </listOfParameters>
        </kineticLaw>
      </reaction>
      <reaction id="PFK" metaid="_892547" name="phosphofructokinase" reversible="false" sboTerm="SBO:0000176">
        <annotation>
          <rdf:RDF xmlns:rdf="http://www.w3.org/1999/02/22-rdf-syntax-ns#" xmlns:bqmodel="http://biomodels.net/model-qualifiers/" xmlns:bqbiol="http://biomodels.net/biology-qualifiers/">
            <rdf:Description rdf:about="#_892547">
              <bqbiol:isHomologTo>
	<rdf:Bag>
	<rdf:li rdf:resource="http://identifiers.org/reactome/REACT_1840"/>
	</rdf:Bag>
	</bqbiol:isHomologTo>
	<bqbiol:isVersionOf>
	<rdf:Bag>
	<rdf:li rdf:resource="http://identifiers.org/go/GO:0008662"/>
	</rdf:Bag>
	</bqbiol:isVersionOf>
	<bqbiol:isVersionOf>
	<rdf:Bag>
	<rdf:li rdf:resource="http://identifiers.org/ec-code/2.7.1.11"/>
	</rdf:Bag>
	</bqbiol:isVersionOf>
	
	<bqbiol:isVersionOf>
	<rdf:Bag>
	<rdf:li rdf:resource="http://identifiers.org/kegg.reaction/R00756"/>
	</rdf:Bag>
	</bqbiol:isVersionOf>
	</rdf:Description>
	
          </rdf:RDF>
        </annotation>
              <listOfReactants>
          <speciesReference metaid="_048597" species="HMP"/>
          <speciesReference metaid="_048609" species="ATP"/>
        </listOfReactants>
        <listOfProducts>
          <speciesReference metaid="_048621" species="Fru16P2"/>
        </listOfProducts>
        <kineticLaw metaid="_048633">
          <math xmlns="http://www.w3.org/1998/Math/MathML">          
            <apply>
              <divide/>
              <apply>
                <times/>
                <ci> cell </ci>
                <ci> VPFK </ci>
                <ci> gR </ci>
                <ci> lambda1 </ci>
                <ci> lambda2 </ci>
                <ci> R </ci>
              </apply>
              <apply>
                <plus/>
                <apply>
                  <power/>
                  <ci> R </ci>
                  <cn type="integer"> 2 </cn>
                </apply>
                <apply>
                  <times/>
                  <ci> L </ci>
                  <apply>
                    <power/>
                    <ci> T </ci>
                    <cn type="integer"> 2 </cn>
                  </apply>
                </apply>
              </apply>
            </apply>
          </math>
                  <listOfParameters>
            <parameter id="VPFK" metaid="_892559" sboTerm="SBO:0000324" units="mM_per_min" value="30"/>
          </listOfParameters>
        </kineticLaw>
      </reaction>
      <reaction id="lower" metaid="_892548" name="lower" reversible="false" sboTerm="SBO:0000176">
        <annotation>
          <rdf:RDF xmlns:rdf="http://www.w3.org/1999/02/22-rdf-syntax-ns#" xmlns:bqmodel="http://biomodels.net/model-qualifiers/" xmlns:bqbiol="http://biomodels.net/biology-qualifiers/">
            <rdf:Description rdf:about="#_892548">
              <bqbiol:hasVersion>
	<rdf:Bag>
	<rdf:li rdf:resource="http://identifiers.org/ec-code/4.1.2.13"/>
	<rdf:li rdf:resource="http://identifiers.org/ec-code/5.3.1.1"/>
	<rdf:li rdf:resource="http://identifiers.org/ec-code/4.2.1.11"/>
	<rdf:li rdf:resource="http://identifiers.org/ec-code/5.4.2.1"/>
	<rdf:li rdf:resource="http://identifiers.org/ec-code/2.7.2.3"/>
	<rdf:li rdf:resource="http://identifiers.org/ec-code/2.7.1.40"/>
	<rdf:li rdf:resource="http://identifiers.org/ec-code/1.2.1.12"/>
	</rdf:Bag>
	</bqbiol:hasVersion>
	
	<bqbiol:hasVersion>
	<rdf:Bag>
	<rdf:li rdf:resource="http://identifiers.org/kegg.reaction/R01070"/>
	<rdf:li rdf:resource="http://identifiers.org/kegg.reaction/R01061"/>
	<rdf:li rdf:resource="http://identifiers.org/kegg.reaction/R01015"/>
	<rdf:li rdf:resource="http://identifiers.org/kegg.reaction/R01512"/>
	<rdf:li rdf:resource="http://identifiers.org/kegg.reaction/R01518"/>
	<rdf:li rdf:resource="http://identifiers.org/kegg.reaction/R00658"/>
	<rdf:li rdf:resource="http://identifiers.org/kegg.reaction/R00200"/>
	</rdf:Bag>
	</bqbiol:hasVersion>
	</rdf:Description>
	
          </rdf:RDF>
        </annotation>
              <listOfReactants>
          <speciesReference metaid="_048645" species="Fru16P2"/>
          <speciesReference metaid="_048658" species="ADP" stoichiometry="4"/>
        </listOfReactants>
        <listOfProducts>
          <speciesReference metaid="_048670" species="ATP" stoichiometry="4"/>
        </listOfProducts>
        <kineticLaw metaid="_048682">
          <math xmlns="http://www.w3.org/1998/Math/MathML">          
            <apply>
              <divide/>
              <apply>
                <divide/>
                <apply>
                  <times/>
                  <ci> cell </ci>
                  <ci> Vlower </ci>
                  <ci> Fru16P2 </ci>
                  <ci> ADP </ci>
                </apply>
                <apply>
                  <times/>
                  <ci> KFru16P2 </ci>
                  <ci> KADP </ci>
                </apply>
              </apply>
              <apply>
                <times/>
                <apply>
                  <plus/>
                  <cn type="integer"> 1 </cn>
                  <apply>
                    <divide/>
                    <ci> Fru16P2 </ci>
                    <ci> KFru16P2 </ci>
                  </apply>
                </apply>
                <apply>
                  <plus/>
                  <cn type="integer"> 1 </cn>
                  <apply>
                    <divide/>
                    <ci> ADP </ci>
                    <ci> KADP </ci>
                  </apply>
                </apply>
              </apply>
            </apply>
          </math>
                  <listOfParameters>
            <parameter id="Vlower" metaid="_892561" sboTerm="SBO:0000324" units="mM_per_min" value="20"/>
            <parameter id="KFru16P2" metaid="_892564" sboTerm="SBO:0000322" units="mM" value="1"/>
            <parameter id="KADP" metaid="_892567" sboTerm="SBO:0000322" units="mM" value="0.1"/>
          </listOfParameters>
        </kineticLaw>
      </reaction>
      <reaction id="ATPase" metaid="_892549" name="ATPase" reversible="false" sboTerm="SBO:0000176">
        <annotation>
          <rdf:RDF xmlns:rdf="http://www.w3.org/1999/02/22-rdf-syntax-ns#" xmlns:bqmodel="http://biomodels.net/model-qualifiers/" xmlns:bqbiol="http://biomodels.net/biology-qualifiers/">
            <rdf:Description rdf:about="#_892549">
              <bqbiol:isVersionOf>
	<rdf:Bag>
	<rdf:li rdf:resource="http://identifiers.org/go/GO:0016887"/>
	</rdf:Bag>
	</bqbiol:isVersionOf>
	
	<bqbiol:isVersionOf>
	<rdf:Bag>
	<rdf:li rdf:resource="http://identifiers.org/ec-code/3.6.1.3"/>
	</rdf:Bag>
	</bqbiol:isVersionOf>
	</rdf:Description>
	
          </rdf:RDF>
        </annotation>
              <listOfReactants>
          <speciesReference metaid="_048694" species="ATP"/>
        </listOfReactants>
        <listOfProducts>
          <speciesReference metaid="_048706" species="ADP"/>
        </listOfProducts>
        <kineticLaw metaid="_048718">
          <math xmlns="http://www.w3.org/1998/Math/MathML">          
            <apply>
              <divide/>
              <apply>
                <times/>
                <ci> cell </ci>
                <ci> VATPase </ci>
                <ci> ATP </ci>
              </apply>
              <apply>
                <plus/>
                <ci> KATP </ci>
                <ci> ATP </ci>
              </apply>
            </apply>
          </math>
                  <listOfParameters>
            <parameter id="VATPase" metaid="_892568" sboTerm="SBO:0000324" units="mM_per_min" value="68"/>
            <parameter id="KATP" metaid="_892569" sboTerm="SBO:0000322" units="mM" value="3"/>
          </listOfParameters>
        </kineticLaw>
      </reaction>
    </listOfReactions>
  </model>
</sbml>