<?xml version="1.0" encoding="UTF-8"?>
<!-- Created by libAntimony version v2.13.3 with libSBML version 5.20.0. -->
<sbml xmlns="http://www.sbml.org/sbml/level3/version2/core" metaid="d15699fa-22ea-4e43-8bdb-997976bf8044" level="3" version="2">
  <model metaid="_054781" id="Kolomeisky2003_myosin" name="Kolomeisky2003_MyosinV_Processivity" substanceUnits="substance" timeUnits="second" volumeUnits="volume" areaUnits="area" lengthUnits="metre" extentUnits="substance">
    <notes>
      <body xmlns="http://www.w3.org/1999/xhtml">
        <p>
This is the 2 state model of Myosin V movement described in the article:<br/>
        <b>A simple kinetic model describes the processivity of myosin-v.</b>
        <br/>
Kolomeisky AB , Fisher ME  Biophys. J. 84(3):1642-50 (2003); PubmedID:<a href="http://www.ncbi.nlm.nih.gov/pubmed/12609867"> 12609867</a>
        <br/></p>
        <p>
Abstract:<br/>
Myosin-V is a motor protein responsible for organelle and vesicle transport in cells. Recent single-molecule experiments have shown that it is an efficient processive motor that walks along actin filaments taking steps of mean size close to 36 nm. A theoretical study of myosin-V motility is presented following an approach used successfully to analyze the dynamics of conventional kinesin but also taking some account of step-size variations. Much of the present experimental data for myosin-V can be well described by a two-state chemical kinetic model with three load-dependent rates. In addition, the analysis predicts the variation of the mean velocity and of the randomness-a quantitative measure of the stochastic deviations from uniform, constant-speed motion-with ATP concentration under both resisting and assisting loads, and indicates a substep of size d(0) approximately 13-14 nm (from the ATP-binding state) that appears to accord with independent observations.
</p>
        <p>The model differs slightly from the published version. The ATP and ADP bound forms of myosin are called S0 and S1. The state transition and binding constants are called k_1, k_2, k_3 and k_4 instead of k<sup>0</sup>
        <sub>0</sub>, u<sup>0</sup>
        <sub>1</sub>, k<sup>&apos;</sup>
        <sub>0</sub> and  w<sup>0</sup>
        <sub>1</sub>. Similarly the state loading factors are named th_1, th_2,  th_3 and th_4 instead of  θ<sup>+</sup>
        <sub>0</sub>, θ<sup>+</sup>
        <sub>1</sub>, θ<sup>-</sup>
        <sub>0</sub> and  θ<sup>-</sup>
        <sub>1</sub>. The species fwd_step1, fwd_step2, back_step1 and back_step2 count the number of state changes of each kind the myosine molecules have taken over time.<br/>
The model can be evaluated in a deterministic continuous or stochastic discreet fashion. The parameter V holds the (forward) speed at each time point, the V_avg the overall way divided by the simulation time and the amount of myosine molecules. 
</p>
        <p> Originally created by libAntimony v1.4 (using libSBML 3.4.1) </p>
        <p>This model originates from BioModels Database: A Database of Annotated Published Models (http://www.ebi.ac.uk/biomodels/). It is copyright (c) 2005-2011 The BioModels.net Team.<br/>
For more information see the <a href="http://www.ebi.ac.uk/biomodels/legal.html" target="_blank">terms of use</a>.<br/>
To cite BioModels Database, please use: <a href="http://www.ncbi.nlm.nih.gov/pubmed/20587024" target="_blank">Li C, Donizelli M, Rodriguez N, Dharuri H, Endler L, Chelliah V, Li L, He E, Henry A, Stefan MI, Snoep JL, Hucka M, Le Novère N, Laibe C (2010) BioModels Database: An enhanced, curated and annotated resource for published quantitative kinetic models. BMC Syst Biol., 4:92.</a></p>
      </body>
    </notes>
    <annotation>
      <rdf:RDF xmlns:rdf="http://www.w3.org/1999/02/22-rdf-syntax-ns#" xmlns:dc="http://purl.org/dc/elements/1.1/" xmlns:vCard="http://www.w3.org/2001/vcard-rdf/3.0#" xmlns:dcterms="http://purl.org/dc/terms/" xmlns:bqmodel="http://biomodels.net/model-qualifiers/" xmlns:bqbiol="http://biomodels.net/biology-qualifiers/">
        <rdf:Description rdf:about="#_054781">
          <dc:creator>
            <rdf:Bag>
              <rdf:li rdf:parseType="Resource">
                <vCard:N rdf:parseType="Resource">
                  <vCard:Family>Endler</vCard:Family>
                  <vCard:Given>Lukas</vCard:Given>
                </vCard:N>
                <vCard:EMAIL>lukas@ebi.ac.uk</vCard:EMAIL>
                <vCard:ORG rdf:parseType="Resource">
                  <vCard:Orgname>EMBL-EBI</vCard:Orgname>
                </vCard:ORG>
              </rdf:li>
            </rdf:Bag>
          </dc:creator>
          <dcterms:created rdf:parseType="Resource">
            <dcterms:W3CDTF>2006-09-29T22:36:52Z</dcterms:W3CDTF>
          </dcterms:created>
          <dcterms:modified rdf:parseType="Resource">
            <dcterms:W3CDTF>2016-04-08T16:58:25Z</dcterms:W3CDTF>
          </dcterms:modified>
          <bqmodel:is>
            <rdf:Bag>
              <rdf:li rdf:resource="http://identifiers.org/biomodels.db/MODEL6623628741"/>
            </rdf:Bag>
          </bqmodel:is>
          <bqmodel:is>
            <rdf:Bag>
              <rdf:li rdf:resource="http://identifiers.org/biomodels.db/BIOMD0000000305"/>
            </rdf:Bag>
          </bqmodel:is>
          <bqmodel:isDescribedBy>
            <rdf:Bag>
              <rdf:li rdf:resource="http://identifiers.org/pubmed/12609867"/>
            </rdf:Bag>
          </bqmodel:isDescribedBy>
          <bqbiol:isVersionOf>
            <rdf:Bag>
              <rdf:li rdf:resource="http://identifiers.org/go/GO:0000146"/>
              <rdf:li rdf:resource="http://identifiers.org/go/GO:0030832"/>
            </rdf:Bag>
          </bqbiol:isVersionOf>
          <bqbiol:hasTaxon>
            <rdf:Bag>
              <rdf:li rdf:resource="http://identifiers.org/taxonomy/2759"/>
            </rdf:Bag>
          </bqbiol:hasTaxon>
        </rdf:Description>
      </rdf:RDF>
    </annotation>
    <listOfUnitDefinitions>
      <unitDefinition metaid="substance" id="substance" name="molecules">
        <listOfUnits>
          <unit metaid="dbad731f-260c-48f9-a27e-fc1cfb30a249" kind="item" exponent="1" scale="0" multiplier="1"/>
        </listOfUnits>
      </unitDefinition>
      <unitDefinition metaid="d2a0e1c6-40ce-49fc-afab-de93edb38dce" id="umole" name="micromole">
        <listOfUnits>
          <unit metaid="_20885fb8-9680-4210-82a4-20e52a9e86ee" kind="mole" exponent="1" scale="-6" multiplier="1"/>
        </listOfUnits>
      </unitDefinition>
      <unitDefinition metaid="_8145c844-78aa-4ab0-b579-05de61feef48" id="uM" name="uM">
        <listOfUnits>
          <unit metaid="_557694cc-edf7-47c3-a33b-7d63f8c58626" kind="mole" exponent="1" scale="-6" multiplier="1"/>
          <unit metaid="eefe175d-5957-4a35-8288-96707b6db262" kind="litre" exponent="-1" scale="0" multiplier="1"/>
        </listOfUnits>
      </unitDefinition>
      <unitDefinition metaid="volume" id="volume" name="litre">
        <listOfUnits>
          <unit metaid="_7ab4f6d3-e3a4-43f1-a31f-75353a885cdd" kind="litre" exponent="1" scale="0" multiplier="1"/>
        </listOfUnits>
      </unitDefinition>
      <unitDefinition id="area">
        <listOfUnits>
          <unit kind="metre" exponent="2" scale="0" multiplier="1"/>
        </listOfUnits>
      </unitDefinition>
    </listOfUnitDefinitions>
    <listOfCompartments>
      <compartment metaid="_054788" sboTerm="SBO:0000290" id="compartment_" spatialDimensions="3" size="1e-15" units="volume" constant="true"/>
    </listOfCompartments>
    <listOfSpecies>
      <species metaid="_054789" sboTerm="SBO:0000297" id="S0" compartment="compartment_" initialAmount="10" substanceUnits="substance" hasOnlySubstanceUnits="true" boundaryCondition="false" constant="false">
        <annotation>
          <rdf:RDF xmlns:rdf="http://www.w3.org/1999/02/22-rdf-syntax-ns#" xmlns:bqbiol="http://biomodels.net/biology-qualifiers/">
            <rdf:Description rdf:about="#_054789">
              <bqbiol:is>
                <rdf:Bag>
                  <rdf:li rdf:resource="http://identifiers.org/go/GO:0031475"/>
                </rdf:Bag>
              </bqbiol:is>
            </rdf:Description>
          </rdf:RDF>
        </annotation>
      </species>
      <species metaid="_054790" sboTerm="SBO:0000247" id="ATP" compartment="compartment_" initialConcentration="20" substanceUnits="umole" hasOnlySubstanceUnits="false" boundaryCondition="true" constant="false">
        <annotation>
          <rdf:RDF xmlns:rdf="http://www.w3.org/1999/02/22-rdf-syntax-ns#" xmlns:bqbiol="http://biomodels.net/biology-qualifiers/">
            <rdf:Description rdf:about="#_054790">
              <bqbiol:is>
                <rdf:Bag>
                  <rdf:li rdf:resource="http://identifiers.org/chebi/CHEBI:15422"/>
                </rdf:Bag>
              </bqbiol:is>
              <bqbiol:is>
                <rdf:Bag>
                  <rdf:li rdf:resource="http://identifiers.org/kegg.compound/C00002"/>
                  <rdf:li rdf:resource="http://identifiers.org/pubchem.substance/3304"/>
                </rdf:Bag>
              </bqbiol:is>
            </rdf:Description>
          </rdf:RDF>
        </annotation>
      </species>
      <species metaid="_054792" sboTerm="SBO:0000297" id="S1" compartment="compartment_" initialAmount="0" substanceUnits="substance" hasOnlySubstanceUnits="true" boundaryCondition="false" constant="false">
        <annotation>
          <rdf:RDF xmlns:rdf="http://www.w3.org/1999/02/22-rdf-syntax-ns#" xmlns:bqbiol="http://biomodels.net/biology-qualifiers/">
            <rdf:Description rdf:about="#_054792">
              <bqbiol:hasPart>
                <rdf:Bag>
                  <rdf:li rdf:resource="http://identifiers.org/chebi/CHEBI:16761"/>
                </rdf:Bag>
              </bqbiol:hasPart>
              <bqbiol:hasVersion>
                <rdf:Bag>
                  <rdf:li rdf:resource="http://identifiers.org/go/GO:0031475"/>
                </rdf:Bag>
              </bqbiol:hasVersion>
            </rdf:Description>
          </rdf:RDF>
        </annotation>
      </species>
      <species metaid="_054793" sboTerm="SBO:0000247" id="Pi_" compartment="compartment_" initialConcentration="0" substanceUnits="umole" hasOnlySubstanceUnits="false" boundaryCondition="true" constant="false">
        <annotation>
          <rdf:RDF xmlns:rdf="http://www.w3.org/1999/02/22-rdf-syntax-ns#" xmlns:bqbiol="http://biomodels.net/biology-qualifiers/">
            <rdf:Description rdf:about="#_054793">
              <bqbiol:is>
                <rdf:Bag>
                  <rdf:li rdf:resource="http://identifiers.org/chebi/CHEBI:18367"/>
                </rdf:Bag>
              </bqbiol:is>
              <bqbiol:is>
                <rdf:Bag>
                  <rdf:li rdf:resource="http://identifiers.org/kegg.compound/C00009"/>
                </rdf:Bag>
              </bqbiol:is>
            </rdf:Description>
          </rdf:RDF>
        </annotation>
      </species>
      <species metaid="_054795" sboTerm="SBO:0000247" id="ADP" compartment="compartment_" initialConcentration="0" substanceUnits="umole" hasOnlySubstanceUnits="false" boundaryCondition="true" constant="false">
        <annotation>
          <rdf:RDF xmlns:rdf="http://www.w3.org/1999/02/22-rdf-syntax-ns#" xmlns:bqbiol="http://biomodels.net/biology-qualifiers/">
            <rdf:Description rdf:about="#_054795">
              <bqbiol:is>
                <rdf:Bag>
                  <rdf:li rdf:resource="http://identifiers.org/kegg.compound/C00008"/>
                </rdf:Bag>
              </bqbiol:is>
              <bqbiol:is>
                <rdf:Bag>
                  <rdf:li rdf:resource="http://identifiers.org/chebi/CHEBI:16761"/>
                  <rdf:li rdf:resource="http://identifiers.org/pubchem.substance/3310"/>
                </rdf:Bag>
              </bqbiol:is>
            </rdf:Description>
          </rdf:RDF>
        </annotation>
      </species>
      <species metaid="_054796" sboTerm="SBO:0000409" id="fwd_step1" compartment="compartment_" initialAmount="0" substanceUnits="substance" hasOnlySubstanceUnits="true" boundaryCondition="false" constant="false"/>
      <species metaid="_054798" sboTerm="SBO:0000409" id="fwd_step2" compartment="compartment_" initialAmount="0" substanceUnits="substance" hasOnlySubstanceUnits="true" boundaryCondition="false" constant="false"/>
      <species metaid="_054799" sboTerm="SBO:0000409" id="back_step1" compartment="compartment_" initialAmount="0" substanceUnits="substance" hasOnlySubstanceUnits="true" boundaryCondition="false" constant="false"/>
      <species metaid="_054801" sboTerm="SBO:0000409" id="back_step2" compartment="compartment_" initialAmount="0" substanceUnits="substance" hasOnlySubstanceUnits="true" boundaryCondition="false" constant="false"/>
    </listOfSpecies>
    <listOfParameters>
      <parameter metaid="_054818" sboTerm="SBO:0000023" id="k_1" value="0.7" constant="true"/>
      <parameter metaid="_054819" sboTerm="SBO:0000380" id="th_1" value="-0.01" constant="true"/>
      <parameter metaid="_054821" id="Force" value="0" constant="true"/>
      <parameter metaid="_054822" sboTerm="SBO:0000466" id="d" value="36" constant="true"/>
      <parameter metaid="_054824" id="kT" value="4.1164" constant="true"/>
      <parameter metaid="_054825" sboTerm="SBO:0000022" id="k_2" value="12" constant="true"/>
      <parameter metaid="_054827" sboTerm="SBO:0000380" id="th_2" value="0.045" constant="true"/>
      <parameter metaid="_054828" sboTerm="SBO:0000023" id="k_3" value="5e-06" constant="true"/>
      <parameter metaid="_054830" sboTerm="SBO:0000380" id="th_3" value="0.58" constant="true"/>
      <parameter metaid="_054831" sboTerm="SBO:0000022" id="k_4" value="6e-06" constant="true"/>
      <parameter metaid="_054833" sboTerm="SBO:0000380" id="th_4" value="0.385" constant="true"/>
      <parameter metaid="_054834" sboTerm="SBO:0000360" id="S_tot" constant="false"/>
      <parameter metaid="_054836" id="V" constant="false"/>
      <parameter metaid="_054837" id="V_ave" constant="false"/>
      <parameter metaid="_054839" sboTerm="SBO:0000347" id="tau" constant="false"/>
    </listOfParameters>
    <listOfRules>
      <assignmentRule metaid="_054811" variable="S_tot">
        <math xmlns="http://www.w3.org/1998/Math/MathML">
          <apply>
            <plus/>
            <ci> S0 </ci>
            <ci> S1 </ci>
          </apply>
        </math>
      </assignmentRule>
      <assignmentRule metaid="_054813" variable="V">
        <math xmlns="http://www.w3.org/1998/Math/MathML">
          <apply>
            <divide/>
            <apply>
              <times/>
              <ci> d </ci>
              <apply>
                <minus/>
                <apply>
                  <divide/>
                  <apply>
                    <plus/>
                    <ci> Fw_1st_step </ci>
                    <ci> Fw_2nd_step </ci>
                  </apply>
                  <cn type="integer"> 2 </cn>
                </apply>
                <apply>
                  <divide/>
                  <apply>
                    <plus/>
                    <ci> Bw_1st_step </ci>
                    <ci> Bw_2nd_step </ci>
                  </apply>
                  <cn type="integer"> 2 </cn>
                </apply>
              </apply>
            </apply>
            <ci> S_tot </ci>
          </apply>
        </math>
      </assignmentRule>
      <assignmentRule metaid="_054814" variable="V_ave">
        <math xmlns="http://www.w3.org/1998/Math/MathML">
          <apply>
            <divide/>
            <apply>
              <times/>
              <ci> d </ci>
              <apply>
                <minus/>
                <apply>
                  <divide/>
                  <apply>
                    <plus/>
                    <ci> fwd_step1 </ci>
                    <ci> fwd_step2 </ci>
                  </apply>
                  <cn type="integer"> 2 </cn>
                </apply>
                <apply>
                  <divide/>
                  <apply>
                    <plus/>
                    <ci> back_step1 </ci>
                    <ci> back_step2 </ci>
                  </apply>
                  <cn type="integer"> 2 </cn>
                </apply>
              </apply>
            </apply>
            <apply>
              <max/>
              <cn type="e-notation"> 1 <sep/> -15 </cn>
              <apply>
                <times/>
                <ci> S_tot </ci>
                <csymbol encoding="text" definitionURL="http://www.sbml.org/sbml/symbols/time"> time </csymbol>
              </apply>
            </apply>
          </apply>
        </math>
      </assignmentRule>
      <assignmentRule metaid="_054816" variable="tau">
        <math xmlns="http://www.w3.org/1998/Math/MathML">
          <apply>
            <divide/>
            <apply>
              <plus/>
              <apply>
                <times/>
                <ci> k_1 </ci>
                <ci> ATP </ci>
                <apply>
                  <exp/>
                  <apply>
                    <divide/>
                    <apply>
                      <times/>
                      <apply>
                        <minus/>
                        <ci> th_1 </ci>
                      </apply>
                      <ci> Force </ci>
                      <ci> d </ci>
                    </apply>
                    <ci> kT </ci>
                  </apply>
                </apply>
              </apply>
              <apply>
                <times/>
                <ci> k_2 </ci>
                <apply>
                  <exp/>
                  <apply>
                    <divide/>
                    <apply>
                      <times/>
                      <apply>
                        <minus/>
                        <ci> th_2 </ci>
                      </apply>
                      <ci> Force </ci>
                      <ci> d </ci>
                    </apply>
                    <ci> kT </ci>
                  </apply>
                </apply>
              </apply>
              <apply>
                <times/>
                <ci> k_3 </ci>
                <ci> ATP </ci>
                <apply>
                  <exp/>
                  <apply>
                    <divide/>
                    <apply>
                      <times/>
                      <ci> th_3 </ci>
                      <ci> Force </ci>
                      <ci> d </ci>
                    </apply>
                    <ci> kT </ci>
                  </apply>
                </apply>
              </apply>
              <apply>
                <times/>
                <ci> k_4 </ci>
                <apply>
                  <exp/>
                  <apply>
                    <divide/>
                    <apply>
                      <times/>
                      <ci> th_4 </ci>
                      <ci> Force </ci>
                      <ci> d </ci>
                    </apply>
                    <ci> kT </ci>
                  </apply>
                </apply>
              </apply>
            </apply>
            <apply>
              <plus/>
              <apply>
                <times/>
                <ci> k_1 </ci>
                <ci> ATP </ci>
                <apply>
                  <exp/>
                  <apply>
                    <divide/>
                    <apply>
                      <times/>
                      <apply>
                        <minus/>
                        <ci> th_1 </ci>
                      </apply>
                      <ci> Force </ci>
                      <ci> d </ci>
                    </apply>
                    <ci> kT </ci>
                  </apply>
                </apply>
                <ci> k_2 </ci>
                <apply>
                  <exp/>
                  <apply>
                    <divide/>
                    <apply>
                      <times/>
                      <apply>
                        <minus/>
                        <ci> th_2 </ci>
                      </apply>
                      <ci> Force </ci>
                      <ci> d </ci>
                    </apply>
                    <ci> kT </ci>
                  </apply>
                </apply>
              </apply>
              <apply>
                <times/>
                <ci> k_3 </ci>
                <ci> ATP </ci>
                <apply>
                  <exp/>
                  <apply>
                    <divide/>
                    <apply>
                      <times/>
                      <ci> th_3 </ci>
                      <ci> Force </ci>
                      <ci> d </ci>
                    </apply>
                    <ci> kT </ci>
                  </apply>
                </apply>
                <ci> k_4 </ci>
                <apply>
                  <exp/>
                  <apply>
                    <divide/>
                    <apply>
                      <times/>
                      <ci> th_4 </ci>
                      <ci> Force </ci>
                      <ci> d </ci>
                    </apply>
                    <ci> kT </ci>
                  </apply>
                </apply>
              </apply>
            </apply>
          </apply>
        </math>
      </assignmentRule>
    </listOfRules>
    <listOfReactions>
      <reaction metaid="_054802" sboTerm="SBO:0000376" id="Fw_1st_step" reversible="false">
        <annotation>
          <rdf:RDF xmlns:rdf="http://www.w3.org/1999/02/22-rdf-syntax-ns#" xmlns:bqbiol="http://biomodels.net/biology-qualifiers/">
            <rdf:Description rdf:about="#_054802">
              <bqbiol:hasPart>
                <rdf:Bag>
                  <rdf:li rdf:resource="http://identifiers.org/ec-code/3.6.4.1"/>
                </rdf:Bag>
              </bqbiol:hasPart>
            </rdf:Description>
          </rdf:RDF>
        </annotation>
        <listOfReactants>
          <speciesReference metaid="_88679696-c4cd-4880-8ec3-754b0b397929" species="S0" stoichiometry="1" constant="true"/>
          <speciesReference metaid="_5a543b94-4fce-4902-abef-e7f444294e9f" species="ATP" stoichiometry="1" constant="true"/>
        </listOfReactants>
        <listOfProducts>
          <speciesReference metaid="c77b57b1-b847-423c-9697-494c5d996dd1" species="S1" stoichiometry="1" constant="true"/>
          <speciesReference metaid="_8c3decde-ce7b-4ca3-a3b9-f2803cab34ad" species="Pi_" stoichiometry="1" constant="true"/>
          <speciesReference metaid="_9a2d7376-e298-437d-8b7b-77635841e10d" species="fwd_step1" stoichiometry="1" constant="true"/>
        </listOfProducts>
        <kineticLaw metaid="e1d33d16-3723-4791-8c43-73ae605c39c1">
          <math xmlns="http://www.w3.org/1998/Math/MathML">
            <apply>
              <times/>
              <ci> k_1 </ci>
              <ci> S0 </ci>
              <ci> ATP </ci>
              <apply>
                <exp/>
                <apply>
                  <divide/>
                  <apply>
                    <times/>
                    <apply>
                      <minus/>
                      <ci> th_1 </ci>
                    </apply>
                    <ci> Force </ci>
                    <ci> d </ci>
                  </apply>
                  <ci> kT </ci>
                </apply>
              </apply>
            </apply>
          </math>
        </kineticLaw>
      </reaction>
      <reaction metaid="_054803" sboTerm="SBO:0000180" id="Fw_2nd_step" reversible="false">
        <listOfReactants>
          <speciesReference metaid="d8201d80-836b-4bd0-807c-f425a179c92f" species="S1" stoichiometry="1" constant="true"/>
        </listOfReactants>
        <listOfProducts>
          <speciesReference metaid="c4115529-9e40-4308-8332-435871e10c52" species="S0" stoichiometry="1" constant="true"/>
          <speciesReference metaid="faf6401a-678e-4b75-8570-08a86b3a9f8b" species="ADP" stoichiometry="1" constant="true"/>
          <speciesReference metaid="_7833c225-c1e5-439d-bd3e-5045d966456a" species="fwd_step2" stoichiometry="1" constant="true"/>
        </listOfProducts>
        <kineticLaw metaid="_7610cf85-e46b-44d8-8928-dbe8cfed0c25">
          <math xmlns="http://www.w3.org/1998/Math/MathML">
            <apply>
              <times/>
              <ci> k_2 </ci>
              <ci> S1 </ci>
              <apply>
                <exp/>
                <apply>
                  <divide/>
                  <apply>
                    <times/>
                    <apply>
                      <minus/>
                      <ci> th_2 </ci>
                    </apply>
                    <ci> Force </ci>
                    <ci> d </ci>
                  </apply>
                  <ci> kT </ci>
                </apply>
              </apply>
            </apply>
          </math>
        </kineticLaw>
      </reaction>
      <reaction metaid="_054804" sboTerm="SBO:0000376" id="Bw_1st_step" reversible="false">
        <annotation>
          <rdf:RDF xmlns:rdf="http://www.w3.org/1999/02/22-rdf-syntax-ns#" xmlns:bqbiol="http://biomodels.net/biology-qualifiers/">
            <rdf:Description rdf:about="#_054804">
              <bqbiol:hasPart>
                <rdf:Bag>
                  <rdf:li rdf:resource="http://identifiers.org/ec-code/3.6.4.1"/>
                </rdf:Bag>
              </bqbiol:hasPart>
            </rdf:Description>
          </rdf:RDF>
        </annotation>
        <listOfReactants>
          <speciesReference metaid="c8f2dbb8-fa84-4438-b9f6-23bbfa6e34f4" species="S0" stoichiometry="1" constant="true"/>
          <speciesReference metaid="d1d0ae5f-11cf-4500-b029-e37ad0b0a94f" species="ATP" stoichiometry="1" constant="true"/>
        </listOfReactants>
        <listOfProducts>
          <speciesReference metaid="_8b4c2815-c911-47b8-987d-8d15931a4df2" species="S1" stoichiometry="1" constant="true"/>
          <speciesReference metaid="_85bdc5cd-e291-4dc0-b602-59090e739e64" species="Pi_" stoichiometry="1" constant="true"/>
          <speciesReference metaid="_4c6c0cf4-20e4-4a5d-a9f6-17119a481f74" species="back_step1" stoichiometry="1" constant="true"/>
        </listOfProducts>
        <kineticLaw metaid="_571458ad-c954-4b4b-bc86-9da7014309cb">
          <math xmlns="http://www.w3.org/1998/Math/MathML">
            <apply>
              <times/>
              <ci> k_3 </ci>
              <ci> S0 </ci>
              <ci> ATP </ci>
              <apply>
                <exp/>
                <apply>
                  <divide/>
                  <apply>
                    <times/>
                    <ci> th_3 </ci>
                    <ci> Force </ci>
                    <ci> d </ci>
                  </apply>
                  <ci> kT </ci>
                </apply>
              </apply>
            </apply>
          </math>
        </kineticLaw>
      </reaction>
      <reaction metaid="_054806" sboTerm="SBO:0000180" id="Bw_2nd_step" reversible="false">
        <listOfReactants>
          <speciesReference metaid="f0e8fc62-d6fb-46ad-b37d-8c3bd08caaad" species="S1" stoichiometry="1" constant="true"/>
        </listOfReactants>
        <listOfProducts>
          <speciesReference metaid="_50dfc5c0-9f47-400a-a6a1-f1674262894a" species="S0" stoichiometry="1" constant="true"/>
          <speciesReference metaid="fd627d53-3d79-489f-9422-dda545c0c249" species="ADP" stoichiometry="1" constant="true"/>
          <speciesReference metaid="ddbde366-71ef-46a7-86b5-4092de2457d0" species="back_step2" stoichiometry="1" constant="true"/>
        </listOfProducts>
        <kineticLaw metaid="_6370a536-ef8e-44ff-8067-959ec6e573e9">
          <math xmlns="http://www.w3.org/1998/Math/MathML">
            <apply>
              <times/>
              <ci> k_4 </ci>
              <ci> S1 </ci>
              <apply>
                <exp/>
                <apply>
                  <divide/>
                  <apply>
                    <times/>
                    <ci> th_4 </ci>
                    <ci> Force </ci>
                    <ci> d </ci>
                  </apply>
                  <ci> kT </ci>
                </apply>
              </apply>
            </apply>
          </math>
        </kineticLaw>
      </reaction>
    </listOfReactions>
  </model>
</sbml>
