<?xml version='1.0' encoding='UTF-8' standalone='no'?>
<sbml xmlns="http://www.sbml.org/sbml/level2/version4" level="2" metaid="metaid_0000001" version="4">
  <model id="model01" metaid="metaid_0000002" name="Beltrami1995_ThrombinGeneration_D">
    <notes>
      <body xmlns="http://www.w3.org/1999/xhtml">
        <p>This model originates from BioModels Database: A Database of Annotated Published Models (http://www.ebi.ac.uk/biomodels/). It is copyright (c) 2005-2011 The BioModels.net Team.      <br/>
          For more information see the      <a href="http://www.ebi.ac.uk/biomodels/legal.html" target="_blank">terms of use</a>
          .      <br/>
          To cite BioModels Database, please use:      <a href="http://www.ncbi.nlm.nih.gov/pubmed/20587024" target="_blank">Li C, Donizelli M, Rodriguez N, Dharuri H, Endler L, Chelliah V, Li L, He E, Henry A, Stefan MI, Snoep JL, Hucka M, Le Novère N, Laibe C (2010) BioModels Database: An enhanced, curated and annotated resource for published quantitative kinetic models. BMC Syst Biol., 4:92.</a>
                </p>
            </body>
      
    </notes>
    <annotation>
      <rdf:RDF xmlns:rdf="http://www.w3.org/1999/02/22-rdf-syntax-ns#" xmlns:bqmodel="http://biomodels.net/model-qualifiers/" xmlns:vCard="http://www.w3.org/2001/vcard-rdf/3.0#" xmlns:dc="http://purl.org/dc/elements/1.1/" xmlns:dcterms="http://purl.org/dc/terms/" xmlns:bqbiol="http://biomodels.net/biology-qualifiers/">
        <rdf:Description rdf:about="#metaid_0000002">
	<dc:creator>
	<rdf:Bag>
	<rdf:li rdf:parseType="Resource">
	<vCard:N rdf:parseType="Resource">
	<vCard:Family>Schubert</vCard:Family>
	<vCard:Given>Michael</vCard:Given>
	</vCard:N>
	<vCard:EMAIL>schubert@ebi.ac.uk</vCard:EMAIL>
	<vCard:ORG rdf:parseType="Resource">
	<vCard:Orgname>EBI</vCard:Orgname>
	</vCard:ORG>
	</rdf:li>
	</rdf:Bag>
	</dc:creator>
	<dcterms:created rdf:parseType="Resource">
	<dcterms:W3CDTF>2011-06-14T10:56:31Z</dcterms:W3CDTF>
	</dcterms:created>
	<dcterms:modified rdf:parseType="Resource">
	<dcterms:W3CDTF>2012-04-20T20:03:12Z</dcterms:W3CDTF>
	</dcterms:modified>
	<bqmodel:is>
	<rdf:Bag>
	<rdf:li rdf:resource="http://identifiers.org/biomodels.db/MODEL1108260012"/>
	</rdf:Bag>
	</bqmodel:is>
	<bqmodel:is>
	<rdf:Bag>
	<rdf:li rdf:resource="http://identifiers.org/biomodels.db/BIOMD0000000369"/>
	</rdf:Bag>
	</bqmodel:is>
	<bqmodel:isDescribedBy>
	<rdf:Bag>
	<rdf:li rdf:resource="http://identifiers.org/pubmed/7568009"/>
	</rdf:Bag>
	</bqmodel:isDescribedBy>
	<bqbiol:is>
	<rdf:Bag>
	<rdf:li rdf:resource="http://identifiers.org/go/GO:0007596"/>
	</rdf:Bag>
	</bqbiol:is>
	<bqbiol:hasTaxon>
	<rdf:Bag>
	<rdf:li rdf:resource="http://identifiers.org/taxonomy/2759"/>
	</rdf:Bag>
	</bqbiol:hasTaxon>
	</rdf:Description>
	
      </rdf:RDF>
    </annotation>
      <listOfCompartments>
      <compartment id="compartment_1" metaid="metaid_0000003" size="1"/>
    </listOfCompartments>
    <listOfSpecies>
      <species compartment="compartment_1" id="Z1" initialConcentration="5" metaid="metaid_0000004" name="Z1"/>
      <species compartment="compartment_1" id="Z2" initialConcentration="10" metaid="metaid_0000005" name="Z2"/>
      <species compartment="compartment_1" id="Z4" initialConcentration="100" metaid="metaid_0000007" name="Z4"/>
      <species compartment="compartment_1" id="E1" initialConcentration="0" metaid="metaid_0000008" name="E1"/>
      <species compartment="compartment_1" id="E2" initialConcentration="0" metaid="metaid_0000009" name="E2"/>
      <species compartment="compartment_1" id="E3" initialConcentration="0" metaid="metaid_0000010" name="E3"/>
      <species compartment="compartment_1" id="E4" initialConcentration="0" metaid="metaid_0000011" name="E4"/>
    </listOfSpecies>
    <listOfParameters>
      <parameter id="mu1" metaid="metaid_0000012" name="mu1" value="1"/>
      <parameter id="mu2" metaid="metaid_0000013" name="mu2" value="0.1"/>
      <parameter id="mu3" metaid="metaid_0000015" name="mu3" value="1"/>
      <parameter id="mu4" metaid="metaid_0000016" name="mu4" value="1"/>
      <parameter id="k1" metaid="metaid_0000017" name="k1" value="1"/>
      <parameter id="k2" metaid="metaid_0000018" name="k2" value="1"/>
      <parameter id="k3" metaid="metaid_0000019" name="k3" value="1"/>
      <parameter id="k4" metaid="metaid_0000020" name="k4" value="1"/>
      <parameter id="mu5" metaid="metaid_0000021" name="mu5" value="0"/>
      <parameter id="C" metaid="metaid_0000031" name="C" value="0.001"/>
    </listOfParameters>
    <listOfInitialAssignments>
      <initialAssignment metaid="metaid_0000030" symbol="E1">
        <math xmlns="http://www.w3.org/1998/Math/MathML">        
          <apply>
            <divide/>
            <apply>
              <times/>
              <cn> 0.001 </cn>
              <ci> Z1 </ci>
            </apply>
            <cn> 0.999 </cn>
          </apply>
        </math>
            </initialAssignment>
    </listOfInitialAssignments>
    <listOfRules>
      <rateRule metaid="metaid_0000022" variable="Z1">
        <math xmlns="http://www.w3.org/1998/Math/MathML">        
          <apply>
            <times/>
            <apply>
              <minus/>
              <apply>
                <plus/>
                <apply>
                  <times/>
                  <ci> mu1 </ci>
                  <ci> E2 </ci>
                </apply>
                <apply>
                  <times/>
                  <ci> mu5 </ci>
                  <ci> E4 </ci>
                </apply>
              </apply>
            </apply>
            <ci> Z1 </ci>
          </apply>
        </math>
            </rateRule>
      <rateRule metaid="metaid_0000023" variable="Z2">
        <math xmlns="http://www.w3.org/1998/Math/MathML">        
          <apply>
            <times/>
            <apply>
              <minus/>
              <ci> mu2 </ci>
            </apply>
            <apply>
              <plus/>
              <cn type="integer"> 1 </cn>
              <ci> C </ci>
            </apply>
            <ci> E1 </ci>
            <ci> Z2 </ci>
          </apply>
        </math>
            </rateRule>
      <rateRule metaid="metaid_0000025" variable="Z4">
        <math xmlns="http://www.w3.org/1998/Math/MathML">        
          <apply>
            <times/>
            <apply>
              <minus/>
              <ci> mu4 </ci>
            </apply>
            <ci> E3 </ci>
            <ci> Z4 </ci>
          </apply>
        </math>
            </rateRule>
      <rateRule metaid="metaid_0000026" variable="E1">
        <math xmlns="http://www.w3.org/1998/Math/MathML">        
          <apply>
            <minus/>
            <apply>
              <times/>
              <apply>
                <plus/>
                <apply>
                  <times/>
                  <ci> mu1 </ci>
                  <ci> E2 </ci>
                </apply>
                <apply>
                  <times/>
                  <ci> mu5 </ci>
                  <ci> E4 </ci>
                </apply>
              </apply>
              <ci> Z1 </ci>
            </apply>
            <apply>
              <times/>
              <ci> k1 </ci>
              <ci> E1 </ci>
            </apply>
          </apply>
        </math>
            </rateRule>
      <rateRule metaid="metaid_0000027" variable="E2">
        <math xmlns="http://www.w3.org/1998/Math/MathML">        
          <apply>
            <minus/>
            <apply>
              <minus/>
              <apply>
                <times/>
                <ci> mu2 </ci>
                <ci> E1 </ci>
                <ci> Z2 </ci>
              </apply>
              <apply>
                <times/>
                <ci> mu3 </ci>
                <ci> E4 </ci>
                <ci> E2 </ci>
              </apply>
            </apply>
            <apply>
              <times/>
              <ci> k2 </ci>
              <ci> E2 </ci>
            </apply>
          </apply>
        </math>
            </rateRule>
      <rateRule metaid="metaid_0000028" variable="E3">
        <math xmlns="http://www.w3.org/1998/Math/MathML">        
          <apply>
            <minus/>
            <apply>
              <plus/>
              <apply>
                <times/>
                <ci> mu2 </ci>
                <ci> C </ci>
                <ci> E1 </ci>
                <ci> Z2 </ci>
              </apply>
              <apply>
                <times/>
                <ci> mu3 </ci>
                <ci> E4 </ci>
                <ci> E2 </ci>
              </apply>
            </apply>
            <apply>
              <times/>
              <ci> k3 </ci>
              <ci> E3 </ci>
            </apply>
          </apply>
        </math>
            </rateRule>
      <rateRule metaid="metaid_0000029" variable="E4">
        <math xmlns="http://www.w3.org/1998/Math/MathML">        
          <apply>
            <minus/>
            <apply>
              <times/>
              <ci> mu4 </ci>
              <ci> E3 </ci>
              <ci> Z4 </ci>
            </apply>
            <apply>
              <times/>
              <ci> k4 </ci>
              <ci> E4 </ci>
            </apply>
          </apply>
        </math>
            </rateRule>
    </listOfRules>
  </model>
</sbml>