<?xml version='1.0' encoding='UTF-8' standalone='no'?>
<sbml xmlns="http://www.sbml.org/sbml/level2" level="2" metaid="metaid_0000001" version="1">
  <model id="model_0000001" metaid="metaid_0000002" name="Clancy2002_CardiacSodiumChannel_WT">
    <notes>
      <body xmlns="http://www.w3.org/1999/xhtml">
        <p>The model is according to the paper      <i>Na+ Channel Mutation That Causes Both Brugada and Long-QT Syndrome Phenotypes: A  Simulation Study of Mechanism</i>
          Original model comes from ModelDB with accession number: 62661. This is the wide type model. All the values and reactions obtained from Data Supplement6: Appendix of the paper. Figure3 has been reproduced by MathSBML. The stimulus v=-30mV during the time from 5ms to 20 ms displayed in the event. The meaning for the keyword, C: Close states; O: Open states; IF: Fast inactivation states; IC: Closed-Inactivation states; IM: Intermediat Inactivation states.      </p>
            <br/>
            <p>To the extent possible under law, all copyright and related or neighbouring rights to this encoded model have been dedicated to the public domain worldwide. Please refer to      <a href="http://creativecommons.org/publicdomain/zero/1.0/" title="Creative Commons CC0">CC0 Public Domain Dedication</a>
          for more information.      </p>
            <p>In summary, you are entitled to use this encoded model in absolutely any manner you deem suitable, verbatim, or with modification, alone or embedded it in a larger context, redistribute it, commercially or not, in a restricted way or not.</p>
            <p>To cite BioModels Database, please use:      <a href="http://www.ncbi.nlm.nih.gov/pubmed/20587024" target="_blank">Li C, Donizelli M, Rodriguez N, Dharuri H, Endler L, Chelliah V, Li L, He E, Henry A, Stefan MI, Snoep JL, Hucka M, Le Novère N, Laibe C (2010) BioModels Database: An enhanced, curated and annotated resource for published quantitative kinetic models. BMC Syst Biol., 4:92.</a>
                </p>
            </body>
      
    </notes>
    <annotation>
	<rdf:RDF xmlns:rdf="http://www.w3.org/1999/02/22-rdf-syntax-ns#" xmlns:dc="http://purl.org/dc/elements/1.1/" xmlns:vCard="http://www.w3.org/2001/vcard-rdf/3.0#" xmlns:dcterms="http://purl.org/dc/terms/" xmlns:bqmodel="http://biomodels.net/model-qualifiers/" xmlns:bqbiol="http://biomodels.net/biology-qualifiers/">
        <rdf:Description rdf:about="#metaid_0000002">
	<dc:creator>
	<rdf:Bag>
	<rdf:li rdf:parseType="Resource">
	<vCard:N rdf:parseType="Resource">
	<vCard:Family>He</vCard:Family>
	<vCard:Given>Enuo</vCard:Given>
	</vCard:N>
	<vCard:EMAIL>enuo@caltech.edu</vCard:EMAIL>
	<vCard:ORG rdf:parseType="Resource">
	<vCard:Orgname>BNMC</vCard:Orgname>
	</vCard:ORG>
	</rdf:li>
	</rdf:Bag>
	</dc:creator>
	<dcterms:created rdf:parseType="Resource">
	<dcterms:W3CDTF>2007-07-15T13:35:57Z</dcterms:W3CDTF>
	</dcterms:created>
	<dcterms:modified rdf:parseType="Resource">
	<dcterms:W3CDTF>2014-10-10T10:23:22Z</dcterms:W3CDTF>
	</dcterms:modified>
	<bqmodel:is>
	<rdf:Bag>
	<rdf:li rdf:resource="http://identifiers.org/biomodels.db/MODEL4716238623"/>
	</rdf:Bag>
	</bqmodel:is>
	<bqmodel:is>
	<rdf:Bag>
	<rdf:li rdf:resource="http://identifiers.org/biomodels.db/BIOMD0000000126"/>
	</rdf:Bag>
	</bqmodel:is>
	<bqmodel:isDescribedBy>
	<rdf:Bag>
	<rdf:li rdf:resource="http://identifiers.org/pubmed/11889015"/>
	</rdf:Bag>
	</bqmodel:isDescribedBy>
	<bqmodel:isDerivedFrom>
	<rdf:Bag>
	<rdf:li rdf:resource="http://identifiers.org/biomodels.db/BIOMD0000000121"/>
	<rdf:li rdf:resource="http://identifiers.org/pubmed/10533588"/>
	<rdf:li rdf:resource="http://identifiers.org/pubmed/10318671"/>
	<rdf:li rdf:resource="http://identifiers.org/pubmed/7788872"/>
	<rdf:li rdf:resource="http://identifiers.org/pubmed/7514509"/>
	</rdf:Bag>
	</bqmodel:isDerivedFrom>
	<bqbiol:hasTaxon>
	<rdf:Bag>
	<rdf:li rdf:resource="http://identifiers.org/taxonomy/7711"/>
	</rdf:Bag>
	</bqbiol:hasTaxon>
	<bqbiol:isVersionOf>
	<rdf:Bag>
	<rdf:li rdf:resource="http://identifiers.org/go/GO:0005272"/>
	<rdf:li rdf:resource="http://identifiers.org/go/GO:0002028"/>
	<rdf:li rdf:resource="http://identifiers.org/go/GO:0003015"/>
	</rdf:Bag>
	</bqbiol:isVersionOf>
	<bqbiol:hasVersion>
	<rdf:Bag>
	<rdf:li rdf:resource="http://identifiers.org/mim/603830"/>
	<rdf:li rdf:resource="http://identifiers.org/mim/601144"/>
	</rdf:Bag>
	</bqbiol:hasVersion>
	<bqbiol:hasProperty>
	<rdf:Bag>
	<rdf:li rdf:resource="http://identifiers.org/mamo/MAMO_0000046"/>
	</rdf:Bag>
	</bqbiol:hasProperty>
	<bqbiol:hasProperty>
	<rdf:Bag>
	<rdf:li rdf:resource="http://identifiers.org/doid/DOID:0050451"/>
	</rdf:Bag>
	</bqbiol:hasProperty>
	</rdf:Description>
	
	</rdf:RDF>
	</annotation>
      <listOfUnitDefinitions>
      <unitDefinition id="unitDefinition_0000001" metaid="metaid_0000074" name="time(ms)">
        <listOfUnits>
          <unit kind="second" metaid="_167991" scale="-3"/>
        </listOfUnits>
      </unitDefinition>
      <unitDefinition id="unitDefinition_0000002" metaid="metaid_0000075" name="voltage(mV)">
        <listOfUnits>
          <unit kind="volt" metaid="_168003" scale="-3"/>
        </listOfUnits>
      </unitDefinition>
    </listOfUnitDefinitions>
    <listOfCompartments>
      <compartment id="cell" metaid="metaid_0000003" size="1">
        <annotation>
	<rdf:RDF xmlns:rdf="http://www.w3.org/1999/02/22-rdf-syntax-ns#" xmlns:bqmodel="http://biomodels.net/model-qualifiers/" xmlns:bqbiol="http://biomodels.net/biology-qualifiers/">
            <rdf:Description rdf:about="#metaid_0000003">
	<bqbiol:isVersionOf>
	<rdf:Bag>
	<rdf:li rdf:resource="http://identifiers.org/go/GO:0005623"/>
	</rdf:Bag>
	</bqbiol:isVersionOf>
	</rdf:Description>
	
	</rdf:RDF>
	</annotation>
            </compartment>
    </listOfCompartments>
    <listOfSpecies>
      <species compartment="cell" id="C1" initialConcentration="0" metaid="metaid_0000004">
        <annotation>
	<rdf:RDF xmlns:rdf="http://www.w3.org/1999/02/22-rdf-syntax-ns#" xmlns:bqmodel="http://biomodels.net/model-qualifiers/" xmlns:bqbiol="http://biomodels.net/biology-qualifiers/">
            <rdf:Description rdf:about="#metaid_0000004">
	<bqbiol:isVersionOf>
	<rdf:Bag>
	<rdf:li rdf:resource="http://identifiers.org/interpro/IPR001696"/>
	<rdf:li rdf:resource="http://identifiers.org/go/GO:0001518"/>
	</rdf:Bag>
	</bqbiol:isVersionOf>
	</rdf:Description>
	
	</rdf:RDF>
	</annotation>
            </species>
      <species compartment="cell" id="C2" initialConcentration="0" metaid="metaid_0000005">
        <annotation>
	<rdf:RDF xmlns:rdf="http://www.w3.org/1999/02/22-rdf-syntax-ns#" xmlns:bqmodel="http://biomodels.net/model-qualifiers/" xmlns:bqbiol="http://biomodels.net/biology-qualifiers/">
            <rdf:Description rdf:about="#metaid_0000005">
	<bqbiol:isVersionOf>
	<rdf:Bag>
	<rdf:li rdf:resource="http://identifiers.org/interpro/IPR001696"/>
	<rdf:li rdf:resource="http://identifiers.org/go/GO:0001518"/>
	</rdf:Bag>
	</bqbiol:isVersionOf>
	</rdf:Description>
	
	</rdf:RDF>
	</annotation>
            </species>
      <species compartment="cell" id="C3" initialConcentration="1" metaid="metaid_0000006">
        <annotation>
	<rdf:RDF xmlns:rdf="http://www.w3.org/1999/02/22-rdf-syntax-ns#" xmlns:bqmodel="http://biomodels.net/model-qualifiers/" xmlns:bqbiol="http://biomodels.net/biology-qualifiers/">
            <rdf:Description rdf:about="#metaid_0000006">
	<bqbiol:isVersionOf>
	<rdf:Bag>
	<rdf:li rdf:resource="http://identifiers.org/interpro/IPR001696"/>
	<rdf:li rdf:resource="http://identifiers.org/go/GO:0001518"/>
	</rdf:Bag>
	</bqbiol:isVersionOf>
	</rdf:Description>
	
	</rdf:RDF>
	</annotation>
            </species>
      <species compartment="cell" id="IC3" initialConcentration="0" metaid="metaid_0000007">
        <annotation>
	<rdf:RDF xmlns:rdf="http://www.w3.org/1999/02/22-rdf-syntax-ns#" xmlns:bqmodel="http://biomodels.net/model-qualifiers/" xmlns:bqbiol="http://biomodels.net/biology-qualifiers/">
            <rdf:Description rdf:about="#metaid_0000007">
	<bqbiol:isVersionOf>
	<rdf:Bag>
	<rdf:li rdf:resource="http://identifiers.org/interpro/IPR001696"/>
	<rdf:li rdf:resource="http://identifiers.org/go/GO:0001518"/>
	</rdf:Bag>
	</bqbiol:isVersionOf>
	</rdf:Description>
	
	</rdf:RDF>
	</annotation>
            </species>
      <species compartment="cell" id="IC2" initialConcentration="0" metaid="metaid_0000008">
        <annotation>
	<rdf:RDF xmlns:rdf="http://www.w3.org/1999/02/22-rdf-syntax-ns#" xmlns:bqmodel="http://biomodels.net/model-qualifiers/" xmlns:bqbiol="http://biomodels.net/biology-qualifiers/">
            <rdf:Description rdf:about="#metaid_0000008">
	<bqbiol:isVersionOf>
	<rdf:Bag>
	<rdf:li rdf:resource="http://identifiers.org/interpro/IPR001696"/>
	<rdf:li rdf:resource="http://identifiers.org/go/GO:0001518"/>
	</rdf:Bag>
	</bqbiol:isVersionOf>
	</rdf:Description>
	
	</rdf:RDF>
	</annotation>
            </species>
      <species compartment="cell" id="IM1" initialConcentration="0" metaid="metaid_0000010">
        <annotation>
	<rdf:RDF xmlns:rdf="http://www.w3.org/1999/02/22-rdf-syntax-ns#" xmlns:bqmodel="http://biomodels.net/model-qualifiers/" xmlns:bqbiol="http://biomodels.net/biology-qualifiers/">
            <rdf:Description rdf:about="#metaid_0000010">
	<bqbiol:isVersionOf>
	<rdf:Bag>
	<rdf:li rdf:resource="http://identifiers.org/interpro/IPR001696"/>
	<rdf:li rdf:resource="http://identifiers.org/go/GO:0001518"/>
	</rdf:Bag>
	</bqbiol:isVersionOf>
	</rdf:Description>
	
	</rdf:RDF>
	</annotation>
            </species>
      <species compartment="cell" id="IM2" initialConcentration="0" metaid="metaid_0000011">
        <annotation>
	<rdf:RDF xmlns:rdf="http://www.w3.org/1999/02/22-rdf-syntax-ns#" xmlns:bqmodel="http://biomodels.net/model-qualifiers/" xmlns:bqbiol="http://biomodels.net/biology-qualifiers/">
            <rdf:Description rdf:about="#metaid_0000011">
	<bqbiol:isVersionOf>
	<rdf:Bag>
	<rdf:li rdf:resource="http://identifiers.org/interpro/IPR001696"/>
	<rdf:li rdf:resource="http://identifiers.org/go/GO:0001518"/>
	</rdf:Bag>
	</bqbiol:isVersionOf>
	</rdf:Description>
	
	</rdf:RDF>
	</annotation>
            </species>
      <species compartment="cell" id="O" initialConcentration="0" metaid="metaid_0000012" name="open states">
        <annotation>
	<rdf:RDF xmlns:rdf="http://www.w3.org/1999/02/22-rdf-syntax-ns#" xmlns:bqmodel="http://biomodels.net/model-qualifiers/" xmlns:bqbiol="http://biomodels.net/biology-qualifiers/">
            <rdf:Description rdf:about="#metaid_0000012">
	<bqbiol:isVersionOf>
	<rdf:Bag>
	<rdf:li rdf:resource="http://identifiers.org/interpro/IPR001696"/>
	<rdf:li rdf:resource="http://identifiers.org/go/GO:0001518"/>
	</rdf:Bag>
	</bqbiol:isVersionOf>
	</rdf:Description>
	
	</rdf:RDF>
	</annotation>
            </species>
      <species compartment="cell" id="IF" initialConcentration="0" metaid="metaid_0000071">
        <annotation>
	<rdf:RDF xmlns:rdf="http://www.w3.org/1999/02/22-rdf-syntax-ns#" xmlns:bqmodel="http://biomodels.net/model-qualifiers/" xmlns:bqbiol="http://biomodels.net/biology-qualifiers/">
            <rdf:Description rdf:about="#metaid_0000071">
	<bqbiol:isVersionOf>
	<rdf:Bag>
	<rdf:li rdf:resource="http://identifiers.org/interpro/IPR001696"/>
	<rdf:li rdf:resource="http://identifiers.org/go/GO:0001518"/>
	</rdf:Bag>
	</bqbiol:isVersionOf>
	</rdf:Description>
	
	</rdf:RDF>
	</annotation>
            </species>
    </listOfSpecies>
    <listOfParameters>
      <parameter id="nao" metaid="metaid_0000015" name="[Na]out" value="140"/>
      <parameter id="nai" metaid="metaid_0000016" name="[Na]in" value="15"/>
      <parameter id="scale" metaid="metaid_0000021" value="1000"/>
      <parameter constant="false" id="v" metaid="metaid_0000022" value="-80"/>
      <parameter constant="false" id="Ena" metaid="metaid_0000023"/>
      <parameter constant="false" id="a11" metaid="metaid_0000024"/>
      <parameter constant="false" id="a12" metaid="metaid_0000025"/>
      <parameter constant="false" id="a13" metaid="metaid_0000026"/>
      <parameter constant="false" id="b11" metaid="metaid_0000027"/>
      <parameter constant="false" id="b12" metaid="metaid_0000028"/>
      <parameter constant="false" id="b13" metaid="metaid_0000029"/>
      <parameter constant="false" id="a2" metaid="metaid_0000030"/>
      <parameter constant="false" id="b2" metaid="metaid_0000031"/>
      <parameter constant="false" id="a3" metaid="metaid_0000032"/>
      <parameter constant="false" id="b3" metaid="metaid_0000033"/>
      <parameter constant="false" id="a4" metaid="metaid_0000034"/>
      <parameter constant="false" id="b4" metaid="metaid_0000035"/>
      <parameter constant="false" id="a5" metaid="metaid_0000045"/>
      <parameter constant="false" id="b5" metaid="metaid_0000046"/>
      <parameter id="Gna" metaid="metaid_0000058" value="23.5"/>
      <parameter id="Rk" metaid="metaid_0000064" value="8314"/>
      <parameter id="Fara" metaid="metaid_0000065" value="96485"/>
      <parameter id="Temp" metaid="metaid_0000066" value="310"/>
      <parameter constant="false" id="Ina" metaid="metaid_0000076" name="I_Na"/>
    </listOfParameters>
    <listOfRules>
      <assignmentRule metaid="metaid_0000036" variable="a11">
        <math xmlns="http://www.w3.org/1998/Math/MathML">        
          <apply>
            <divide/>
            <cn> 3.802 </cn>
            <apply>
              <plus/>
              <apply>
                <times/>
                <cn> 0.1027 </cn>
                <apply>
                  <exp/>
                  <apply>
                    <divide/>
                    <apply>
                      <minus/>
                      <ci> v </ci>
                    </apply>
                    <cn> 17 </cn>
                  </apply>
                </apply>
              </apply>
              <apply>
                <times/>
                <cn> 0.2 </cn>
                <apply>
                  <exp/>
                  <apply>
                    <divide/>
                    <apply>
                      <minus/>
                      <ci> v </ci>
                    </apply>
                    <cn type="integer"> 150 </cn>
                  </apply>
                </apply>
              </apply>
            </apply>
          </apply>
        </math>
            </assignmentRule>
      <assignmentRule metaid="metaid_0000037" variable="a12">
        <math xmlns="http://www.w3.org/1998/Math/MathML">        
          <apply>
            <divide/>
            <cn> 3.802 </cn>
            <apply>
              <plus/>
              <apply>
                <times/>
                <cn> 0.1027 </cn>
                <apply>
                  <exp/>
                  <apply>
                    <divide/>
                    <apply>
                      <minus/>
                      <ci> v </ci>
                    </apply>
                    <cn type="integer"> 15 </cn>
                  </apply>
                </apply>
              </apply>
              <apply>
                <times/>
                <cn> 0.23 </cn>
                <apply>
                  <exp/>
                  <apply>
                    <divide/>
                    <apply>
                      <minus/>
                      <ci> v </ci>
                    </apply>
                    <cn type="integer"> 150 </cn>
                  </apply>
                </apply>
              </apply>
            </apply>
          </apply>
        </math>
            </assignmentRule>
      <assignmentRule metaid="metaid_0000038" variable="a13">
        <math xmlns="http://www.w3.org/1998/Math/MathML">        
          <apply>
            <divide/>
            <cn> 3.802 </cn>
            <apply>
              <plus/>
              <apply>
                <times/>
                <cn> 0.1027 </cn>
                <apply>
                  <exp/>
                  <apply>
                    <divide/>
                    <apply>
                      <minus/>
                      <ci> v </ci>
                    </apply>
                    <cn type="integer"> 12 </cn>
                  </apply>
                </apply>
              </apply>
              <apply>
                <times/>
                <cn> 0.25 </cn>
                <apply>
                  <exp/>
                  <apply>
                    <divide/>
                    <apply>
                      <minus/>
                      <ci> v </ci>
                    </apply>
                    <cn type="integer"> 150 </cn>
                  </apply>
                </apply>
              </apply>
            </apply>
          </apply>
        </math>
            </assignmentRule>
      <assignmentRule metaid="metaid_0000039" variable="a2">
        <math xmlns="http://www.w3.org/1998/Math/MathML">        
          <apply>
            <times/>
            <cn> 9.178 </cn>
            <apply>
              <exp/>
              <apply>
                <divide/>
                <ci> v </ci>
                <cn> 29.68 </cn>
              </apply>
            </apply>
          </apply>
        </math>
            </assignmentRule>
      <assignmentRule metaid="metaid_0000041" variable="a3">
        <math xmlns="http://www.w3.org/1998/Math/MathML">        
          <apply>
            <times/>
            <cn> 3.7933 </cn>
            <cn type="e-notation">1 <sep/> -7 </cn>
            <apply>
              <exp/>
              <apply>
                <divide/>
                <apply>
                  <minus/>
                  <ci> v </ci>
                </apply>
                <cn> 7.7 </cn>
              </apply>
            </apply>
          </apply>
        </math>
            </assignmentRule>
      <assignmentRule metaid="metaid_0000042" variable="b3">
        <math xmlns="http://www.w3.org/1998/Math/MathML">        
          <apply>
            <plus/>
            <cn> 0.0084 </cn>
            <apply>
              <times/>
              <cn type="e-notation">2 <sep/> -5 </cn>
              <ci> v </ci>
            </apply>
          </apply>
        </math>
            </assignmentRule>
      <assignmentRule metaid="metaid_0000043" variable="a4">
        <math xmlns="http://www.w3.org/1998/Math/MathML">        
          <apply>
            <divide/>
            <ci> a2 </ci>
            <cn type="integer"> 100 </cn>
          </apply>
        </math>
            </assignmentRule>
      <assignmentRule metaid="metaid_0000044" variable="b4">
        <math xmlns="http://www.w3.org/1998/Math/MathML">        
          <ci> a3 </ci>
        </math>
            </assignmentRule>
      <assignmentRule metaid="metaid_0000047" variable="a5">
        <math xmlns="http://www.w3.org/1998/Math/MathML">        
          <apply>
            <divide/>
            <ci> a2 </ci>
            <apply>
              <times/>
              <cn> 9.5 </cn>
              <cn type="integer"> 10000 </cn>
            </apply>
          </apply>
        </math>
            </assignmentRule>
      <assignmentRule metaid="metaid_0000048" variable="b5">
        <math xmlns="http://www.w3.org/1998/Math/MathML">        
          <apply>
            <divide/>
            <ci> a3 </ci>
            <cn type="integer"> 50 </cn>
          </apply>
        </math>
            </assignmentRule>
      <assignmentRule metaid="metaid_0000060" variable="Ena">
        <math xmlns="http://www.w3.org/1998/Math/MathML">        
          <apply>
            <times/>
            <apply>
              <divide/>
              <apply>
                <times/>
                <ci> Rk </ci>
                <ci> Temp </ci>
              </apply>
              <ci> Fara </ci>
            </apply>
            <apply>
              <ln/>
              <apply>
                <divide/>
                <ci> nao </ci>
                <ci> nai </ci>
              </apply>
            </apply>
          </apply>
        </math>
            </assignmentRule>
      <assignmentRule metaid="metaid_0000067" variable="Ina">
        <math xmlns="http://www.w3.org/1998/Math/MathML">        
          <apply>
            <divide/>
            <apply>
              <times/>
              <ci> Gna </ci>
              <apply>
                <divide/>
                <ci> O </ci>
                <apply>
                  <plus/>
                  <ci> IC3 </ci>
                  <ci> IC2 </ci>
                  <ci> IF </ci>
                  <ci> IM1 </ci>
                  <ci> IM2 </ci>
                  <ci> C3 </ci>
                  <ci> C2 </ci>
                  <ci> C1 </ci>
                  <ci> O </ci>
                </apply>
              </apply>
              <apply>
                <minus/>
                <ci> v </ci>
                <ci> Ena </ci>
              </apply>
            </apply>
            <ci> scale </ci>
          </apply>
        </math>
            </assignmentRule>
      <assignmentRule metaid="metaid_0000068" variable="b11">
        <math xmlns="http://www.w3.org/1998/Math/MathML">        
          <apply>
            <times/>
            <cn> 0.1917 </cn>
            <apply>
              <exp/>
              <apply>
                <divide/>
                <apply>
                  <minus/>
                  <ci> v </ci>
                </apply>
                <cn> 20.3 </cn>
              </apply>
            </apply>
          </apply>
        </math>
            </assignmentRule>
      <assignmentRule metaid="metaid_0000069" variable="b12">
        <math xmlns="http://www.w3.org/1998/Math/MathML">        
          <apply>
            <times/>
            <cn> 0.2 </cn>
            <apply>
              <exp/>
              <apply>
                <divide/>
                <apply>
                  <minus/>
                  <apply>
                    <minus/>
                    <ci> v </ci>
                    <cn type="integer"> 5 </cn>
                  </apply>
                </apply>
                <cn> 20.3 </cn>
              </apply>
            </apply>
          </apply>
        </math>
            </assignmentRule>
      <assignmentRule metaid="metaid_0000070" variable="b13">
        <math xmlns="http://www.w3.org/1998/Math/MathML">        
          <apply>
            <times/>
            <cn> 0.22 </cn>
            <apply>
              <exp/>
              <apply>
                <divide/>
                <apply>
                  <minus/>
                  <apply>
                    <minus/>
                    <ci> v </ci>
                    <cn type="integer"> 10 </cn>
                  </apply>
                </apply>
                <cn> 20.3 </cn>
              </apply>
            </apply>
          </apply>
        </math>
            </assignmentRule>
      <assignmentRule metaid="metaid_0000077" variable="b2">
        <math xmlns="http://www.w3.org/1998/Math/MathML">        
          <apply>
            <divide/>
            <apply>
              <times/>
              <ci> a13 </ci>
              <ci> a2 </ci>
              <ci> a3 </ci>
            </apply>
            <apply>
              <times/>
              <ci> b13 </ci>
              <ci> b3 </ci>
            </apply>
          </apply>
        </math>
            </assignmentRule>
    </listOfRules>
    <listOfReactions>
      <reaction id="reaction_0000001" metaid="metaid_0000049" name="IC3=IC2">
        <annotation>
	<rdf:RDF xmlns:rdf="http://www.w3.org/1999/02/22-rdf-syntax-ns#" xmlns:bqmodel="http://biomodels.net/model-qualifiers/" xmlns:bqbiol="http://biomodels.net/biology-qualifiers/">
            <rdf:Description rdf:about="#metaid_0000049">
	<bqbiol:isVersionOf>
	<rdf:Bag>
	<rdf:li rdf:resource="http://identifiers.org/go/GO:0017080"/>
	<rdf:li rdf:resource="http://identifiers.org/go/GO:0002028"/>
	</rdf:Bag>
	</bqbiol:isVersionOf>
	</rdf:Description>
	
	</rdf:RDF>
	</annotation>
              <listOfReactants>
          <speciesReference metaid="_168015" species="IC3"/>
        </listOfReactants>
        <listOfProducts>
          <speciesReference metaid="_168028" species="IC2"/>
        </listOfProducts>
        <kineticLaw metaid="_168041">
          <math xmlns="http://www.w3.org/1998/Math/MathML">          
            <apply>
              <times/>
              <ci> cell </ci>
              <apply>
                <minus/>
                <apply>
                  <times/>
                  <ci> IC3 </ci>
                  <ci> a11 </ci>
                </apply>
                <apply>
                  <times/>
                  <ci> IC2 </ci>
                  <ci> b11 </ci>
                </apply>
              </apply>
            </apply>
          </math>
                </kineticLaw>
      </reaction>
      <reaction id="reaction_0000002" metaid="metaid_0000050" name="IC2=IF">
        <annotation>
	<rdf:RDF xmlns:rdf="http://www.w3.org/1999/02/22-rdf-syntax-ns#" xmlns:bqmodel="http://biomodels.net/model-qualifiers/" xmlns:bqbiol="http://biomodels.net/biology-qualifiers/">
            <rdf:Description rdf:about="#metaid_0000050">
	<bqbiol:isVersionOf>
	<rdf:Bag>
	<rdf:li rdf:resource="http://identifiers.org/go/GO:0017080"/>
	<rdf:li rdf:resource="http://identifiers.org/go/GO:0002028"/>
	</rdf:Bag>
	</bqbiol:isVersionOf>
	</rdf:Description>
	
	</rdf:RDF>
	</annotation>
              <listOfReactants>
          <speciesReference metaid="_168053" species="IC2"/>
        </listOfReactants>
        <listOfProducts>
          <speciesReference metaid="_168065" species="IF"/>
        </listOfProducts>
        <kineticLaw metaid="_168077">
          <math xmlns="http://www.w3.org/1998/Math/MathML">          
            <apply>
              <times/>
              <ci> cell </ci>
              <apply>
                <minus/>
                <apply>
                  <times/>
                  <ci> IC2 </ci>
                  <ci> a12 </ci>
                </apply>
                <apply>
                  <times/>
                  <ci> IF </ci>
                  <ci> b12 </ci>
                </apply>
              </apply>
            </apply>
          </math>
                </kineticLaw>
      </reaction>
      <reaction id="reaction_0000003" metaid="metaid_0000051" name="IF=IM1">
        <annotation>
	<rdf:RDF xmlns:rdf="http://www.w3.org/1999/02/22-rdf-syntax-ns#" xmlns:bqmodel="http://biomodels.net/model-qualifiers/" xmlns:bqbiol="http://biomodels.net/biology-qualifiers/">
            <rdf:Description rdf:about="#metaid_0000051">
	<bqbiol:isVersionOf>
	<rdf:Bag>
	<rdf:li rdf:resource="http://identifiers.org/go/GO:0017080"/>
	<rdf:li rdf:resource="http://identifiers.org/go/GO:0002028"/>
	</rdf:Bag>
	</bqbiol:isVersionOf>
	</rdf:Description>
	
	</rdf:RDF>
	</annotation>
              <listOfReactants>
          <speciesReference metaid="_168089" species="IF"/>
        </listOfReactants>
        <listOfProducts>
          <speciesReference metaid="_168101" species="IM1"/>
        </listOfProducts>
        <kineticLaw metaid="_168113">
          <math xmlns="http://www.w3.org/1998/Math/MathML">          
            <apply>
              <times/>
              <ci> cell </ci>
              <apply>
                <minus/>
                <apply>
                  <times/>
                  <ci> IF </ci>
                  <ci> a4 </ci>
                </apply>
                <apply>
                  <times/>
                  <ci> IM1 </ci>
                  <ci> b4 </ci>
                </apply>
              </apply>
            </apply>
          </math>
                </kineticLaw>
      </reaction>
      <reaction id="reaction_0000004" metaid="metaid_0000052" name="IM1=IM2">
        <annotation>
	<rdf:RDF xmlns:rdf="http://www.w3.org/1999/02/22-rdf-syntax-ns#" xmlns:bqmodel="http://biomodels.net/model-qualifiers/" xmlns:bqbiol="http://biomodels.net/biology-qualifiers/">
            <rdf:Description rdf:about="#metaid_0000052">
	<bqbiol:isVersionOf>
	<rdf:Bag>
	<rdf:li rdf:resource="http://identifiers.org/go/GO:0017080"/>
	<rdf:li rdf:resource="http://identifiers.org/go/GO:0002028"/>
	</rdf:Bag>
	</bqbiol:isVersionOf>
	</rdf:Description>
	
	</rdf:RDF>
	</annotation>
              <listOfReactants>
          <speciesReference metaid="_168125" species="IM1"/>
        </listOfReactants>
        <listOfProducts>
          <speciesReference metaid="_168137" species="IM2"/>
        </listOfProducts>
        <kineticLaw metaid="_168149">
          <math xmlns="http://www.w3.org/1998/Math/MathML">          
            <apply>
              <times/>
              <ci> cell </ci>
              <apply>
                <minus/>
                <apply>
                  <times/>
                  <ci> IM1 </ci>
                  <ci> a5 </ci>
                </apply>
                <apply>
                  <times/>
                  <ci> IM2 </ci>
                  <ci> b5 </ci>
                </apply>
              </apply>
            </apply>
          </math>
                </kineticLaw>
      </reaction>
      <reaction id="reaction_0000005" metaid="metaid_0000053" name="C3=IC3">
        <annotation>
	<rdf:RDF xmlns:rdf="http://www.w3.org/1999/02/22-rdf-syntax-ns#" xmlns:bqmodel="http://biomodels.net/model-qualifiers/" xmlns:bqbiol="http://biomodels.net/biology-qualifiers/">
            <rdf:Description rdf:about="#metaid_0000053">
	<bqbiol:isVersionOf>
	<rdf:Bag>
	<rdf:li rdf:resource="http://identifiers.org/go/GO:0017080"/>
	<rdf:li rdf:resource="http://identifiers.org/go/GO:0002028"/>
	</rdf:Bag>
	</bqbiol:isVersionOf>
	</rdf:Description>
	
	</rdf:RDF>
	</annotation>
              <listOfReactants>
          <speciesReference metaid="_168161" species="C3"/>
        </listOfReactants>
        <listOfProducts>
          <speciesReference metaid="_168173" species="IC3"/>
        </listOfProducts>
        <kineticLaw metaid="_168185">
          <math xmlns="http://www.w3.org/1998/Math/MathML">          
            <apply>
              <times/>
              <ci> cell </ci>
              <apply>
                <minus/>
                <apply>
                  <times/>
                  <ci> C3 </ci>
                  <ci> b3 </ci>
                </apply>
                <apply>
                  <times/>
                  <ci> IC3 </ci>
                  <ci> a3 </ci>
                </apply>
              </apply>
            </apply>
          </math>
                </kineticLaw>
      </reaction>
      <reaction id="reaction_0000006" metaid="metaid_0000054" name="C2=C3">
        <annotation>
	<rdf:RDF xmlns:rdf="http://www.w3.org/1999/02/22-rdf-syntax-ns#" xmlns:bqmodel="http://biomodels.net/model-qualifiers/" xmlns:bqbiol="http://biomodels.net/biology-qualifiers/">
            <rdf:Description rdf:about="#metaid_0000054">
	<bqbiol:isVersionOf>
	<rdf:Bag>
	<rdf:li rdf:resource="http://identifiers.org/go/GO:0017080"/>
	<rdf:li rdf:resource="http://identifiers.org/go/GO:0002028"/>
	</rdf:Bag>
	</bqbiol:isVersionOf>
	</rdf:Description>
	
	</rdf:RDF>
	</annotation>
              <listOfReactants>
          <speciesReference metaid="_168197" species="C2"/>
        </listOfReactants>
        <listOfProducts>
          <speciesReference metaid="_168209" species="C3"/>
        </listOfProducts>
        <kineticLaw metaid="_168221">
          <math xmlns="http://www.w3.org/1998/Math/MathML">          
            <apply>
              <times/>
              <ci> cell </ci>
              <apply>
                <minus/>
                <apply>
                  <times/>
                  <ci> C2 </ci>
                  <ci> b11 </ci>
                </apply>
                <apply>
                  <times/>
                  <ci> C3 </ci>
                  <ci> a11 </ci>
                </apply>
              </apply>
            </apply>
          </math>
                </kineticLaw>
      </reaction>
      <reaction id="reaction_0000007" metaid="metaid_0000055" name="C2=IC2">
        <annotation>
	<rdf:RDF xmlns:rdf="http://www.w3.org/1999/02/22-rdf-syntax-ns#" xmlns:bqmodel="http://biomodels.net/model-qualifiers/" xmlns:bqbiol="http://biomodels.net/biology-qualifiers/">
            <rdf:Description rdf:about="#metaid_0000055">
	<bqbiol:isVersionOf>
	<rdf:Bag>
	<rdf:li rdf:resource="http://identifiers.org/go/GO:0017080"/>
	<rdf:li rdf:resource="http://identifiers.org/go/GO:0002028"/>
	</rdf:Bag>
	</bqbiol:isVersionOf>
	</rdf:Description>
	
	</rdf:RDF>
	</annotation>
              <listOfReactants>
          <speciesReference metaid="_168233" species="C2"/>
        </listOfReactants>
        <listOfProducts>
          <speciesReference metaid="_168245" species="IC2"/>
        </listOfProducts>
        <kineticLaw metaid="_168257">
          <math xmlns="http://www.w3.org/1998/Math/MathML">          
            <apply>
              <times/>
              <ci> cell </ci>
              <apply>
                <minus/>
                <apply>
                  <times/>
                  <ci> C2 </ci>
                  <ci> b3 </ci>
                </apply>
                <apply>
                  <times/>
                  <ci> IC2 </ci>
                  <ci> a3 </ci>
                </apply>
              </apply>
            </apply>
          </math>
                </kineticLaw>
      </reaction>
      <reaction id="reaction_0000008" metaid="metaid_0000056" name="C1=C2">
        <annotation>
	<rdf:RDF xmlns:rdf="http://www.w3.org/1999/02/22-rdf-syntax-ns#" xmlns:bqmodel="http://biomodels.net/model-qualifiers/" xmlns:bqbiol="http://biomodels.net/biology-qualifiers/">
            <rdf:Description rdf:about="#metaid_0000056">
	<bqbiol:isVersionOf>
	<rdf:Bag>
	<rdf:li rdf:resource="http://identifiers.org/go/GO:0017080"/>
	<rdf:li rdf:resource="http://identifiers.org/go/GO:0002028"/>
	</rdf:Bag>
	</bqbiol:isVersionOf>
	</rdf:Description>
	
	</rdf:RDF>
	</annotation>
              <listOfReactants>
          <speciesReference metaid="_168270" species="C1"/>
        </listOfReactants>
        <listOfProducts>
          <speciesReference metaid="_168282" species="C2"/>
        </listOfProducts>
        <kineticLaw metaid="_168295">
          <math xmlns="http://www.w3.org/1998/Math/MathML">          
            <apply>
              <times/>
              <ci> cell </ci>
              <apply>
                <minus/>
                <apply>
                  <times/>
                  <ci> C1 </ci>
                  <ci> b12 </ci>
                </apply>
                <apply>
                  <times/>
                  <ci> C2 </ci>
                  <ci> a12 </ci>
                </apply>
              </apply>
            </apply>
          </math>
                </kineticLaw>
      </reaction>
      <reaction id="reaction_0000009" metaid="metaid_0000057" name="C1=IF">
        <annotation>
	<rdf:RDF xmlns:rdf="http://www.w3.org/1999/02/22-rdf-syntax-ns#" xmlns:bqmodel="http://biomodels.net/model-qualifiers/" xmlns:bqbiol="http://biomodels.net/biology-qualifiers/">
            <rdf:Description rdf:about="#metaid_0000057">
	<bqbiol:isVersionOf>
	<rdf:Bag>
	<rdf:li rdf:resource="http://identifiers.org/go/GO:0017080"/>
	<rdf:li rdf:resource="http://identifiers.org/go/GO:0002028"/>
	</rdf:Bag>
	</bqbiol:isVersionOf>
	</rdf:Description>
	
	</rdf:RDF>
	</annotation>
              <listOfReactants>
          <speciesReference metaid="_168307" species="C1"/>
        </listOfReactants>
        <listOfProducts>
          <speciesReference metaid="_168319" species="IF"/>
        </listOfProducts>
        <kineticLaw metaid="_168331">
          <math xmlns="http://www.w3.org/1998/Math/MathML">          
            <apply>
              <times/>
              <ci> cell </ci>
              <apply>
                <minus/>
                <apply>
                  <times/>
                  <ci> C1 </ci>
                  <ci> b3 </ci>
                </apply>
                <apply>
                  <times/>
                  <ci> IF </ci>
                  <ci> a3 </ci>
                </apply>
              </apply>
            </apply>
          </math>
                </kineticLaw>
      </reaction>
      <reaction id="reaction_0000010" metaid="metaid_0000072" name="IF=O">
        <annotation>
	<rdf:RDF xmlns:rdf="http://www.w3.org/1999/02/22-rdf-syntax-ns#" xmlns:bqmodel="http://biomodels.net/model-qualifiers/" xmlns:bqbiol="http://biomodels.net/biology-qualifiers/">
            <rdf:Description rdf:about="#metaid_0000072">
	<bqbiol:isVersionOf>
	<rdf:Bag>
	<rdf:li rdf:resource="http://identifiers.org/go/GO:0017080"/>
	<rdf:li rdf:resource="http://identifiers.org/go/GO:0002028"/>
	</rdf:Bag>
	</bqbiol:isVersionOf>
	</rdf:Description>
	
	</rdf:RDF>
	</annotation>
              <listOfReactants>
          <speciesReference metaid="_168343" species="IF"/>
        </listOfReactants>
        <listOfProducts>
          <speciesReference metaid="_168355" species="O"/>
        </listOfProducts>
        <kineticLaw metaid="_168367">
          <math xmlns="http://www.w3.org/1998/Math/MathML">          
            <apply>
              <times/>
              <ci> cell </ci>
              <apply>
                <minus/>
                <apply>
                  <times/>
                  <ci> IF </ci>
                  <ci> b2 </ci>
                </apply>
                <apply>
                  <times/>
                  <ci> a2 </ci>
                  <ci> O </ci>
                </apply>
              </apply>
            </apply>
          </math>
                </kineticLaw>
      </reaction>
      <reaction id="reaction_0000011" metaid="metaid_0000073" name="O=C1">
        <annotation>
	<rdf:RDF xmlns:rdf="http://www.w3.org/1999/02/22-rdf-syntax-ns#" xmlns:bqmodel="http://biomodels.net/model-qualifiers/" xmlns:bqbiol="http://biomodels.net/biology-qualifiers/">
            <rdf:Description rdf:about="#metaid_0000073">
	<bqbiol:isVersionOf>
	<rdf:Bag>
	<rdf:li rdf:resource="http://identifiers.org/go/GO:0017080"/>
	<rdf:li rdf:resource="http://identifiers.org/go/GO:0002028"/>
	</rdf:Bag>
	</bqbiol:isVersionOf>
	</rdf:Description>
	
	</rdf:RDF>
	</annotation>
              <listOfReactants>
          <speciesReference metaid="_168379" species="O"/>
        </listOfReactants>
        <listOfProducts>
          <speciesReference metaid="_168391" species="C1"/>
        </listOfProducts>
        <kineticLaw metaid="_168403">
          <math xmlns="http://www.w3.org/1998/Math/MathML">          
            <apply>
              <times/>
              <ci> cell </ci>
              <apply>
                <plus/>
                <apply>
                  <times/>
                  <apply>
                    <minus/>
                    <ci> C1 </ci>
                  </apply>
                  <ci> a13 </ci>
                </apply>
                <apply>
                  <times/>
                  <ci> O </ci>
                  <ci> b13 </ci>
                </apply>
              </apply>
            </apply>
          </math>
                </kineticLaw>
      </reaction>
    </listOfReactions>
    <listOfEvents>
      <event id="event_0000001" metaid="metaid_0000061">
        <annotation>
	<rdf:RDF xmlns:rdf="http://www.w3.org/1999/02/22-rdf-syntax-ns#" xmlns:bqmodel="http://biomodels.net/model-qualifiers/" xmlns:bqbiol="http://biomodels.net/biology-qualifiers/">
            <rdf:Description rdf:about="#metaid_0000061">
	<bqbiol:isVersionOf>
	<rdf:Bag>
	<rdf:li rdf:resource="http://identifiers.org/go/GO:0009581"/>
	</rdf:Bag>
	</bqbiol:isVersionOf>
	</rdf:Description>
	
	</rdf:RDF>
	</annotation>
              <trigger metaid="_168415">
          <math xmlns="http://www.w3.org/1998/Math/MathML">          
            <apply>
              <and/>
              <apply>
                <geq/>
                <csymbol encoding="text" definitionURL="http://www.sbml.org/sbml/symbols/time"> time </csymbol>
                <cn type="integer"> 5 </cn>
              </apply>
              <apply>
                <leq/>
                <csymbol encoding="text" definitionURL="http://www.sbml.org/sbml/symbols/time"> time </csymbol>
                <cn type="integer"> 20 </cn>
              </apply>
            </apply>
          </math>
                </trigger>
        <listOfEventAssignments>
          <eventAssignment metaid="_168427" variable="v">
            <math xmlns="http://www.w3.org/1998/Math/MathML">            
              <cn type="integer"> -30 </cn>
            </math>
                    </eventAssignment>
        </listOfEventAssignments>
      </event>
      <event id="event_0000002" metaid="metaid_0000062">
        <trigger metaid="_168439">
          <math xmlns="http://www.w3.org/1998/Math/MathML">          
            <apply>
              <gt/>
              <csymbol encoding="text" definitionURL="http://www.sbml.org/sbml/symbols/time"> time </csymbol>
              <cn type="integer"> 20 </cn>
            </apply>
          </math>
                </trigger>
        <listOfEventAssignments>
          <eventAssignment metaid="_168451" variable="v">
            <math xmlns="http://www.w3.org/1998/Math/MathML">            
              <cn type="integer"> -80 </cn>
            </math>
                    </eventAssignment>
        </listOfEventAssignments>
      </event>
    </listOfEvents>
  </model>
</sbml>