<?xml version='1.0' encoding='UTF-8' standalone='no'?>
<sbml xmlns="http://www.sbml.org/sbml/level2" level="2" metaid="metaid_0000001" version="1">
  <model metaid="metaid_0000002" name="Yang2007_ArachidonicAcid">
    <notes>
      <body xmlns="http://www.w3.org/1999/xhtml">
        <p>This model is according to the paper      <i>Dynamic Simulation on the Arachidonic Acid Metabolic Network</i>
          . Figure 2A has been reproduced by SBML ode solver on line. In the original model, all the reactions are presented as ODE directly. So curator rewrite each reaction according to the semantics of the paper.  In this paper, the authors used quict complex kinetics law to describe the catalysis in the network, curators did not necessarily know all the complete meanings of the paper.      </p>
            <br/>
            <p>To the extent possible under law, all copyright and related or neighbouring rights to this encoded model have been dedicated to the public domain worldwide. Please refer to      <a href="http://creativecommons.org/publicdomain/zero/1.0/" title="Creative Commons CC0">CC0 Public Domain Dedication</a>
          for more information.      </p>
            <p>In summary, you are entitled to use this encoded model in absolutely any manner you deem suitable, verbatim, or with modification, alone or embedded it in a larger context, redistribute it, commercially or not, in a restricted way or not.</p>
            <br/>
            <p>To cite BioModels Database, please use:      <a href="http://www.ncbi.nlm.nih.gov/pubmed/20587024" target="_blank">Li C, Donizelli M, Rodriguez N, Dharuri H, Endler L, Chelliah V, Li L, He E, Henry A, Stefan MI, Snoep JL, Hucka M, Le Novère N, Laibe C (2010) BioModels Database: An enhanced, curated and annotated resource for published quantitative kinetic models. BMC Syst Biol., 4:92.</a>
                </p>
            </body>
      
    </notes>
    <annotation>
      <rdf:RDF xmlns:rdf="http://www.w3.org/1999/02/22-rdf-syntax-ns#" xmlns:bqmodel="http://biomodels.net/model-qualifiers/" xmlns:vCard="http://www.w3.org/2001/vcard-rdf/3.0#" xmlns:dc="http://purl.org/dc/elements/1.1/" xmlns:dcterms="http://purl.org/dc/terms/" xmlns:bqbiol="http://biomodels.net/biology-qualifiers/">
        <rdf:Description rdf:about="#metaid_0000002">
	<dc:creator>
	<rdf:Bag>
	<rdf:li rdf:parseType="Resource">
	<vCard:N rdf:parseType="Resource">
	<vCard:Family>He</vCard:Family>
	<vCard:Given>Enuo</vCard:Given>
	</vCard:N>
	<vCard:EMAIL>enuo@caltech.edu</vCard:EMAIL>
	<vCard:ORG rdf:parseType="Resource">
	<vCard:Orgname>BNMC</vCard:Orgname>
	</vCard:ORG>
	</rdf:li>
	<rdf:li rdf:parseType="Resource">
	<vCard:N rdf:parseType="Resource">
	<vCard:Family>Yang</vCard:Family>
	<vCard:Given>Kun</vCard:Given>
	</vCard:N>
	<vCard:ORG rdf:parseType="Resource">
	<vCard:Orgname>Beijing National Laboratory for Molecular Sciences</vCard:Orgname>
	</vCard:ORG>
	</rdf:li>
	</rdf:Bag>
	</dc:creator>
	<dcterms:created rdf:parseType="Resource">
	<dcterms:W3CDTF>2007-01-12T15:06:16Z</dcterms:W3CDTF>
	</dcterms:created>
	<dcterms:modified rdf:parseType="Resource">
	<dcterms:W3CDTF>2012-07-05T14:48:14Z</dcterms:W3CDTF>
	</dcterms:modified>
	<bqmodel:is>
	<rdf:Bag>
	<rdf:li rdf:resource="http://identifiers.org/biomodels.db/MODEL8610058649"/>
	</rdf:Bag>
	</bqmodel:is>
	<bqmodel:is>
	<rdf:Bag>
	<rdf:li rdf:resource="http://identifiers.org/biomodels.db/BIOMD0000000106"/>
	</rdf:Bag>
	</bqmodel:is>
	<bqmodel:isDescribedBy>
	<rdf:Bag>
	<rdf:li rdf:resource="http://identifiers.org/pubmed/17381237"/>
	</rdf:Bag>
	</bqmodel:isDescribedBy>
	<bqbiol:isPartOf>
	<rdf:Bag>
	<rdf:li rdf:resource="http://identifiers.org/kegg.pathway/map00590"/>
	</rdf:Bag>
	</bqbiol:isPartOf>
	<bqbiol:isVersionOf>
	<rdf:Bag>
	<rdf:li rdf:resource="http://identifiers.org/go/GO:0019369"/>
	</rdf:Bag>
	</bqbiol:isVersionOf>
	<bqbiol:hasTaxon>
	<rdf:Bag>
	<rdf:li rdf:resource="http://identifiers.org/taxonomy/9606"/>
	</rdf:Bag>
	</bqbiol:hasTaxon>
	</rdf:Description>
	
      </rdf:RDF>
    </annotation>
      <listOfUnitDefinitions>
      <unitDefinition id="substance" metaid="metaid_0000112" name="micromole">
        <listOfUnits>
          <unit kind="mole" metaid="_078941" scale="-6"/>
        </listOfUnits>
      </unitDefinition>
      <unitDefinition id="time" metaid="metaid_0000114" name="minute">
        <listOfUnits>
          <unit kind="second" metaid="_078953" multiplier="60"/>
        </listOfUnits>
      </unitDefinition>
    </listOfUnitDefinitions>
    <listOfCompartments>
      <compartment id="cell" metaid="metaid_0000058" name="cell" size="1">
        <annotation>
          <rdf:RDF xmlns:rdf="http://www.w3.org/1999/02/22-rdf-syntax-ns#" xmlns:bqmodel="http://biomodels.net/model-qualifiers/" xmlns:bqbiol="http://biomodels.net/biology-qualifiers/">
            <rdf:Description rdf:about="#metaid_0000058">
	<bqbiol:isVersionOf>
	<rdf:Bag>
	<rdf:li rdf:resource="http://identifiers.org/go/GO:0005623"/>
	</rdf:Bag>
	</bqbiol:isVersionOf>
	</rdf:Description>
	
          </rdf:RDF>
        </annotation>
            </compartment>
    </listOfCompartments>
    <listOfSpecies>
      <species compartment="cell" id="x1" initialConcentration="0.001" metaid="metaid_0000059" name="AA">
        <annotation>
          <rdf:RDF xmlns:rdf="http://www.w3.org/1999/02/22-rdf-syntax-ns#" xmlns:bqmodel="http://biomodels.net/model-qualifiers/" xmlns:bqbiol="http://biomodels.net/biology-qualifiers/">
            <rdf:Description rdf:about="#metaid_0000059">
	<bqbiol:is>
	<rdf:Bag>
	<rdf:li rdf:resource="http://identifiers.org/chebi/CHEBI:15843"/>
	<rdf:li rdf:resource="http://identifiers.org/kegg.compound/C00219"/>
	</rdf:Bag>
	</bqbiol:is>
	</rdf:Description>
	
          </rdf:RDF>
        </annotation>
            </species>
      <species compartment="cell" id="x10" initialConcentration="0.001" metaid="metaid_0000060" name="5-HPETE">
        <annotation>
          <rdf:RDF xmlns:rdf="http://www.w3.org/1999/02/22-rdf-syntax-ns#" xmlns:bqmodel="http://biomodels.net/model-qualifiers/" xmlns:bqbiol="http://biomodels.net/biology-qualifiers/">
            <rdf:Description rdf:about="#metaid_0000060">
	<bqbiol:is>
	<rdf:Bag>
	<rdf:li rdf:resource="http://identifiers.org/chebi/CHEBI:15632"/>
	<rdf:li rdf:resource="http://identifiers.org/kegg.compound/C05356"/>
	</rdf:Bag>
	</bqbiol:is>
	</rdf:Description>
	
          </rdf:RDF>
        </annotation>
            </species>
      <species compartment="cell" id="x11" initialConcentration="0.001" metaid="metaid_0000061" name="5-HETE">
        <annotation>
          <rdf:RDF xmlns:rdf="http://www.w3.org/1999/02/22-rdf-syntax-ns#" xmlns:bqmodel="http://biomodels.net/model-qualifiers/" xmlns:bqbiol="http://biomodels.net/biology-qualifiers/">
            <rdf:Description rdf:about="#metaid_0000061">
	<bqbiol:is>
	<rdf:Bag>
	<rdf:li rdf:resource="http://identifiers.org/chebi/CHEBI:28209"/>
	<rdf:li rdf:resource="http://identifiers.org/kegg.compound/C04805"/>
	</rdf:Bag>
	</bqbiol:is>
	</rdf:Description>
	
          </rdf:RDF>
        </annotation>
            </species>
      <species compartment="cell" id="x12" initialConcentration="0.001" metaid="metaid_0000062" name="LTA4">
        <annotation>
          <rdf:RDF xmlns:rdf="http://www.w3.org/1999/02/22-rdf-syntax-ns#" xmlns:bqmodel="http://biomodels.net/model-qualifiers/" xmlns:bqbiol="http://biomodels.net/biology-qualifiers/">
            <rdf:Description rdf:about="#metaid_0000062">
	<bqbiol:is>
	<rdf:Bag>
	<rdf:li rdf:resource="http://identifiers.org/chebi/CHEBI:15651"/>
	</rdf:Bag>
	</bqbiol:is>
	</rdf:Description>
	
          </rdf:RDF>
        </annotation>
            </species>
      <species compartment="cell" id="x13" initialConcentration="0.001" metaid="metaid_0000063" name="LTB4">
        <annotation>
          <rdf:RDF xmlns:rdf="http://www.w3.org/1999/02/22-rdf-syntax-ns#" xmlns:bqmodel="http://biomodels.net/model-qualifiers/" xmlns:bqbiol="http://biomodels.net/biology-qualifiers/">
            <rdf:Description rdf:about="#metaid_0000063">
	<bqbiol:is>
	<rdf:Bag>
	<rdf:li rdf:resource="http://identifiers.org/chebi/CHEBI:15647"/>
	</rdf:Bag>
	</bqbiol:is>
	</rdf:Description>
	
          </rdf:RDF>
        </annotation>
            </species>
      <species compartment="cell" id="x14" initialConcentration="0.001" metaid="metaid_0000064" name="w-LTB4">
        <annotation>
          <rdf:RDF xmlns:rdf="http://www.w3.org/1999/02/22-rdf-syntax-ns#" xmlns:bqmodel="http://biomodels.net/model-qualifiers/" xmlns:bqbiol="http://biomodels.net/biology-qualifiers/">
            <rdf:Description rdf:about="#metaid_0000064">
	<bqbiol:is>
	<rdf:Bag>
	<rdf:li rdf:resource="http://identifiers.org/chebi/CHEBI:15646"/>
	</rdf:Bag>
	</bqbiol:is>
	</rdf:Description>
	
          </rdf:RDF>
        </annotation>
            </species>
      <species compartment="cell" id="x15" initialConcentration="1.5" metaid="metaid_0000065" name="PLA2">
        <annotation>
          <rdf:RDF xmlns:rdf="http://www.w3.org/1999/02/22-rdf-syntax-ns#" xmlns:bqmodel="http://biomodels.net/model-qualifiers/" xmlns:bqbiol="http://biomodels.net/biology-qualifiers/">
            <rdf:Description rdf:about="#metaid_0000065">
	<bqbiol:is>
	<rdf:Bag>
	<rdf:li rdf:resource="http://identifiers.org/uniprot/P04054"/>
	</rdf:Bag>
	</bqbiol:is>
	</rdf:Description>
	
          </rdf:RDF>
        </annotation>
            </species>
      <species compartment="cell" id="x16" initialConcentration="1.5" metaid="metaid_0000066" name="15-LOX">
        <annotation>
          <rdf:RDF xmlns:rdf="http://www.w3.org/1999/02/22-rdf-syntax-ns#" xmlns:bqmodel="http://biomodels.net/model-qualifiers/" xmlns:bqbiol="http://biomodels.net/biology-qualifiers/">
            <rdf:Description rdf:about="#metaid_0000066">
	<bqbiol:is>
	<rdf:Bag>
	<rdf:li rdf:resource="http://identifiers.org/uniprot/P16050"/>
	</rdf:Bag>
	</bqbiol:is>
	</rdf:Description>
	
          </rdf:RDF>
        </annotation>
            </species>
      <species compartment="cell" id="x17" initialConcentration="0.5" metaid="metaid_0000067" name="12-LOX">
        <annotation>
          <rdf:RDF xmlns:rdf="http://www.w3.org/1999/02/22-rdf-syntax-ns#" xmlns:bqmodel="http://biomodels.net/model-qualifiers/" xmlns:bqbiol="http://biomodels.net/biology-qualifiers/">
            <rdf:Description rdf:about="#metaid_0000067">
	<bqbiol:is>
	<rdf:Bag>
	<rdf:li rdf:resource="http://identifiers.org/uniprot/P18054"/>
	</rdf:Bag>
	</bqbiol:is>
	</rdf:Description>
	
          </rdf:RDF>
        </annotation>
            </species>
      <species compartment="cell" id="x18" initialConcentration="0.2" metaid="metaid_0000068" name="COX-2">
        <annotation>
          <rdf:RDF xmlns:rdf="http://www.w3.org/1999/02/22-rdf-syntax-ns#" xmlns:bqmodel="http://biomodels.net/model-qualifiers/" xmlns:bqbiol="http://biomodels.net/biology-qualifiers/">
            <rdf:Description rdf:about="#metaid_0000068">
	<bqbiol:isVersionOf>
	<rdf:Bag>
	<rdf:li rdf:resource="http://identifiers.org/uniprot/P35354"/>
	</rdf:Bag>
	</bqbiol:isVersionOf>
	</rdf:Description>
	
          </rdf:RDF>
        </annotation>
            </species>
      <species compartment="cell" id="x19" initialConcentration="0.5" metaid="metaid_0000069" name="PGES">
        <annotation>
          <rdf:RDF xmlns:rdf="http://www.w3.org/1999/02/22-rdf-syntax-ns#" xmlns:bqmodel="http://biomodels.net/model-qualifiers/" xmlns:bqbiol="http://biomodels.net/biology-qualifiers/">
            <rdf:Description rdf:about="#metaid_0000069">
	<bqbiol:is>
	<rdf:Bag>
	<rdf:li rdf:resource="http://identifiers.org/uniprot/Q9H7Z7"/>
	</rdf:Bag>
	</bqbiol:is>
	</rdf:Description>
	
          </rdf:RDF>
        </annotation>
            </species>
      <species compartment="cell" id="x2" initialConcentration="0.001" metaid="metaid_0000070" name="15-HPETE">
        <annotation>
          <rdf:RDF xmlns:rdf="http://www.w3.org/1999/02/22-rdf-syntax-ns#" xmlns:bqmodel="http://biomodels.net/model-qualifiers/" xmlns:bqbiol="http://biomodels.net/biology-qualifiers/">
            <rdf:Description rdf:about="#metaid_0000070">
	<bqbiol:is>
	<rdf:Bag>
	<rdf:li rdf:resource="http://identifiers.org/chebi/CHEBI:15628"/>
	<rdf:li rdf:resource="http://identifiers.org/kegg.compound/C05966"/>
	</rdf:Bag>
	</bqbiol:is>
	</rdf:Description>
	
          </rdf:RDF>
        </annotation>
            </species>
      <species compartment="cell" id="x20" initialConcentration="0.5" metaid="metaid_0000071" name="TXAS">
        <annotation>
          <rdf:RDF xmlns:rdf="http://www.w3.org/1999/02/22-rdf-syntax-ns#" xmlns:bqmodel="http://biomodels.net/model-qualifiers/" xmlns:bqbiol="http://biomodels.net/biology-qualifiers/">
            <rdf:Description rdf:about="#metaid_0000071">
	<bqbiol:is>
	<rdf:Bag>
	<rdf:li rdf:resource="http://identifiers.org/uniprot/P24557"/>
	</rdf:Bag>
	</bqbiol:is>
	</rdf:Description>
	
          </rdf:RDF>
        </annotation>
            </species>
      <species compartment="cell" id="x21" initialConcentration="5" metaid="metaid_0000072" name="5-LOX">
        <annotation>
          <rdf:RDF xmlns:rdf="http://www.w3.org/1999/02/22-rdf-syntax-ns#" xmlns:bqmodel="http://biomodels.net/model-qualifiers/" xmlns:bqbiol="http://biomodels.net/biology-qualifiers/">
            <rdf:Description rdf:about="#metaid_0000072">
	<bqbiol:is>
	<rdf:Bag>
	<rdf:li rdf:resource="http://identifiers.org/uniprot/P09917"/>
	</rdf:Bag>
	</bqbiol:is>
	</rdf:Description>
	
          </rdf:RDF>
        </annotation>
            </species>
      <species compartment="cell" id="x22" initialConcentration="0.76" metaid="metaid_0000073" name="LTA4H">
        <annotation>
          <rdf:RDF xmlns:rdf="http://www.w3.org/1999/02/22-rdf-syntax-ns#" xmlns:bqmodel="http://biomodels.net/model-qualifiers/" xmlns:bqbiol="http://biomodels.net/biology-qualifiers/">
            <rdf:Description rdf:about="#metaid_0000073">
	<bqbiol:is>
	<rdf:Bag>
	<rdf:li rdf:resource="http://identifiers.org/uniprot/P09960"/>
	</rdf:Bag>
	</bqbiol:is>
	</rdf:Description>
	
          </rdf:RDF>
        </annotation>
            </species>
      <species compartment="cell" id="x23" initialConcentration="0.07" metaid="metaid_0000074" name="CYP4F3">
        <annotation>
          <rdf:RDF xmlns:rdf="http://www.w3.org/1999/02/22-rdf-syntax-ns#" xmlns:bqmodel="http://biomodels.net/model-qualifiers/" xmlns:bqbiol="http://biomodels.net/biology-qualifiers/">
            <rdf:Description rdf:about="#metaid_0000074">
	<bqbiol:is>
	<rdf:Bag>
	<rdf:li rdf:resource="http://identifiers.org/uniprot/Q08477"/>
	</rdf:Bag>
	</bqbiol:is>
	</rdf:Description>
	
          </rdf:RDF>
        </annotation>
            </species>
      <species compartment="cell" id="x24" initialConcentration="0.8" metaid="metaid_0000075" name="PHGPx">
        <annotation>
          <rdf:RDF xmlns:rdf="http://www.w3.org/1999/02/22-rdf-syntax-ns#" xmlns:bqmodel="http://biomodels.net/model-qualifiers/" xmlns:bqbiol="http://biomodels.net/biology-qualifiers/">
            <rdf:Description rdf:about="#metaid_0000075">
	<bqbiol:is>
	<rdf:Bag>
	<rdf:li rdf:resource="http://identifiers.org/uniprot/P36969"/>
	</rdf:Bag>
	</bqbiol:is>
	</rdf:Description>
	
          </rdf:RDF>
        </annotation>
            </species>
      <species compartment="cell" id="x25" initialConcentration="0" metaid="metaid_0000076" name="exo-AA"/>
      <species compartment="cell" id="x3" initialConcentration="0.001" metaid="metaid_0000077" name="15-HETE">
        <annotation>
          <rdf:RDF xmlns:rdf="http://www.w3.org/1999/02/22-rdf-syntax-ns#" xmlns:bqmodel="http://biomodels.net/model-qualifiers/" xmlns:bqbiol="http://biomodels.net/biology-qualifiers/">
            <rdf:Description rdf:about="#metaid_0000077">
	<bqbiol:is>
	<rdf:Bag>
	<rdf:li rdf:resource="http://identifiers.org/chebi/CHEBI:15558"/>
	<rdf:li rdf:resource="http://identifiers.org/kegg.compound/C04742"/>
	</rdf:Bag>
	</bqbiol:is>
	</rdf:Description>
	
          </rdf:RDF>
        </annotation>
            </species>
      <species compartment="cell" id="x4" initialConcentration="0.001" metaid="metaid_0000078" name="12-HPETE">
        <annotation>
          <rdf:RDF xmlns:rdf="http://www.w3.org/1999/02/22-rdf-syntax-ns#" xmlns:bqmodel="http://biomodels.net/model-qualifiers/" xmlns:bqbiol="http://biomodels.net/biology-qualifiers/">
            <rdf:Description rdf:about="#metaid_0000078">
	<bqbiol:is>
	<rdf:Bag>
	<rdf:li rdf:resource="http://identifiers.org/chebi/CHEBI:15626"/>
	<rdf:li rdf:resource="http://identifiers.org/kegg.compound/C05965"/>
	</rdf:Bag>
	</bqbiol:is>
	</rdf:Description>
	
          </rdf:RDF>
        </annotation>
            </species>
      <species compartment="cell" id="x5" initialConcentration="0.001" metaid="metaid_0000079" name="12-HETE">
        <annotation>
          <rdf:RDF xmlns:rdf="http://www.w3.org/1999/02/22-rdf-syntax-ns#" xmlns:bqmodel="http://biomodels.net/model-qualifiers/" xmlns:bqbiol="http://biomodels.net/biology-qualifiers/">
            <rdf:Description rdf:about="#metaid_0000079">
	<bqbiol:is>
	<rdf:Bag>
	<rdf:li rdf:resource="http://identifiers.org/chebi/CHEBI:34146"/>
	<rdf:li rdf:resource="http://identifiers.org/kegg.compound/C14777"/>
	</rdf:Bag>
	</bqbiol:is>
	</rdf:Description>
	
          </rdf:RDF>
        </annotation>
            </species>
      <species compartment="cell" id="x6" initialConcentration="0.001" metaid="metaid_0000080" name="PGH2">
        <annotation>
          <rdf:RDF xmlns:rdf="http://www.w3.org/1999/02/22-rdf-syntax-ns#" xmlns:bqmodel="http://biomodels.net/model-qualifiers/" xmlns:bqbiol="http://biomodels.net/biology-qualifiers/">
            <rdf:Description rdf:about="#metaid_0000080">
	<bqbiol:is>
	<rdf:Bag>
	<rdf:li rdf:resource="http://identifiers.org/chebi/CHEBI:15554"/>
	<rdf:li rdf:resource="http://identifiers.org/kegg.compound/C00427"/>
	</rdf:Bag>
	</bqbiol:is>
	</rdf:Description>
	
          </rdf:RDF>
        </annotation>
            </species>
      <species compartment="cell" id="x7" initialConcentration="0.001" metaid="metaid_0000081" name="PGE2">
        <annotation>
          <rdf:RDF xmlns:rdf="http://www.w3.org/1999/02/22-rdf-syntax-ns#" xmlns:bqmodel="http://biomodels.net/model-qualifiers/" xmlns:bqbiol="http://biomodels.net/biology-qualifiers/">
            <rdf:Description rdf:about="#metaid_0000081">
	<bqbiol:is>
	<rdf:Bag>
	<rdf:li rdf:resource="http://identifiers.org/chebi/CHEBI:15551"/>
	<rdf:li rdf:resource="http://identifiers.org/kegg.compound/C00584"/>
	</rdf:Bag>
	</bqbiol:is>
	</rdf:Description>
	
          </rdf:RDF>
        </annotation>
            </species>
      <species compartment="cell" id="x8" initialConcentration="0.001" metaid="metaid_0000082" name="TXA2">
        <annotation>
          <rdf:RDF xmlns:rdf="http://www.w3.org/1999/02/22-rdf-syntax-ns#" xmlns:bqmodel="http://biomodels.net/model-qualifiers/" xmlns:bqbiol="http://biomodels.net/biology-qualifiers/">
            <rdf:Description rdf:about="#metaid_0000082">
	<bqbiol:is>
	<rdf:Bag>
	<rdf:li rdf:resource="http://identifiers.org/chebi/CHEBI:15627"/>
	<rdf:li rdf:resource="http://identifiers.org/kegg.compound/C02198"/>
	</rdf:Bag>
	</bqbiol:is>
	</rdf:Description>
	
          </rdf:RDF>
        </annotation>
            </species>
      <species compartment="cell" id="x9" initialConcentration="0.001" metaid="metaid_0000083" name="TXB2">
        <annotation>
          <rdf:RDF xmlns:rdf="http://www.w3.org/1999/02/22-rdf-syntax-ns#" xmlns:bqmodel="http://biomodels.net/model-qualifiers/" xmlns:bqbiol="http://biomodels.net/biology-qualifiers/">
            <rdf:Description rdf:about="#metaid_0000083">
	<bqbiol:is>
	<rdf:Bag>
	<rdf:li rdf:resource="http://identifiers.org/chebi/CHEBI:28728"/>
	<rdf:li rdf:resource="http://identifiers.org/kegg.compound/C05963"/>
	</rdf:Bag>
	</bqbiol:is>
	</rdf:Description>
	
          </rdf:RDF>
        </annotation>
            </species>
    </listOfSpecies>
    <listOfParameters>
      <parameter id="lin" metaid="metaid_0000003" name="lin" value="12"/>
      <parameter id="K15" metaid="metaid_0000004" name="Kcat(PLA2)" value="3600">
        <notes>
          <p xmlns="http://www.w3.org/1999/xhtml">
        upper case K</p>
          
        </notes>
      </parameter>
      <parameter id="k15" metaid="metaid_0000005" name="Km(PLA2)" value="2600">
        <notes>
          <p xmlns="http://www.w3.org/1999/xhtml">
        lower case k</p>
          
        </notes>
      </parameter>
      <parameter id="K16" metaid="metaid_0000006" name="Kcat(15-LOX)" value="1000"/>
      <parameter id="k16" metaid="metaid_0000007" name="Km(15-LOX)" value="70"/>
      <parameter id="K17" metaid="metaid_0000008" name="Kcat(12-LOX)" value="1000"/>
      <parameter id="k17" metaid="metaid_0000009" name="Km(12-LOX)" value="50"/>
      <parameter id="K18" metaid="metaid_0000010" name="Kcat(COX-2)" value="1000"/>
      <parameter id="k18" metaid="metaid_0000011" name="Km(COX-2)" value="50"/>
      <parameter id="K19" metaid="metaid_0000012" name="Kcat(PGES)" value="3000"/>
      <parameter id="k19" metaid="metaid_0000013" name="Km(PGES)" value="160"/>
      <parameter id="K20" metaid="metaid_0000014" name="Kcat(TXAS)" value="1599"/>
      <parameter id="k20" metaid="metaid_0000015" name="Km(TXAS)" value="4"/>
      <parameter id="K21" metaid="metaid_0000016" name="Kcat(5-LOX)" value="5000"/>
      <parameter id="k21" metaid="metaid_0000017" name="Km(5-LOX)" value="5"/>
      <parameter id="K22" metaid="metaid_0000018" name="Kcat(LTA4H)" value="125"/>
      <parameter id="k22" metaid="metaid_0000019" name="Km(LTA4H)" value="20"/>
      <parameter id="K23" metaid="metaid_0000020" name="Kcat(CYP4F3)" value="150"/>
      <parameter id="k23" metaid="metaid_0000021" name="Km(CYP4F3)" value="3.9"/>
      <parameter id="K24" metaid="metaid_0000022" name="Kcat(PHGPx)" value="500"/>
      <parameter id="k24" metaid="metaid_0000023" name="Km(PHGPx)" value="70"/>
      <parameter id="kd2" metaid="metaid_0000024" value="0.05"/>
      <parameter id="kd3" metaid="metaid_0000025" value="0.01"/>
      <parameter id="kd8" metaid="metaid_0000026" value="0.1"/>
      <parameter id="kd9" metaid="metaid_0000027" value="0.001"/>
      <parameter id="kd11" metaid="metaid_0000028" value="0.001"/>
      <parameter id="kd12" metaid="metaid_0000029" value="0.07"/>
      <parameter id="kd13" metaid="metaid_0000030" value="0.01"/>
      <parameter id="kd16" metaid="metaid_0000031" value="0.01"/>
      <parameter id="ki1" metaid="metaid_0000032" value="0.3"/>
      <parameter id="ki2" metaid="metaid_0000033" value="30"/>
      <parameter id="ki3" metaid="metaid_0000034" value="30"/>
      <parameter id="ki4" metaid="metaid_0000035" value="0.6"/>
      <parameter id="ki5" metaid="metaid_0000036" value="0.1"/>
      <parameter id="ki6" metaid="metaid_0000037" value="0.01"/>
      <parameter id="ki7" metaid="metaid_0000038" value="30"/>
      <parameter id="ki8" metaid="metaid_0000039" value="4"/>
      <parameter id="ki9" metaid="metaid_0000040" value="0.175"/>
      <parameter id="ki10" metaid="metaid_0000041" value="0.01"/>
      <parameter id="ki11" metaid="metaid_0000042" value="15"/>
      <parameter id="ki12" metaid="metaid_0000043" value="6.3"/>
      <parameter id="ki14" metaid="metaid_0000044" value="0.2"/>
      <parameter id="ki15" metaid="metaid_0000045" value="0.86"/>
      <parameter id="ki16" metaid="metaid_0000046" value="10"/>
      <parameter id="ki17" metaid="metaid_0000047" value="10"/>
      <parameter id="ki18" metaid="metaid_0000048" value="10"/>
      <parameter id="KI19" metaid="metaid_0000049" value="500"/>
      <parameter id="KI20" metaid="metaid_0000050" value="200"/>
      <parameter id="KI21" metaid="metaid_0000051" value="500"/>
      <parameter id="KI22" metaid="metaid_0000052" value="500"/>
      <parameter id="KI23" metaid="metaid_0000053" value="0.053"/>
      <parameter id="KI24" metaid="metaid_0000054" value="2.3E-5"/>
      <parameter id="a24" metaid="metaid_0000055" value="0.15"/>
      <parameter id="ks" metaid="metaid_0000056" value="500"/>
    </listOfParameters>
    <listOfReactions>
      <reaction id="R1" metaid="metaid_0000084" name="AA production" reversible="false">
        <annotation>
          <rdf:RDF xmlns:rdf="http://www.w3.org/1999/02/22-rdf-syntax-ns#" xmlns:bqmodel="http://biomodels.net/model-qualifiers/" xmlns:bqbiol="http://biomodels.net/biology-qualifiers/">
            <rdf:Description rdf:about="#metaid_0000084">
	<bqbiol:isVersionOf>
	<rdf:Bag>
	<rdf:li rdf:resource="http://identifiers.org/ec-code/3.1.1.4"/>
	<rdf:li rdf:resource="http://identifiers.org/go/GO:0004623"/>
	</rdf:Bag>
	</bqbiol:isVersionOf>
	</rdf:Description>
	
          </rdf:RDF>
        </annotation>
              <listOfProducts>
          <speciesReference metaid="_078965" species="x1"/>
        </listOfProducts>
        <listOfModifiers>
          <modifierSpeciesReference metaid="_078977" species="x11"/>
          <modifierSpeciesReference metaid="_078989" species="x13"/>
          <modifierSpeciesReference metaid="_079001" species="x15"/>
          <modifierSpeciesReference metaid="_079013" species="x2"/>
          <modifierSpeciesReference metaid="_079025" species="x4"/>
        </listOfModifiers>
        <kineticLaw metaid="_079037">
          <math xmlns="http://www.w3.org/1998/Math/MathML">          
            <apply>
              <divide/>
              <apply>
                <times/>
                <ci> cell </ci>
                <ci> K15 </ci>
                <ci> x15 </ci>
                <ci> lin </ci>
                <apply>
                  <plus/>
                  <cn type="integer"> 1 </cn>
                  <apply>
                    <divide/>
                    <ci> x4 </ci>
                    <ci> KI19 </ci>
                  </apply>
                  <apply>
                    <divide/>
                    <ci> x2 </ci>
                    <ci> KI20 </ci>
                  </apply>
                  <apply>
                    <divide/>
                    <ci> x13 </ci>
                    <ci> KI21 </ci>
                  </apply>
                  <apply>
                    <divide/>
                    <ci> x11 </ci>
                    <ci> KI22 </ci>
                  </apply>
                </apply>
              </apply>
              <apply>
                <plus/>
                <ci> lin </ci>
                <apply>
                  <times/>
                  <ci> k15 </ci>
                  <apply>
                    <plus/>
                    <cn type="integer"> 1 </cn>
                    <apply>
                      <divide/>
                      <ci> x1 </ci>
                      <ci> ks </ci>
                    </apply>
                  </apply>
                </apply>
              </apply>
            </apply>
          </math>
                </kineticLaw>
      </reaction>
      <reaction id="R2" metaid="metaid_0000085" name="15-HPETE production">
        <annotation>
          <rdf:RDF xmlns:rdf="http://www.w3.org/1999/02/22-rdf-syntax-ns#" xmlns:bqmodel="http://biomodels.net/model-qualifiers/" xmlns:bqbiol="http://biomodels.net/biology-qualifiers/">
            <rdf:Description rdf:about="#metaid_0000085">
	<bqbiol:isVersionOf>
	<rdf:Bag>
	<rdf:li rdf:resource="http://identifiers.org/ec-code/1.13.11.33"/>
	<rdf:li rdf:resource="http://identifiers.org/go/GO:0050473"/>
	</rdf:Bag>
	</bqbiol:isVersionOf>
	</rdf:Description>
	
          </rdf:RDF>
        </annotation>
              <listOfReactants>
          <speciesReference metaid="_079049" species="x1"/>
        </listOfReactants>
        <listOfProducts>
          <speciesReference metaid="_079061" species="x2"/>
        </listOfProducts>
        <listOfModifiers>
          <modifierSpeciesReference metaid="_079073" species="x16"/>
        </listOfModifiers>
        <kineticLaw metaid="_079086">
          <math xmlns="http://www.w3.org/1998/Math/MathML">          
            <apply>
              <divide/>
              <apply>
                <times/>
                <ci> cell </ci>
                <ci> K16 </ci>
                <ci> x16 </ci>
                <ci> x1 </ci>
              </apply>
              <apply>
                <plus/>
                <ci> x1 </ci>
                <apply>
                  <times/>
                  <ci> k16 </ci>
                  <apply>
                    <plus/>
                    <cn type="integer"> 1 </cn>
                    <apply>
                      <divide/>
                      <ci> x2 </ci>
                      <ci> ks </ci>
                    </apply>
                  </apply>
                </apply>
              </apply>
            </apply>
          </math>
                </kineticLaw>
      </reaction>
      <reaction id="R3" metaid="metaid_0000086" name="15-HETE production">
        <annotation>
          <rdf:RDF xmlns:rdf="http://www.w3.org/1999/02/22-rdf-syntax-ns#" xmlns:bqmodel="http://biomodels.net/model-qualifiers/" xmlns:bqbiol="http://biomodels.net/biology-qualifiers/">
            <rdf:Description rdf:about="#metaid_0000086">
	<bqbiol:isVersionOf>
	<rdf:Bag>
	<rdf:li rdf:resource="http://identifiers.org/ec-code/1.11.1.12"/>
	<rdf:li rdf:resource="http://identifiers.org/go/GO:0047066"/>
	</rdf:Bag>
	</bqbiol:isVersionOf>
	</rdf:Description>
	
          </rdf:RDF>
        </annotation>
              <listOfReactants>
          <speciesReference metaid="_079098" species="x2"/>
        </listOfReactants>
        <listOfProducts>
          <speciesReference metaid="_079110" species="x3"/>
        </listOfProducts>
        <listOfModifiers>
          <modifierSpeciesReference metaid="_079122" species="x24"/>
        </listOfModifiers>
        <kineticLaw metaid="_079134">
          <math xmlns="http://www.w3.org/1998/Math/MathML">          
            <apply>
              <divide/>
              <apply>
                <times/>
                <ci> cell </ci>
                <ci> K24 </ci>
                <ci> x24 </ci>
                <ci> x2 </ci>
              </apply>
              <apply>
                <plus/>
                <ci> x2 </ci>
                <apply>
                  <times/>
                  <ci> k24 </ci>
                  <apply>
                    <plus/>
                    <cn type="integer"> 1 </cn>
                    <apply>
                      <divide/>
                      <ci> x3 </ci>
                      <ci> ks </ci>
                    </apply>
                  </apply>
                </apply>
              </apply>
            </apply>
          </math>
                </kineticLaw>
      </reaction>
      <reaction id="R4" metaid="metaid_0000087" name="12-HPETE production">
        <annotation>
          <rdf:RDF xmlns:rdf="http://www.w3.org/1999/02/22-rdf-syntax-ns#" xmlns:bqmodel="http://biomodels.net/model-qualifiers/" xmlns:bqbiol="http://biomodels.net/biology-qualifiers/">
            <rdf:Description rdf:about="#metaid_0000087">
	<bqbiol:isVersionOf>
	<rdf:Bag>
	<rdf:li rdf:resource="http://identifiers.org/ec-code/1.13.11.31"/>
	<rdf:li rdf:resource="http://identifiers.org/go/GO:0004052"/>
	</rdf:Bag>
	</bqbiol:isVersionOf>
	</rdf:Description>
	
          </rdf:RDF>
        </annotation>
              <listOfReactants>
          <speciesReference metaid="_079146" species="x1"/>
        </listOfReactants>
        <listOfProducts>
          <speciesReference metaid="_079159" species="x4"/>
        </listOfProducts>
        <listOfModifiers>
          <modifierSpeciesReference metaid="_079171" species="x17"/>
          <modifierSpeciesReference metaid="_079183" species="x3"/>
        </listOfModifiers>
        <kineticLaw metaid="_079195">
          <math xmlns="http://www.w3.org/1998/Math/MathML">          
            <apply>
              <divide/>
              <apply>
                <times/>
                <ci> cell </ci>
                <ci> K17 </ci>
                <ci> x17 </ci>
                <ci> x1 </ci>
              </apply>
              <apply>
                <plus/>
                <ci> x1 </ci>
                <apply>
                  <times/>
                  <ci> k17 </ci>
                  <apply>
                    <plus/>
                    <cn type="integer"> 1 </cn>
                    <apply>
                      <divide/>
                      <ci> x4 </ci>
                      <ci> ki18 </ci>
                    </apply>
                    <apply>
                      <divide/>
                      <ci> x3 </ci>
                      <ci> ki16 </ci>
                    </apply>
                    <apply>
                      <divide/>
                      <ci> x4 </ci>
                      <ci> ks </ci>
                    </apply>
                  </apply>
                </apply>
              </apply>
            </apply>
          </math>
                </kineticLaw>
      </reaction>
      <reaction id="R5" metaid="metaid_0000088" name="12-HETE production">
        <annotation>
          <rdf:RDF xmlns:rdf="http://www.w3.org/1999/02/22-rdf-syntax-ns#" xmlns:bqmodel="http://biomodels.net/model-qualifiers/" xmlns:bqbiol="http://biomodels.net/biology-qualifiers/">
            <rdf:Description rdf:about="#metaid_0000088">
	<bqbiol:isVersionOf>
	<rdf:Bag>
	<rdf:li rdf:resource="http://identifiers.org/ec-code/1.11.1.12"/>
	<rdf:li rdf:resource="http://identifiers.org/go/GO:0047066"/>
	</rdf:Bag>
	</bqbiol:isVersionOf>
	</rdf:Description>
	
          </rdf:RDF>
        </annotation>
              <listOfReactants>
          <speciesReference metaid="_079207" species="x4"/>
        </listOfReactants>
        <listOfProducts>
          <speciesReference metaid="_079219" species="x5"/>
        </listOfProducts>
        <listOfModifiers>
          <modifierSpeciesReference metaid="_079231" species="x24"/>
        </listOfModifiers>
        <kineticLaw metaid="_079243">
          <math xmlns="http://www.w3.org/1998/Math/MathML">          
            <apply>
              <divide/>
              <apply>
                <times/>
                <ci> cell </ci>
                <ci> K24 </ci>
                <ci> x24 </ci>
                <ci> x4 </ci>
              </apply>
              <apply>
                <plus/>
                <ci> x4 </ci>
                <apply>
                  <times/>
                  <ci> k24 </ci>
                  <apply>
                    <plus/>
                    <cn type="integer"> 1 </cn>
                    <apply>
                      <divide/>
                      <ci> x5 </ci>
                      <ci> ks </ci>
                    </apply>
                  </apply>
                </apply>
              </apply>
            </apply>
          </math>
                </kineticLaw>
      </reaction>
      <reaction id="R6" metaid="metaid_0000089" name="PGH2 production">
        <annotation>
          <rdf:RDF xmlns:rdf="http://www.w3.org/1999/02/22-rdf-syntax-ns#" xmlns:bqmodel="http://biomodels.net/model-qualifiers/" xmlns:bqbiol="http://biomodels.net/biology-qualifiers/">
            <rdf:Description rdf:about="#metaid_0000089">
	<bqbiol:isVersionOf>
	<rdf:Bag>
	<rdf:li rdf:resource="http://identifiers.org/ec-code/1.14.99.1"/>
	<rdf:li rdf:resource="http://identifiers.org/go/GO:0004666"/>
	</rdf:Bag>
	</bqbiol:isVersionOf>
	</rdf:Description>
	
          </rdf:RDF>
        </annotation>
              <listOfReactants>
          <speciesReference metaid="_079255" species="x1"/>
        </listOfReactants>
        <listOfProducts>
          <speciesReference metaid="_079267" species="x6"/>
        </listOfProducts>
        <listOfModifiers>
          <modifierSpeciesReference metaid="_079279" species="x18"/>
          <modifierSpeciesReference metaid="_079291" species="x7"/>
        </listOfModifiers>
        <kineticLaw metaid="_079303">
          <math xmlns="http://www.w3.org/1998/Math/MathML">          
            <apply>
              <divide/>
              <apply>
                <times/>
                <ci> cell </ci>
                <ci> K18 </ci>
                <ci> x18 </ci>
                <ci> x1 </ci>
              </apply>
              <apply>
                <plus/>
                <ci> x1 </ci>
                <apply>
                  <times/>
                  <ci> k18 </ci>
                  <apply>
                    <plus/>
                    <cn type="integer"> 1 </cn>
                    <apply>
                      <divide/>
                      <ci> x7 </ci>
                      <ci> ki3 </ci>
                    </apply>
                    <apply>
                      <divide/>
                      <ci> x6 </ci>
                      <ci> ks </ci>
                    </apply>
                  </apply>
                </apply>
              </apply>
            </apply>
          </math>
                </kineticLaw>
      </reaction>
      <reaction id="R7" metaid="metaid_0000090" name="PGE2 production">
        <annotation>
          <rdf:RDF xmlns:rdf="http://www.w3.org/1999/02/22-rdf-syntax-ns#" xmlns:bqmodel="http://biomodels.net/model-qualifiers/" xmlns:bqbiol="http://biomodels.net/biology-qualifiers/">
            <rdf:Description rdf:about="#metaid_0000090">
	<bqbiol:isVersionOf>
	<rdf:Bag>
	<rdf:li rdf:resource="http://identifiers.org/ec-code/5.3.99.3"/>
	<rdf:li rdf:resource="http://identifiers.org/go/GO:0050220"/>
	</rdf:Bag>
	</bqbiol:isVersionOf>
	</rdf:Description>
	
          </rdf:RDF>
        </annotation>
              <listOfReactants>
          <speciesReference metaid="_079315" species="x6"/>
        </listOfReactants>
        <listOfProducts>
          <speciesReference metaid="_079327" species="x7"/>
        </listOfProducts>
        <listOfModifiers>
          <modifierSpeciesReference metaid="_079339" species="x1"/>
          <modifierSpeciesReference metaid="_079351" species="x19"/>
          <modifierSpeciesReference metaid="_079363" species="x3"/>
        </listOfModifiers>
        <kineticLaw metaid="_079375">
          <math xmlns="http://www.w3.org/1998/Math/MathML">          
            <apply>
              <divide/>
              <apply>
                <times/>
                <ci> cell </ci>
                <ci> K19 </ci>
                <ci> x19 </ci>
                <ci> x6 </ci>
              </apply>
              <apply>
                <plus/>
                <ci> x6 </ci>
                <apply>
                  <times/>
                  <ci> k19 </ci>
                  <apply>
                    <plus/>
                    <cn type="integer"> 1 </cn>
                    <apply>
                      <divide/>
                      <ci> x1 </ci>
                      <ci> ki1 </ci>
                    </apply>
                    <apply>
                      <divide/>
                      <ci> x3 </ci>
                      <ci> ki2 </ci>
                    </apply>
                    <apply>
                      <divide/>
                      <ci> x7 </ci>
                      <ci> ks </ci>
                    </apply>
                  </apply>
                </apply>
              </apply>
            </apply>
          </math>
                </kineticLaw>
      </reaction>
      <reaction id="R8" metaid="metaid_0000091" name="TXA2 production">
        <annotation>
          <rdf:RDF xmlns:rdf="http://www.w3.org/1999/02/22-rdf-syntax-ns#" xmlns:bqmodel="http://biomodels.net/model-qualifiers/" xmlns:bqbiol="http://biomodels.net/biology-qualifiers/">
            <rdf:Description rdf:about="#metaid_0000091">
	<bqbiol:isVersionOf>
	<rdf:Bag>
	<rdf:li rdf:resource="http://identifiers.org/ec-code/5.3.99.5"/>
	<rdf:li rdf:resource="http://identifiers.org/go/GO:0004796"/>
	</rdf:Bag>
	</bqbiol:isVersionOf>
	</rdf:Description>
	
          </rdf:RDF>
        </annotation>
              <listOfReactants>
          <speciesReference metaid="_079387" species="x6"/>
        </listOfReactants>
        <listOfProducts>
          <speciesReference metaid="_079399" species="x8"/>
        </listOfProducts>
        <listOfModifiers>
          <modifierSpeciesReference metaid="_079411" species="x20"/>
        </listOfModifiers>
        <kineticLaw metaid="_079423">
          <math xmlns="http://www.w3.org/1998/Math/MathML">          
            <apply>
              <divide/>
              <apply>
                <times/>
                <ci> cell </ci>
                <ci> K20 </ci>
                <ci> x20 </ci>
                <ci> x6 </ci>
              </apply>
              <apply>
                <plus/>
                <ci> x6 </ci>
                <apply>
                  <times/>
                  <ci> k20 </ci>
                  <apply>
                    <plus/>
                    <cn type="integer"> 1 </cn>
                    <apply>
                      <divide/>
                      <ci> x8 </ci>
                      <ci> ks </ci>
                    </apply>
                  </apply>
                </apply>
              </apply>
            </apply>
          </math>
                </kineticLaw>
      </reaction>
      <reaction id="R9" metaid="metaid_0000092" name="TXB2 production" reversible="false">
        <listOfProducts>
          <speciesReference metaid="_079435" species="x9"/>
        </listOfProducts>
        <listOfModifiers>
          <modifierSpeciesReference metaid="_079447" species="x8"/>
        </listOfModifiers>
        <kineticLaw metaid="_079459">
          <math xmlns="http://www.w3.org/1998/Math/MathML">          
            <apply>
              <times/>
              <ci> kd8 </ci>
              <ci> x8 </ci>
              <ci> cell </ci>
            </apply>
          </math>
                </kineticLaw>
      </reaction>
      <reaction id="R10" metaid="metaid_0000093" name="5-HPETE production">
        <annotation>
          <rdf:RDF xmlns:rdf="http://www.w3.org/1999/02/22-rdf-syntax-ns#" xmlns:bqmodel="http://biomodels.net/model-qualifiers/" xmlns:bqbiol="http://biomodels.net/biology-qualifiers/">
            <rdf:Description rdf:about="#metaid_0000093">
	<bqbiol:isVersionOf>
	<rdf:Bag>
	<rdf:li rdf:resource="http://identifiers.org/ec-code/1.13.11.34"/>
	<rdf:li rdf:resource="http://identifiers.org/go/GO:0004051"/>
	</rdf:Bag>
	</bqbiol:isVersionOf>
	</rdf:Description>
	
          </rdf:RDF>
        </annotation>
              <listOfReactants>
          <speciesReference metaid="_079471" species="x1"/>
        </listOfReactants>
        <listOfProducts>
          <speciesReference metaid="_079483" species="x10"/>
        </listOfProducts>
        <listOfModifiers>
          <modifierSpeciesReference metaid="_079495" species="x11"/>
          <modifierSpeciesReference metaid="_079508" species="x3"/>
          <modifierSpeciesReference metaid="_079520" species="x5"/>
          <modifierSpeciesReference metaid="_079532" species="x7"/>
          <modifierSpeciesReference metaid="_079544" species="x21"/>
        </listOfModifiers>
        <kineticLaw metaid="_079556">
          <math xmlns="http://www.w3.org/1998/Math/MathML">          
            <apply>
              <divide/>
              <apply>
                <times/>
                <ci> cell </ci>
                <ci> K21 </ci>
                <ci> x21 </ci>
                <ci> x1 </ci>
              </apply>
              <apply>
                <plus/>
                <ci> x1 </ci>
                <apply>
                  <times/>
                  <ci> k21 </ci>
                  <apply>
                    <plus/>
                    <cn type="integer"> 1 </cn>
                    <apply>
                      <divide/>
                      <ci> x5 </ci>
                      <ci> ki7 </ci>
                    </apply>
                    <apply>
                      <divide/>
                      <ci> x3 </ci>
                      <ci> ki8 </ci>
                    </apply>
                    <apply>
                      <divide/>
                      <ci> x7 </ci>
                      <ci> ki11 </ci>
                    </apply>
                    <apply>
                      <divide/>
                      <ci> x11 </ci>
                      <ci> ki12 </ci>
                    </apply>
                    <apply>
                      <divide/>
                      <ci> x10 </ci>
                      <ci> ks </ci>
                    </apply>
                  </apply>
                </apply>
              </apply>
            </apply>
          </math>
                </kineticLaw>
      </reaction>
      <reaction id="R11" metaid="metaid_0000094" name="5-HETE production">
        <annotation>
          <rdf:RDF xmlns:rdf="http://www.w3.org/1999/02/22-rdf-syntax-ns#" xmlns:bqmodel="http://biomodels.net/model-qualifiers/" xmlns:bqbiol="http://biomodels.net/biology-qualifiers/">
            <rdf:Description rdf:about="#metaid_0000094">
	<bqbiol:isVersionOf>
	<rdf:Bag>
	<rdf:li rdf:resource="http://identifiers.org/ec-code/1.11.1.12"/>
	<rdf:li rdf:resource="http://identifiers.org/go/GO:0047066"/>
	</rdf:Bag>
	</bqbiol:isVersionOf>
	</rdf:Description>
	
          </rdf:RDF>
        </annotation>
              <listOfReactants>
          <speciesReference metaid="_079568" species="x10"/>
        </listOfReactants>
        <listOfProducts>
          <speciesReference metaid="_079580" species="x11"/>
        </listOfProducts>
        <listOfModifiers>
          <modifierSpeciesReference metaid="_079592" species="x24"/>
        </listOfModifiers>
        <kineticLaw metaid="_079604">
          <math xmlns="http://www.w3.org/1998/Math/MathML">          
            <apply>
              <divide/>
              <apply>
                <times/>
                <ci> cell </ci>
                <ci> K24 </ci>
                <ci> x24 </ci>
                <ci> x10 </ci>
              </apply>
              <apply>
                <plus/>
                <ci> x10 </ci>
                <apply>
                  <times/>
                  <ci> k24 </ci>
                  <apply>
                    <plus/>
                    <cn type="integer"> 1 </cn>
                    <apply>
                      <divide/>
                      <ci> x11 </ci>
                      <ci> ks </ci>
                    </apply>
                  </apply>
                </apply>
              </apply>
            </apply>
          </math>
                </kineticLaw>
      </reaction>
      <reaction id="R12" metaid="metaid_0000095" name="LTA4 production">
        <annotation>
          <rdf:RDF xmlns:rdf="http://www.w3.org/1999/02/22-rdf-syntax-ns#" xmlns:bqmodel="http://biomodels.net/model-qualifiers/" xmlns:bqbiol="http://biomodels.net/biology-qualifiers/">
            <rdf:Description rdf:about="#metaid_0000095">
	<bqbiol:isVersionOf>
	<rdf:Bag>
	<rdf:li rdf:resource="http://identifiers.org/ec-code/1.13.11.34"/>
	<rdf:li rdf:resource="http://identifiers.org/go/GO:0004051"/>
	</rdf:Bag>
	</bqbiol:isVersionOf>
	</rdf:Description>
	
          </rdf:RDF>
        </annotation>
              <listOfReactants>
          <speciesReference metaid="_079616" species="x10"/>
        </listOfReactants>
        <listOfProducts>
          <speciesReference metaid="_079628" species="x12"/>
        </listOfProducts>
        <listOfModifiers>
          <modifierSpeciesReference metaid="_079640" species="x11"/>
          <modifierSpeciesReference metaid="_079652" species="x21"/>
          <modifierSpeciesReference metaid="_079664" species="x3"/>
          <modifierSpeciesReference metaid="_079676" species="x5"/>
          <modifierSpeciesReference metaid="_079688" species="x7"/>
        </listOfModifiers>
        <kineticLaw metaid="_079700">
          <math xmlns="http://www.w3.org/1998/Math/MathML">          
            <apply>
              <divide/>
              <apply>
                <times/>
                <ci> cell </ci>
                <ci> K21 </ci>
                <ci> x21 </ci>
                <ci> x10 </ci>
              </apply>
              <apply>
                <plus/>
                <ci> x10 </ci>
                <apply>
                  <times/>
                  <ci> k21 </ci>
                  <apply>
                    <plus/>
                    <cn type="integer"> 1 </cn>
                    <apply>
                      <divide/>
                      <ci> x5 </ci>
                      <ci> ki7 </ci>
                    </apply>
                    <apply>
                      <divide/>
                      <ci> x3 </ci>
                      <ci> ki8 </ci>
                    </apply>
                    <apply>
                      <divide/>
                      <ci> x7 </ci>
                      <ci> ki11 </ci>
                    </apply>
                    <apply>
                      <divide/>
                      <ci> x11 </ci>
                      <ci> ki12 </ci>
                    </apply>
                    <apply>
                      <divide/>
                      <ci> x12 </ci>
                      <ci> ks </ci>
                    </apply>
                  </apply>
                </apply>
              </apply>
            </apply>
          </math>
                </kineticLaw>
      </reaction>
      <reaction id="R13" metaid="metaid_0000096" name="LTB4 production">
        <annotation>
          <rdf:RDF xmlns:rdf="http://www.w3.org/1999/02/22-rdf-syntax-ns#" xmlns:bqmodel="http://biomodels.net/model-qualifiers/" xmlns:bqbiol="http://biomodels.net/biology-qualifiers/">
            <rdf:Description rdf:about="#metaid_0000096">
	<bqbiol:isVersionOf>
	<rdf:Bag>
	<rdf:li rdf:resource="http://identifiers.org/ec-code/3.3.2.6"/>
	<rdf:li rdf:resource="http://identifiers.org/go/GO:0004463"/>
	</rdf:Bag>
	</bqbiol:isVersionOf>
	</rdf:Description>
	
          </rdf:RDF>
        </annotation>
              <listOfReactants>
          <speciesReference metaid="_079712" species="x12"/>
        </listOfReactants>
        <listOfProducts>
          <speciesReference metaid="_079724" species="x13"/>
        </listOfProducts>
        <listOfModifiers>
          <modifierSpeciesReference metaid="_079736" species="x22"/>
        </listOfModifiers>
        <kineticLaw metaid="_079748">
          <math xmlns="http://www.w3.org/1998/Math/MathML">          
            <apply>
              <divide/>
              <apply>
                <times/>
                <ci> cell </ci>
                <ci> K22 </ci>
                <ci> x22 </ci>
                <ci> x12 </ci>
              </apply>
              <apply>
                <plus/>
                <ci> x12 </ci>
                <apply>
                  <times/>
                  <ci> k22 </ci>
                  <apply>
                    <plus/>
                    <cn type="integer"> 1 </cn>
                    <apply>
                      <divide/>
                      <ci> x13 </ci>
                      <ci> ks </ci>
                    </apply>
                  </apply>
                </apply>
              </apply>
            </apply>
          </math>
                </kineticLaw>
      </reaction>
      <reaction id="R14" metaid="metaid_0000097" name="20-OH-LTB4 production">
        <annotation>
          <rdf:RDF xmlns:rdf="http://www.w3.org/1999/02/22-rdf-syntax-ns#" xmlns:bqmodel="http://biomodels.net/model-qualifiers/" xmlns:bqbiol="http://biomodels.net/biology-qualifiers/">
            <rdf:Description rdf:about="#metaid_0000097">
	<bqbiol:isVersionOf>
	<rdf:Bag>
	<rdf:li rdf:resource="http://identifiers.org/ec-code/1.14.13.30"/>
	<rdf:li rdf:resource="http://identifiers.org/go/GO:0050051"/>
	</rdf:Bag>
	</bqbiol:isVersionOf>
	</rdf:Description>
	
          </rdf:RDF>
        </annotation>
              <listOfReactants>
          <speciesReference metaid="_079760" species="x13"/>
        </listOfReactants>
        <listOfProducts>
          <speciesReference metaid="_079772" species="x14"/>
        </listOfProducts>
        <listOfModifiers>
          <modifierSpeciesReference metaid="_079784" species="x11"/>
          <modifierSpeciesReference metaid="_079796" species="x23"/>
          <modifierSpeciesReference metaid="_079809" species="x5"/>
        </listOfModifiers>
        <kineticLaw metaid="_079821">
          <math xmlns="http://www.w3.org/1998/Math/MathML">          
            <apply>
              <divide/>
              <apply>
                <times/>
                <ci> cell </ci>
                <ci> K23 </ci>
                <ci> x23 </ci>
                <ci> x13 </ci>
              </apply>
              <apply>
                <plus/>
                <ci> x13 </ci>
                <apply>
                  <times/>
                  <ci> k23 </ci>
                  <apply>
                    <plus/>
                    <cn type="integer"> 1 </cn>
                    <apply>
                      <divide/>
                      <ci> x5 </ci>
                      <ci> ki14 </ci>
                    </apply>
                    <apply>
                      <divide/>
                      <ci> x11 </ci>
                      <ci> ki15 </ci>
                    </apply>
                    <apply>
                      <divide/>
                      <ci> x14 </ci>
                      <ci> ks </ci>
                    </apply>
                  </apply>
                </apply>
              </apply>
            </apply>
          </math>
                </kineticLaw>
      </reaction>
      <reaction id="R16" metaid="metaid_0000099" name="15-LOX upregulation" reversible="false">
        <annotation>
          <rdf:RDF xmlns:rdf="http://www.w3.org/1999/02/22-rdf-syntax-ns#" xmlns:bqmodel="http://biomodels.net/model-qualifiers/" xmlns:bqbiol="http://biomodels.net/biology-qualifiers/">
            <rdf:Description rdf:about="#metaid_0000099">
	<bqbiol:isVersionOf>
	<rdf:Bag>
	<rdf:li rdf:resource="http://identifiers.org/go/GO:0045893"/>
	</rdf:Bag>
	</bqbiol:isVersionOf>
	</rdf:Description>
	
          </rdf:RDF>
        </annotation>
              <listOfProducts>
          <speciesReference metaid="_079833" species="x16"/>
        </listOfProducts>
        <listOfModifiers>
          <modifierSpeciesReference metaid="_079845" species="x7"/>
        </listOfModifiers>
        <kineticLaw metaid="_079858">
          <math xmlns="http://www.w3.org/1998/Math/MathML">          
            <apply>
              <divide/>
              <apply>
                <times/>
                <ci> cell </ci>
                <ci> a24 </ci>
                <ci> x7 </ci>
                <ci> x7 </ci>
              </apply>
              <apply>
                <plus/>
                <apply>
                  <times/>
                  <ci> x7 </ci>
                  <ci> x7 </ci>
                </apply>
                <apply>
                  <times/>
                  <ci> KI24 </ci>
                  <ci> KI24 </ci>
                </apply>
              </apply>
            </apply>
          </math>
                </kineticLaw>
      </reaction>
      <reaction id="R17" metaid="metaid_0000100" name="12-LOX inhibition" reversible="false">
        <annotation>
          <rdf:RDF xmlns:rdf="http://www.w3.org/1999/02/22-rdf-syntax-ns#" xmlns:bqmodel="http://biomodels.net/model-qualifiers/" xmlns:bqbiol="http://biomodels.net/biology-qualifiers/">
            <rdf:Description rdf:about="#metaid_0000100">
	<bqbiol:isVersionOf>
	<rdf:Bag>
	<rdf:li rdf:resource="http://identifiers.org/go/GO:0043086"/>
	</rdf:Bag>
	</bqbiol:isVersionOf>
	</rdf:Description>
	
          </rdf:RDF>
        </annotation>
              <listOfReactants>
          <speciesReference metaid="_079870" species="x17"/>
        </listOfReactants>
        <listOfModifiers>
          <modifierSpeciesReference metaid="_079882" species="x2"/>
        </listOfModifiers>
        <kineticLaw metaid="_079894">
          <math xmlns="http://www.w3.org/1998/Math/MathML">          
            <apply>
              <times/>
              <ci> cell </ci>
              <ci> ki17 </ci>
              <ci> x2 </ci>
              <ci> x17 </ci>
            </apply>
          </math>
                </kineticLaw>
      </reaction>
      <reaction id="R20" metaid="metaid_0000103" name="TXAS inhibition" reversible="false">
        <annotation>
          <rdf:RDF xmlns:rdf="http://www.w3.org/1999/02/22-rdf-syntax-ns#" xmlns:bqmodel="http://biomodels.net/model-qualifiers/" xmlns:bqbiol="http://biomodels.net/biology-qualifiers/">
            <rdf:Description rdf:about="#metaid_0000103">
	<bqbiol:isVersionOf>
	<rdf:Bag>
	<rdf:li rdf:resource="http://identifiers.org/go/GO:0043086"/>
	</rdf:Bag>
	</bqbiol:isVersionOf>
	</rdf:Description>
	
          </rdf:RDF>
        </annotation>
              <listOfReactants>
          <speciesReference metaid="_079906" species="x20"/>
        </listOfReactants>
        <listOfModifiers>
          <modifierSpeciesReference metaid="_079918" species="x2"/>
        </listOfModifiers>
        <kineticLaw metaid="_079930">
          <math xmlns="http://www.w3.org/1998/Math/MathML">          
            <apply>
              <times/>
              <ci> ki4 </ci>
              <ci> x2 </ci>
              <ci> x20 </ci>
              <ci> cell </ci>
            </apply>
          </math>
                </kineticLaw>
      </reaction>
      <reaction id="R21" metaid="metaid_0000104" name="5-LOX upregulation" reversible="false">
        <annotation>
          <rdf:RDF xmlns:rdf="http://www.w3.org/1999/02/22-rdf-syntax-ns#" xmlns:bqmodel="http://biomodels.net/model-qualifiers/" xmlns:bqbiol="http://biomodels.net/biology-qualifiers/">
            <rdf:Description rdf:about="#metaid_0000104">
	<bqbiol:isVersionOf>
	<rdf:Bag>
	<rdf:li rdf:resource="http://identifiers.org/go/GO:0043085"/>
	</rdf:Bag>
	</bqbiol:isVersionOf>
	</rdf:Description>
	
          </rdf:RDF>
        </annotation>
              <listOfProducts>
          <speciesReference metaid="_079942" species="x21"/>
        </listOfProducts>
        <listOfModifiers>
          <modifierSpeciesReference metaid="_079954" species="x13"/>
        </listOfModifiers>
        <kineticLaw metaid="_079966">
          <math xmlns="http://www.w3.org/1998/Math/MathML">          
            <apply>
              <times/>
              <ci> cell </ci>
              <ci> KI23 </ci>
              <ci> x13 </ci>
              <ci> x21 </ci>
            </apply>
          </math>
                </kineticLaw>
      </reaction>
      <reaction id="R22" metaid="metaid_0000105" name="LTA4H inhibition" reversible="false">
        <annotation>
          <rdf:RDF xmlns:rdf="http://www.w3.org/1999/02/22-rdf-syntax-ns#" xmlns:bqmodel="http://biomodels.net/model-qualifiers/" xmlns:bqbiol="http://biomodels.net/biology-qualifiers/">
            <rdf:Description rdf:about="#metaid_0000105">
	<bqbiol:isVersionOf>
	<rdf:Bag>
	<rdf:li rdf:resource="http://identifiers.org/go/GO:0043086"/>
	</rdf:Bag>
	</bqbiol:isVersionOf>
	</rdf:Description>
	
          </rdf:RDF>
        </annotation>
              <listOfReactants>
          <speciesReference metaid="_079978" species="x22"/>
        </listOfReactants>
        <listOfModifiers>
          <modifierSpeciesReference metaid="_079990" species="x12"/>
        </listOfModifiers>
        <kineticLaw metaid="_080002">
          <math xmlns="http://www.w3.org/1998/Math/MathML">          
            <apply>
              <divide/>
              <apply>
                <times/>
                <ci> cell </ci>
                <ci> K22 </ci>
                <ci> x22 </ci>
                <ci> x12 </ci>
              </apply>
              <apply>
                <times/>
                <apply>
                  <plus/>
                  <ci> x12 </ci>
                  <ci> k22 </ci>
                </apply>
                <cn type="integer"> 129 </cn>
              </apply>
            </apply>
          </math>
                </kineticLaw>
      </reaction>
      <reaction id="R18" metaid="metaid_0000106" name="TXB2 decay" reversible="false">
        <annotation>
          <rdf:RDF xmlns:rdf="http://www.w3.org/1999/02/22-rdf-syntax-ns#" xmlns:bqmodel="http://biomodels.net/model-qualifiers/" xmlns:bqbiol="http://biomodels.net/biology-qualifiers/">
            <rdf:Description rdf:about="#metaid_0000106">
	<bqbiol:isVersionOf>
	<rdf:Bag>
	<rdf:li rdf:resource="http://identifiers.org/go/GO:0044248"/>
	</rdf:Bag>
	</bqbiol:isVersionOf>
	</rdf:Description>
	
          </rdf:RDF>
        </annotation>
              <listOfReactants>
          <speciesReference metaid="_080014" species="x9"/>
        </listOfReactants>
        <kineticLaw metaid="_080026">
          <math xmlns="http://www.w3.org/1998/Math/MathML">          
            <apply>
              <times/>
              <ci> kd9 </ci>
              <ci> x9 </ci>
              <ci> cell </ci>
            </apply>
          </math>
                </kineticLaw>
      </reaction>
      <reaction id="R19" metaid="metaid_0000107" name="TXAS inhibition by PGH2" reversible="false">
        <annotation>
          <rdf:RDF xmlns:rdf="http://www.w3.org/1999/02/22-rdf-syntax-ns#" xmlns:bqmodel="http://biomodels.net/model-qualifiers/" xmlns:bqbiol="http://biomodels.net/biology-qualifiers/">
            <rdf:Description rdf:about="#metaid_0000107">
	<bqbiol:isVersionOf>
	<rdf:Bag>
	<rdf:li rdf:resource="http://identifiers.org/go/GO:0043086"/>
	</rdf:Bag>
	</bqbiol:isVersionOf>
	</rdf:Description>
	
          </rdf:RDF>
        </annotation>
              <listOfReactants>
          <speciesReference metaid="_080038" species="x20"/>
        </listOfReactants>
        <listOfModifiers>
          <modifierSpeciesReference metaid="_080050" species="x6"/>
        </listOfModifiers>
        <kineticLaw metaid="_080062">
          <math xmlns="http://www.w3.org/1998/Math/MathML">          
            <apply>
              <times/>
              <ci> cell </ci>
              <ci> ki5 </ci>
              <ci> x6 </ci>
              <ci> x20 </ci>
            </apply>
          </math>
                </kineticLaw>
      </reaction>
      <reaction id="R25" metaid="metaid_0000108" name="TAX2 decay" reversible="false">
        <annotation>
          <rdf:RDF xmlns:rdf="http://www.w3.org/1999/02/22-rdf-syntax-ns#" xmlns:bqmodel="http://biomodels.net/model-qualifiers/" xmlns:bqbiol="http://biomodels.net/biology-qualifiers/">
            <rdf:Description rdf:about="#metaid_0000108">
	<bqbiol:isVersionOf>
	<rdf:Bag>
	<rdf:li rdf:resource="http://identifiers.org/go/GO:0044248"/>
	</rdf:Bag>
	</bqbiol:isVersionOf>
	</rdf:Description>
	
          </rdf:RDF>
        </annotation>
              <listOfReactants>
          <speciesReference metaid="_080074" species="x8"/>
        </listOfReactants>
        <kineticLaw metaid="_080086">
          <math xmlns="http://www.w3.org/1998/Math/MathML">          
            <apply>
              <times/>
              <ci> cell </ci>
              <ci> kd8 </ci>
              <ci> x8 </ci>
            </apply>
          </math>
                </kineticLaw>
      </reaction>
      <reaction id="R24" metaid="metaid_0000109" name="LTB4 decay" reversible="false">
        <annotation>
          <rdf:RDF xmlns:rdf="http://www.w3.org/1999/02/22-rdf-syntax-ns#" xmlns:bqmodel="http://biomodels.net/model-qualifiers/" xmlns:bqbiol="http://biomodels.net/biology-qualifiers/">
            <rdf:Description rdf:about="#metaid_0000109">
	<bqbiol:isVersionOf>
	<rdf:Bag>
	<rdf:li rdf:resource="http://identifiers.org/go/GO:0044248"/>
	</rdf:Bag>
	</bqbiol:isVersionOf>
	</rdf:Description>
	
          </rdf:RDF>
        </annotation>
              <listOfReactants>
          <speciesReference metaid="_080098" species="x13"/>
        </listOfReactants>
        <kineticLaw metaid="_080110">
          <math xmlns="http://www.w3.org/1998/Math/MathML">          
            <apply>
              <times/>
              <ci> cell </ci>
              <ci> kd13 </ci>
              <ci> x13 </ci>
            </apply>
          </math>
                </kineticLaw>
      </reaction>
      <reaction id="R23" metaid="metaid_0000110" name="LTA4 decay" reversible="false">
        <annotation>
          <rdf:RDF xmlns:rdf="http://www.w3.org/1999/02/22-rdf-syntax-ns#" xmlns:bqmodel="http://biomodels.net/model-qualifiers/" xmlns:bqbiol="http://biomodels.net/biology-qualifiers/">
            <rdf:Description rdf:about="#metaid_0000110">
	<bqbiol:isVersionOf>
	<rdf:Bag>
	<rdf:li rdf:resource="http://identifiers.org/go/GO:0044248"/>
	</rdf:Bag>
	</bqbiol:isVersionOf>
	</rdf:Description>
	
          </rdf:RDF>
        </annotation>
              <listOfReactants>
          <speciesReference metaid="_080122" species="x12"/>
        </listOfReactants>
        <kineticLaw metaid="_080134">
          <math xmlns="http://www.w3.org/1998/Math/MathML">          
            <apply>
              <times/>
              <ci> cell </ci>
              <ci> x12 </ci>
              <ci> kd12 </ci>
            </apply>
          </math>
                </kineticLaw>
      </reaction>
      <reaction id="R26" metaid="metaid_0000111" name="15-HETE decay" reversible="false">
        <annotation>
          <rdf:RDF xmlns:rdf="http://www.w3.org/1999/02/22-rdf-syntax-ns#" xmlns:bqmodel="http://biomodels.net/model-qualifiers/" xmlns:bqbiol="http://biomodels.net/biology-qualifiers/">
            <rdf:Description rdf:about="#metaid_0000111">
	<bqbiol:isVersionOf>
	<rdf:Bag>
	<rdf:li rdf:resource="http://identifiers.org/go/GO:0044248"/>
	</rdf:Bag>
	</bqbiol:isVersionOf>
	</rdf:Description>
	
          </rdf:RDF>
        </annotation>
              <listOfReactants>
          <speciesReference metaid="_080146" species="x3"/>
        </listOfReactants>
        <kineticLaw metaid="_080158">
          <math xmlns="http://www.w3.org/1998/Math/MathML">          
            <apply>
              <times/>
              <ci> kd3 </ci>
              <ci> x3 </ci>
              <ci> cell </ci>
            </apply>
          </math>
                </kineticLaw>
      </reaction>
      <reaction id="R27" metaid="metaid_0000113" name="15-HPETE decay" reversible="false">
        <annotation>
          <rdf:RDF xmlns:rdf="http://www.w3.org/1999/02/22-rdf-syntax-ns#" xmlns:bqmodel="http://biomodels.net/model-qualifiers/" xmlns:bqbiol="http://biomodels.net/biology-qualifiers/">
            <rdf:Description rdf:about="#metaid_0000113">
	<bqbiol:isVersionOf>
	<rdf:Bag>
	<rdf:li rdf:resource="http://identifiers.org/go/GO:0044248"/>
	</rdf:Bag>
	</bqbiol:isVersionOf>
	</rdf:Description>
	
          </rdf:RDF>
        </annotation>
              <listOfReactants>
          <speciesReference metaid="_080170" species="x2"/>
        </listOfReactants>
        <kineticLaw metaid="_080182">
          <math xmlns="http://www.w3.org/1998/Math/MathML">          
            <apply>
              <times/>
              <ci> kd2 </ci>
              <ci> cell </ci>
              <ci> x2 </ci>
            </apply>
          </math>
                </kineticLaw>
      </reaction>
      <reaction id="R28" metaid="metaid_0000115" name="15-LOX decay" reversible="false">
        <annotation>
          <rdf:RDF xmlns:rdf="http://www.w3.org/1999/02/22-rdf-syntax-ns#" xmlns:bqmodel="http://biomodels.net/model-qualifiers/" xmlns:bqbiol="http://biomodels.net/biology-qualifiers/">
            <rdf:Description rdf:about="#metaid_0000115">
	<bqbiol:isVersionOf>
	<rdf:Bag>
	<rdf:li rdf:resource="http://identifiers.org/go/GO:0030163"/>
	</rdf:Bag>
	</bqbiol:isVersionOf>
	</rdf:Description>
	
          </rdf:RDF>
        </annotation>
              <listOfReactants>
          <speciesReference metaid="_080194" species="x16"/>
        </listOfReactants>
        <kineticLaw metaid="_080206">
          <math xmlns="http://www.w3.org/1998/Math/MathML">          
            <apply>
              <times/>
              <ci> cell </ci>
              <ci> kd16 </ci>
              <ci> x16 </ci>
            </apply>
          </math>
                </kineticLaw>
      </reaction>
      <reaction id="R29" metaid="metaid_0000116" name="5-HETE decay" reversible="false">
        <annotation>
          <rdf:RDF xmlns:rdf="http://www.w3.org/1999/02/22-rdf-syntax-ns#" xmlns:bqmodel="http://biomodels.net/model-qualifiers/" xmlns:bqbiol="http://biomodels.net/biology-qualifiers/">
            <rdf:Description rdf:about="#metaid_0000116">
	<bqbiol:isVersionOf>
	<rdf:Bag>
	<rdf:li rdf:resource="http://identifiers.org/go/GO:0044248"/>
	</rdf:Bag>
	</bqbiol:isVersionOf>
	</rdf:Description>
	
          </rdf:RDF>
        </annotation>
              <listOfReactants>
          <speciesReference metaid="_080218" species="x11"/>
        </listOfReactants>
        <kineticLaw metaid="_080230">
          <math xmlns="http://www.w3.org/1998/Math/MathML">          
            <apply>
              <times/>
              <ci> kd11 </ci>
              <ci> x11 </ci>
              <ci> cell </ci>
            </apply>
          </math>
                </kineticLaw>
      </reaction>
      <reaction id="R30" metaid="metaid_0000117" name="5-LOX inhibition by x12" reversible="false">
        <annotation>
          <rdf:RDF xmlns:rdf="http://www.w3.org/1999/02/22-rdf-syntax-ns#" xmlns:bqmodel="http://biomodels.net/model-qualifiers/" xmlns:bqbiol="http://biomodels.net/biology-qualifiers/">
            <rdf:Description rdf:about="#metaid_0000117">
	<bqbiol:isVersionOf>
	<rdf:Bag>
	<rdf:li rdf:resource="http://identifiers.org/go/GO:0043086"/>
	</rdf:Bag>
	</bqbiol:isVersionOf>
	</rdf:Description>
	
          </rdf:RDF>
        </annotation>
              <listOfReactants>
          <speciesReference metaid="_080242" species="x21"/>
        </listOfReactants>
        <listOfModifiers>
          <modifierSpeciesReference metaid="_080254" species="x12"/>
        </listOfModifiers>
        <kineticLaw metaid="_080266">
          <math xmlns="http://www.w3.org/1998/Math/MathML">          
            <apply>
              <times/>
              <ci> cell </ci>
              <ci> ki9 </ci>
              <ci> x12 </ci>
              <ci> x21 </ci>
            </apply>
          </math>
                </kineticLaw>
      </reaction>
      <reaction id="R31" metaid="metaid_0000118" name="5-LOX inhibition by x10" reversible="false">
        <annotation>
          <rdf:RDF xmlns:rdf="http://www.w3.org/1999/02/22-rdf-syntax-ns#" xmlns:bqmodel="http://biomodels.net/model-qualifiers/" xmlns:bqbiol="http://biomodels.net/biology-qualifiers/">
            <rdf:Description rdf:about="#metaid_0000118">
	<bqbiol:isVersionOf>
	<rdf:Bag>
	<rdf:li rdf:resource="http://identifiers.org/go/GO:0043086"/>
	</rdf:Bag>
	</bqbiol:isVersionOf>
	</rdf:Description>
	
          </rdf:RDF>
        </annotation>
              <listOfReactants>
          <speciesReference metaid="_080278" species="x21"/>
        </listOfReactants>
        <listOfModifiers>
          <modifierSpeciesReference metaid="_080290" species="x10"/>
        </listOfModifiers>
        <kineticLaw metaid="_080302">
          <math xmlns="http://www.w3.org/1998/Math/MathML">          
            <apply>
              <times/>
              <ci> cell </ci>
              <ci> ki10 </ci>
              <ci> x10 </ci>
              <ci> x21 </ci>
            </apply>
          </math>
                </kineticLaw>
      </reaction>
      <reaction id="R32" metaid="metaid_0000119" name="5-LOX inhibition by x2" reversible="false">
        <annotation>
          <rdf:RDF xmlns:rdf="http://www.w3.org/1999/02/22-rdf-syntax-ns#" xmlns:bqmodel="http://biomodels.net/model-qualifiers/" xmlns:bqbiol="http://biomodels.net/biology-qualifiers/">
            <rdf:Description rdf:about="#metaid_0000119">
	<bqbiol:isVersionOf>
	<rdf:Bag>
	<rdf:li rdf:resource="http://identifiers.org/go/GO:0043086"/>
	</rdf:Bag>
	</bqbiol:isVersionOf>
	</rdf:Description>
	
          </rdf:RDF>
        </annotation>
              <listOfReactants>
          <speciesReference metaid="_080315" species="x21"/>
        </listOfReactants>
        <listOfModifiers>
          <modifierSpeciesReference metaid="_080328" species="x2"/>
        </listOfModifiers>
        <kineticLaw metaid="_080340">
          <math xmlns="http://www.w3.org/1998/Math/MathML">          
            <apply>
              <times/>
              <ci> cell </ci>
              <ci> ki6 </ci>
              <ci> x21 </ci>
              <ci> x2 </ci>
            </apply>
          </math>
                </kineticLaw>
      </reaction>
      <reaction id="R34" metaid="metaid_0000121" name="AA decay" reversible="false">
        <annotation>
          <rdf:RDF xmlns:rdf="http://www.w3.org/1999/02/22-rdf-syntax-ns#" xmlns:bqmodel="http://biomodels.net/model-qualifiers/" xmlns:bqbiol="http://biomodels.net/biology-qualifiers/">
            <rdf:Description rdf:about="#metaid_0000121">
	<bqbiol:isVersionOf>
	<rdf:Bag>
	<rdf:li rdf:resource="http://identifiers.org/go/GO:0044248"/>
	</rdf:Bag>
	</bqbiol:isVersionOf>
	</rdf:Description>
	
          </rdf:RDF>
        </annotation>
              <listOfReactants>
          <speciesReference metaid="_080352" species="x1"/>
        </listOfReactants>
        <kineticLaw metaid="_080364">
          <math xmlns="http://www.w3.org/1998/Math/MathML">          
            <apply>
              <times/>
              <cn> 0.1 </cn>
              <ci> x1 </ci>
              <ci> cell </ci>
            </apply>
          </math>
                </kineticLaw>
      </reaction>
    </listOfReactions>
  </model>
</sbml>