<?xml version='1.0' encoding='UTF-8' standalone='no'?>
<sbml xmlns="http://www.sbml.org/sbml/level2" level="2" metaid="metaid_0000001" version="1">
  <model id="model_0000001" metaid="metaid_0000002" name="Dupont1991_CaOscillation">
    <notes>
      <body xmlns="http://www.w3.org/1999/xhtml">
        <p>This model is according to the paper      <i>Signal-induced Ca2+ oscillations: Properties of a model based on Ca2+-induced Ca2+ release.</i>
          Figure4B in the paper has been reproduced by RoadRunner and MathSBML. Damped Ca2+ oscillations elicited by a transient pulse of InsP3 applied intracellularly to a resting, non-oscillatory cell.      </p>
            <br/>
            <p>To the extent possible under law, all copyright and related or neighbouring rights to this encoded model have been dedicated to the public domain worldwide. Please refer to      <a href="http://creativecommons.org/publicdomain/zero/1.0/" title="Creative Commons CC0">CC0 Public Domain Dedication</a>
          for more information.      </p>
            <p>In summary, you are entitled to use this encoded model in absolutely any manner you deem suitable, verbatim, or with modification, alone or embedded it in a larger context, redistribute it, commercially or not, in a restricted way or not.</p>
            <br/>
            <p>To cite BioModels Database, please use:      <a href="http://www.ncbi.nlm.nih.gov/pubmed/20587024" target="_blank">Li C, Donizelli M, Rodriguez N, Dharuri H, Endler L, Chelliah V, Li L, He E, Henry A, Stefan MI, Snoep JL, Hucka M, Le Novère N, Laibe C (2010) BioModels Database: An enhanced, curated and annotated resource for published quantitative kinetic models. BMC Syst Biol., 4:92.</a>
                </p>
            </body>
      
    </notes>
    <annotation>
      <rdf:RDF xmlns:rdf="http://www.w3.org/1999/02/22-rdf-syntax-ns#" xmlns:bqmodel="http://biomodels.net/model-qualifiers/" xmlns:vCard="http://www.w3.org/2001/vcard-rdf/3.0#" xmlns:dc="http://purl.org/dc/elements/1.1/" xmlns:dcterms="http://purl.org/dc/terms/" xmlns:bqbiol="http://biomodels.net/biology-qualifiers/">
        <rdf:Description rdf:about="#metaid_0000002">
	<dc:creator>
	<rdf:Bag>
	<rdf:li rdf:parseType="Resource">
	<vCard:N rdf:parseType="Resource">
	<vCard:Family>He</vCard:Family>
	<vCard:Given>Enuo</vCard:Given>
	</vCard:N>
	<vCard:EMAIL>enuo@caltech.edu</vCard:EMAIL>
	<vCard:ORG rdf:parseType="Resource">
	<vCard:Orgname>BNMC</vCard:Orgname>
	</vCard:ORG>
	</rdf:li>
	</rdf:Bag>
	</dc:creator>
	<dcterms:created rdf:parseType="Resource">
	<dcterms:W3CDTF>2007-05-22T13:36:51Z</dcterms:W3CDTF>
	</dcterms:created>
	<dcterms:modified rdf:parseType="Resource">
	<dcterms:W3CDTF>2012-07-05T16:48:14Z</dcterms:W3CDTF>
	</dcterms:modified>
	<bqmodel:is>
	<rdf:Bag>
	<rdf:li rdf:resource="http://identifiers.org/biomodels.db/MODEL0466937756"/>
	</rdf:Bag>
	</bqmodel:is>
	<bqmodel:is>
	<rdf:Bag>
	<rdf:li rdf:resource="http://identifiers.org/biomodels.db/BIOMD0000000117"/>
	</rdf:Bag>
	</bqmodel:is>
	<bqmodel:isDescribedBy>
	<rdf:Bag>
	<rdf:li rdf:resource="http://identifiers.org/pubmed/1647878"/>
	</rdf:Bag>
	</bqmodel:isDescribedBy>
	<bqbiol:hasTaxon>
	<rdf:Bag>
	<rdf:li rdf:resource="http://identifiers.org/taxonomy/131567"/>
	</rdf:Bag>
	</bqbiol:hasTaxon>
	<bqbiol:isVersionOf>
	<rdf:Bag>
	<rdf:li rdf:resource="http://identifiers.org/go/GO:0019722"/>
	<rdf:li rdf:resource="http://identifiers.org/go/GO:0048763"/>
	</rdf:Bag>
	</bqbiol:isVersionOf>
	</rdf:Description>
	
      </rdf:RDF>
    </annotation>
      <listOfUnitDefinitions>
      <unitDefinition id="substance" metaid="metaid_0000035" name="microM">
        <listOfUnits>
          <unit kind="mole" metaid="_286709" scale="-6"/>
        </listOfUnits>
      </unitDefinition>
    </listOfUnitDefinitions>
    <listOfCompartments>
      <compartment id="extracellular" metaid="metaid_0000023" size="1">
        <annotation>
          <rdf:RDF xmlns:rdf="http://www.w3.org/1999/02/22-rdf-syntax-ns#" xmlns:bqmodel="http://biomodels.net/model-qualifiers/" xmlns:bqbiol="http://biomodels.net/biology-qualifiers/">
            <rdf:Description rdf:about="#metaid_0000023">
	<bqbiol:isVersionOf>
	<rdf:Bag>
	<rdf:li rdf:resource="http://identifiers.org/go/GO:0005576"/>
	</rdf:Bag>
	</bqbiol:isVersionOf>
	</rdf:Description>
	
          </rdf:RDF>
        </annotation>
            </compartment>
      <compartment id="Cytosol" metaid="metaid_0000024" size="1">
        <annotation>
          <rdf:RDF xmlns:rdf="http://www.w3.org/1999/02/22-rdf-syntax-ns#" xmlns:bqmodel="http://biomodels.net/model-qualifiers/" xmlns:bqbiol="http://biomodels.net/biology-qualifiers/">
            <rdf:Description rdf:about="#metaid_0000024">
	<bqbiol:isVersionOf>
	<rdf:Bag>
	<rdf:li rdf:resource="http://identifiers.org/go/GO:0005829"/>
	</rdf:Bag>
	</bqbiol:isVersionOf>
	</rdf:Description>
	
          </rdf:RDF>
        </annotation>
            </compartment>
      <compartment id="intracellular_Ca_storepool" metaid="metaid_0000025" size="1">
        <annotation>
          <rdf:RDF xmlns:rdf="http://www.w3.org/1999/02/22-rdf-syntax-ns#" xmlns:bqmodel="http://biomodels.net/model-qualifiers/" xmlns:bqbiol="http://biomodels.net/biology-qualifiers/">
            <rdf:Description rdf:about="#metaid_0000025">
	<bqbiol:isVersionOf>
	<rdf:Bag>
	<rdf:li rdf:resource="http://identifiers.org/go/GO:0044424"/>
	</rdf:Bag>
	</bqbiol:isVersionOf>
	</rdf:Description>
	
          </rdf:RDF>
        </annotation>
            </compartment>
    </listOfCompartments>
    <listOfSpecies>
      <species compartment="Cytosol" id="z" initialConcentration="0.1" metaid="metaid_0000004" name="Ca in the cytosol">
        <annotation>
          <rdf:RDF xmlns:rdf="http://www.w3.org/1999/02/22-rdf-syntax-ns#" xmlns:bqmodel="http://biomodels.net/model-qualifiers/" xmlns:bqbiol="http://biomodels.net/biology-qualifiers/">
            <rdf:Description rdf:about="#metaid_0000004">
	<bqbiol:is>
	<rdf:Bag>
	<rdf:li rdf:resource="http://identifiers.org/chebi/CHEBI:29108"/>
	<rdf:li rdf:resource="http://identifiers.org/kegg.compound/C00076"/>
	</rdf:Bag>
	</bqbiol:is>
	</rdf:Description>
	
          </rdf:RDF>
        </annotation>
            </species>
      <species compartment="intracellular_Ca_storepool" id="y" initialConcentration="1.4" metaid="metaid_0000005" name="Ca in the InsP3-insensitive pool">
        <annotation>
          <rdf:RDF xmlns:rdf="http://www.w3.org/1999/02/22-rdf-syntax-ns#" xmlns:bqmodel="http://biomodels.net/model-qualifiers/" xmlns:bqbiol="http://biomodels.net/biology-qualifiers/">
            <rdf:Description rdf:about="#metaid_0000005">
	<bqbiol:is>
	<rdf:Bag>
	<rdf:li rdf:resource="http://identifiers.org/chebi/CHEBI:29108"/>
	<rdf:li rdf:resource="http://identifiers.org/kegg.compound/C00076"/>
	</rdf:Bag>
	</bqbiol:is>
	</rdf:Description>
	
          </rdf:RDF>
        </annotation>
            </species>
    </listOfSpecies>
    <listOfParameters>
      <parameter id="v0" metaid="metaid_0000006" value="1"/>
      <parameter id="v1" metaid="metaid_0000007" value="7.3"/>
      <parameter id="VM2" metaid="metaid_0000008" value="65"/>
      <parameter id="VM3" metaid="metaid_0000009" value="500"/>
      <parameter id="KR" metaid="metaid_0000010" value="2"/>
      <parameter id="KA" metaid="metaid_0000011" value="0.9"/>
      <parameter id="K2" metaid="metaid_0000012" value="1"/>
      <parameter id="kf" metaid="metaid_0000013" value="1"/>
      <parameter id="k" metaid="metaid_0000014" value="10"/>
      <parameter id="n" metaid="metaid_0000015" value="2"/>
      <parameter id="m" metaid="metaid_0000016" value="2"/>
      <parameter id="p" metaid="metaid_0000017" value="4"/>
      <parameter id="tstim" metaid="metaid_0000018" name="stimulation time" value="4"/>
      <parameter constant="false" id="beta" metaid="metaid_0000019" value="0">
        <notes>
          <p xmlns="http://www.w3.org/1999/xhtml">
        saturation function of the InsP3 receptor</p>
          
        </notes>
      </parameter>
      <parameter constant="false" id="flag" metaid="metaid_0000033" value="0">
        <notes>
          <p xmlns="http://www.w3.org/1999/xhtml">
        when flag=0, beta=0, flag=1, beta=beta_f*exp[-0.2*(t-tp)]</p>
          
        </notes>
      </parameter>
    </listOfParameters>
    <listOfRules>
      <assignmentRule metaid="metaid_0000030" variable="beta">
        <notes>
          <p xmlns="http://www.w3.org/1999/xhtml">
        According to the legend of Figure4B, beta decays from the initial value beta_f=96% according to the equation beta=beta_f*exp[-0.2*(t-tp)]. and tp=4s.</p>
          
        </notes>
        <math xmlns="http://www.w3.org/1998/Math/MathML">        
          <apply>
            <times/>
            <ci> flag </ci>
            <cn> 0.96 </cn>
            <apply>
              <exp/>
              <apply>
                <times/>
                <cn> -0.2 </cn>
                <apply>
                  <minus/>
                  <csymbol encoding="text" definitionURL="http://www.sbml.org/sbml/symbols/time"> time </csymbol>
                  <ci> tstim </ci>
                </apply>
              </apply>
            </apply>
          </apply>
        </math>
            </assignmentRule>
    </listOfRules>
    <listOfReactions>
      <reaction id="reaction_0000001" metaid="metaid_0000028" name="InsP3 modulated release of Ca from the InsP3 sensitive store" reversible="false">
        <annotation>
          <rdf:RDF xmlns:rdf="http://www.w3.org/1999/02/22-rdf-syntax-ns#" xmlns:bqmodel="http://biomodels.net/model-qualifiers/" xmlns:bqbiol="http://biomodels.net/biology-qualifiers/">
            <rdf:Description rdf:about="#metaid_0000028">
	<bqbiol:isVersionOf>
	<rdf:Bag>
	<rdf:li rdf:resource="http://identifiers.org/go/GO:0006816"/>
	<rdf:li rdf:resource="http://identifiers.org/go/GO:0007204"/>
	</rdf:Bag>
	</bqbiol:isVersionOf>
	</rdf:Description>
	
          </rdf:RDF>
        </annotation>
              <listOfProducts>
          <speciesReference metaid="_286721" species="z"/>
        </listOfProducts>
        <kineticLaw metaid="_286733">
          <math xmlns="http://www.w3.org/1998/Math/MathML">          
            <apply>
              <times/>
              <ci> v1 </ci>
              <ci> beta </ci>
              <ci> Cytosol </ci>
            </apply>
          </math>
                </kineticLaw>
      </reaction>
      <reaction id="reaction_0000002" metaid="metaid_0000029" name="Constant input of Ca from the extracellular medium" reversible="false">
        <annotation>
          <rdf:RDF xmlns:rdf="http://www.w3.org/1999/02/22-rdf-syntax-ns#" xmlns:bqmodel="http://biomodels.net/model-qualifiers/" xmlns:bqbiol="http://biomodels.net/biology-qualifiers/">
            <rdf:Description rdf:about="#metaid_0000029">
	<bqbiol:isVersionOf>
	<rdf:Bag>
	<rdf:li rdf:resource="http://identifiers.org/go/GO:0006816"/>
	<rdf:li rdf:resource="http://identifiers.org/go/GO:0007204"/>
	</rdf:Bag>
	</bqbiol:isVersionOf>
	</rdf:Description>
	
          </rdf:RDF>
        </annotation>
              <listOfProducts>
          <speciesReference metaid="_286745" species="z"/>
        </listOfProducts>
        <kineticLaw metaid="_286757">
          <math xmlns="http://www.w3.org/1998/Math/MathML">          
            <apply>
              <times/>
              <ci> v0 </ci>
              <ci> Cytosol </ci>
            </apply>
          </math>
                </kineticLaw>
      </reaction>
      <reaction id="reaction_0000003" metaid="metaid_0000026" name="Leak Ca from pool to cytosol" reversible="false">
        <annotation>
          <rdf:RDF xmlns:rdf="http://www.w3.org/1999/02/22-rdf-syntax-ns#" xmlns:bqmodel="http://biomodels.net/model-qualifiers/" xmlns:bqbiol="http://biomodels.net/biology-qualifiers/">
            <rdf:Description rdf:about="#metaid_0000026">
	<bqbiol:isVersionOf>
	<rdf:Bag>
	<rdf:li rdf:resource="http://identifiers.org/go/GO:0006816"/>
	<rdf:li rdf:resource="http://identifiers.org/go/GO:0007204"/>
	</rdf:Bag>
	</bqbiol:isVersionOf>
	</rdf:Description>
	
          </rdf:RDF>
        </annotation>
              <listOfReactants>
          <speciesReference metaid="_286770" species="y"/>
        </listOfReactants>
        <listOfProducts>
          <speciesReference metaid="_286782" species="z"/>
        </listOfProducts>
        <kineticLaw metaid="_286794">
          <math xmlns="http://www.w3.org/1998/Math/MathML">          
            <apply>
              <times/>
              <ci> kf </ci>
              <ci> y </ci>
              <ci> Cytosol </ci>
            </apply>
          </math>
                </kineticLaw>
      </reaction>
      <reaction id="reaction_0000004" metaid="metaid_0000027" name="Pumping Ca into the InsP3-insensitive store" reversible="false">
        <annotation>
          <rdf:RDF xmlns:rdf="http://www.w3.org/1999/02/22-rdf-syntax-ns#" xmlns:bqmodel="http://biomodels.net/model-qualifiers/" xmlns:bqbiol="http://biomodels.net/biology-qualifiers/">
            <rdf:Description rdf:about="#metaid_0000027">
	<bqbiol:isVersionOf>
	<rdf:Bag>
	<rdf:li rdf:resource="http://identifiers.org/go/GO:0005388"/>
	<rdf:li rdf:resource="http://identifiers.org/go/GO:0006816"/>
	<rdf:li rdf:resource="http://identifiers.org/go/GO:0051481"/>
	</rdf:Bag>
	</bqbiol:isVersionOf>
	</rdf:Description>
	
          </rdf:RDF>
        </annotation>
              <listOfReactants>
          <speciesReference metaid="_286806" species="z"/>
        </listOfReactants>
        <listOfProducts>
          <speciesReference metaid="_286818" species="y"/>
        </listOfProducts>
        <kineticLaw metaid="_286830">
          <math xmlns="http://www.w3.org/1998/Math/MathML">          
            <apply>
              <divide/>
              <apply>
                <times/>
                <ci> intracellular_Ca_storepool </ci>
                <ci> VM2 </ci>
                <apply>
                  <power/>
                  <ci> z </ci>
                  <ci> n </ci>
                </apply>
              </apply>
              <apply>
                <plus/>
                <apply>
                  <power/>
                  <ci> K2 </ci>
                  <ci> n </ci>
                </apply>
                <apply>
                  <power/>
                  <ci> z </ci>
                  <ci> n </ci>
                </apply>
              </apply>
            </apply>
          </math>
                </kineticLaw>
      </reaction>
      <reaction id="reaction_0000005" metaid="metaid_0000031" name="Release of Ca from the pool into the cytosol" reversible="false">
        <annotation>
          <rdf:RDF xmlns:rdf="http://www.w3.org/1999/02/22-rdf-syntax-ns#" xmlns:bqmodel="http://biomodels.net/model-qualifiers/" xmlns:bqbiol="http://biomodels.net/biology-qualifiers/">
            <rdf:Description rdf:about="#metaid_0000031">
	<bqbiol:isVersionOf>
	<rdf:Bag>
	<rdf:li rdf:resource="http://identifiers.org/go/GO:0006816"/>
	<rdf:li rdf:resource="http://identifiers.org/go/GO:0007204"/>
	</rdf:Bag>
	</bqbiol:isVersionOf>
	</rdf:Description>
	
          </rdf:RDF>
        </annotation>
              <listOfReactants>
          <speciesReference metaid="_286842" species="y"/>
        </listOfReactants>
        <listOfProducts>
          <speciesReference metaid="_286854" species="z"/>
        </listOfProducts>
        <kineticLaw metaid="_286867">
          <math xmlns="http://www.w3.org/1998/Math/MathML">          
            <apply>
              <times/>
              <ci> Cytosol </ci>
              <ci> VM3 </ci>
              <apply>
                <divide/>
                <apply>
                  <power/>
                  <ci> y </ci>
                  <ci> m </ci>
                </apply>
                <apply>
                  <plus/>
                  <apply>
                    <power/>
                    <ci> KR </ci>
                    <ci> m </ci>
                  </apply>
                  <apply>
                    <power/>
                    <ci> y </ci>
                    <ci> m </ci>
                  </apply>
                </apply>
              </apply>
              <apply>
                <divide/>
                <apply>
                  <power/>
                  <ci> z </ci>
                  <ci> p </ci>
                </apply>
                <apply>
                  <plus/>
                  <apply>
                    <power/>
                    <ci> KA </ci>
                    <ci> p </ci>
                  </apply>
                  <apply>
                    <power/>
                    <ci> z </ci>
                    <ci> p </ci>
                  </apply>
                </apply>
              </apply>
            </apply>
          </math>
                </kineticLaw>
      </reaction>
      <reaction id="reaction_0000006" metaid="metaid_0000032" name="Transport of cytosolic ca into the extracellular medium" reversible="false">
        <annotation>
          <rdf:RDF xmlns:rdf="http://www.w3.org/1999/02/22-rdf-syntax-ns#" xmlns:bqmodel="http://biomodels.net/model-qualifiers/" xmlns:bqbiol="http://biomodels.net/biology-qualifiers/">
            <rdf:Description rdf:about="#metaid_0000032">
	<bqbiol:isVersionOf>
	<rdf:Bag>
	<rdf:li rdf:resource="http://identifiers.org/go/GO:0006816"/>
	<rdf:li rdf:resource="http://identifiers.org/go/GO:0051481"/>
	</rdf:Bag>
	</bqbiol:isVersionOf>
	</rdf:Description>
	
          </rdf:RDF>
        </annotation>
              <listOfReactants>
          <speciesReference metaid="_286879" species="z"/>
        </listOfReactants>
        <kineticLaw metaid="_286891">
          <math xmlns="http://www.w3.org/1998/Math/MathML">          
            <apply>
              <times/>
              <ci> k </ci>
              <ci> z </ci>
              <ci> extracellular </ci>
            </apply>
          </math>
                </kineticLaw>
      </reaction>
    </listOfReactions>
    <listOfEvents>
      <event id="event_0000001" metaid="metaid_0000034">
        <trigger metaid="_286903">
          <math xmlns="http://www.w3.org/1998/Math/MathML">          
            <apply>
              <gt/>
              <csymbol encoding="text" definitionURL="http://www.sbml.org/sbml/symbols/time"> time </csymbol>
              <ci> tstim </ci>
            </apply>
          </math>
                </trigger>
        <listOfEventAssignments>
          <eventAssignment metaid="_286915" variable="flag">
            <math xmlns="http://www.w3.org/1998/Math/MathML">            
              <cn type="integer"> 1 </cn>
            </math>
                    </eventAssignment>
        </listOfEventAssignments>
      </event>
    </listOfEvents>
  </model>
</sbml>