<?xml version='1.0' encoding='UTF-8' standalone='no'?>
<sbml xmlns="http://www.sbml.org/sbml/level2/version3" level="2" metaid="metaid_0000001" version="3">
  <model id="Locke2008_Circadian_Clock" metaid="metaid_0000002" name="Locke2008_Circadian_Clock">
    <notes>
      <body xmlns="http://www.w3.org/1999/xhtml">
        <p>The model reproduces Fig 2A of the paper. Model successfully reproduced using Jarnac and MathSBML.</p>
            <br/>
            <p>To the extent possible under law, all copyright and related or neighbouring rights to this encoded model have been dedicated to the public domain worldwide. Please refer to      <a href="http://creativecommons.org/publicdomain/zero/1.0/" title="Creative Commons CC0">CC0 Public Domain Dedication</a>
          for more information.      </p>
            <p>In summary, you are entitled to use this encoded model in absolutely any manner you deem suitable, verbatim, or with modification, alone or embedded it in a larger context, redistribute it, commercially or not, in a restricted way or not.</p>
            <br/>
            <p>To cite BioModels Database, please use:      <a href="http://www.ncbi.nlm.nih.gov/pubmed/20587024" target="_blank">Li C, Donizelli M, Rodriguez N, Dharuri H, Endler L, Chelliah V, Li L, He E, Henry A, Stefan MI, Snoep JL, Hucka M, Le Novère N, Laibe C (2010) BioModels Database: An enhanced, curated and annotated resource for published quantitative kinetic models. BMC Syst Biol., 4:92.</a>
                </p>
            </body>
      
    </notes>
    <annotation>
      <rdf:RDF xmlns:rdf="http://www.w3.org/1999/02/22-rdf-syntax-ns#" xmlns:bqmodel="http://biomodels.net/model-qualifiers/" xmlns:vCard="http://www.w3.org/2001/vcard-rdf/3.0#" xmlns:dc="http://purl.org/dc/elements/1.1/" xmlns:dcterms="http://purl.org/dc/terms/" xmlns:bqbiol="http://biomodels.net/biology-qualifiers/">
        <rdf:Description rdf:about="#metaid_0000002">
	<dc:creator>
	<rdf:Bag>
	<rdf:li rdf:parseType="Resource">
	<vCard:N rdf:parseType="Resource">
	<vCard:Family>Dharuri</vCard:Family>
	<vCard:Given>Harish</vCard:Given>
	</vCard:N>
	<vCard:EMAIL>hdharuri@cds.caltech.edu</vCard:EMAIL>
	<vCard:ORG rdf:parseType="Resource">
	<vCard:Orgname>California Institute of Technology</vCard:Orgname>
	</vCard:ORG>
	</rdf:li>
	</rdf:Bag>
	</dc:creator>
	<dcterms:created rdf:parseType="Resource">
	<dcterms:W3CDTF>2008-08-20T08:10:29Z</dcterms:W3CDTF>
	</dcterms:created>
	<dcterms:modified rdf:parseType="Resource">
	<dcterms:W3CDTF>2012-07-11T17:47:04Z</dcterms:W3CDTF>
	</dcterms:modified>
	<bqmodel:is>
	<rdf:Bag>
	<rdf:li rdf:resource="http://identifiers.org/biomodels.db/MODEL9223733527"/>
	</rdf:Bag>
	</bqmodel:is>
	<bqmodel:is>
	<rdf:Bag>
	<rdf:li rdf:resource="http://identifiers.org/biomodels.db/BIOMD0000000185"/>
	</rdf:Bag>
	</bqmodel:is>
	<bqmodel:isDescribedBy>
	<rdf:Bag>
	<rdf:li rdf:resource="http://identifiers.org/pubmed/18312618"/>
	</rdf:Bag>
	</bqmodel:isDescribedBy>
	<bqbiol:hasTaxon>
	<rdf:Bag>
	<rdf:li rdf:resource="http://identifiers.org/taxonomy/40674"/>
	</rdf:Bag>
	</bqbiol:hasTaxon>
	<bqbiol:isVersionOf>
	<rdf:Bag>
	<rdf:li rdf:resource="http://identifiers.org/go/GO:0048512"/>
	<rdf:li rdf:resource="http://identifiers.org/go/GO:0032922"/>
	</rdf:Bag>
	</bqbiol:isVersionOf>
	</rdf:Description>
	
      </rdf:RDF>
    </annotation>
      <listOfUnitDefinitions>
      <unitDefinition id="substance" metaid="metaid_0000053" name="nano mole">
        <listOfUnits>
          <unit kind="mole" metaid="_198150" scale="-9"/>
        </listOfUnits>
      </unitDefinition>
      <unitDefinition id="time" metaid="metaid_0000054" name="hour">
        <listOfUnits>
          <unit kind="second" metaid="_198162" multiplier="3600"/>
        </listOfUnits>
      </unitDefinition>
      <unitDefinition id="nM" metaid="metaid_0000055" name="nM">
        <listOfUnits>
          <unit kind="mole" metaid="_198174" scale="-9"/>
          <unit exponent="-1" kind="litre" metaid="_198186"/>
        </listOfUnits>
      </unitDefinition>
      <unitDefinition id="nM_hr_1" metaid="metaid_0000056" name="nM_hr_1">
        <listOfUnits>
          <unit kind="mole" metaid="_198198" scale="-9"/>
          <unit exponent="-1" kind="litre" metaid="_198210"/>
          <unit exponent="-1" kind="second" metaid="_198222" multiplier="3600"/>
        </listOfUnits>
      </unitDefinition>
      <unitDefinition id="hr_1" metaid="metaid_0000057" name="hr_1">
        <listOfUnits>
          <unit exponent="-1" kind="second" metaid="_198234" multiplier="3600"/>
        </listOfUnits>
      </unitDefinition>
    </listOfUnitDefinitions>
    <listOfCompartments>
      <compartment id="compartment" metaid="metaid_0000022" name="Cell" size="1">
        <annotation>
          <rdf:RDF xmlns:rdf="http://www.w3.org/1999/02/22-rdf-syntax-ns#" xmlns:bqmodel="http://biomodels.net/model-qualifiers/" xmlns:bqbiol="http://biomodels.net/biology-qualifiers/">
            <rdf:Description rdf:about="#metaid_0000022">
	<bqbiol:is>
	<rdf:Bag>
	<rdf:li rdf:resource="http://identifiers.org/go/GO:0005623"/>
	</rdf:Bag>
	</bqbiol:is>
	</rdf:Description>
	
          </rdf:RDF>
        </annotation>
            </compartment>
    </listOfCompartments>
    <listOfSpecies>
      <species compartment="compartment" id="X1" initialConcentration="4.25" metaid="metaid_0000024" name="clock gene mRNA">
        <annotation>
          <rdf:RDF xmlns:rdf="http://www.w3.org/1999/02/22-rdf-syntax-ns#" xmlns:bqmodel="http://biomodels.net/model-qualifiers/" xmlns:bqbiol="http://biomodels.net/biology-qualifiers/">
            <rdf:Description rdf:about="#metaid_0000024">
              <bqbiol:isVersionOf>
	<rdf:Bag>
	<rdf:li rdf:resource="http://identifiers.org/chebi/CHEBI:33699"/>
	</rdf:Bag>
	</bqbiol:isVersionOf>
	
	<bqbiol:encodes>
	<rdf:Bag>
	<rdf:li rdf:resource="http://identifiers.org/uniprot/O15516"/>
	</rdf:Bag>
	</bqbiol:encodes>
	</rdf:Description>
	
          </rdf:RDF>
        </annotation>
            </species>
      <species compartment="compartment" id="Y1" initialConcentration="3.25" metaid="metaid_0000025" name="clock protein">
        <annotation>
          <rdf:RDF xmlns:rdf="http://www.w3.org/1999/02/22-rdf-syntax-ns#" xmlns:bqmodel="http://biomodels.net/model-qualifiers/" xmlns:bqbiol="http://biomodels.net/biology-qualifiers/">
            <rdf:Description rdf:about="#metaid_0000025">
	<bqbiol:isHomologTo>
	<rdf:Bag>
	<rdf:li rdf:resource="http://identifiers.org/uniprot/O15516"/>
	</rdf:Bag>
	</bqbiol:isHomologTo>
	</rdf:Description>
	
          </rdf:RDF>
        </annotation>
            </species>
      <species compartment="compartment" id="Z1" initialConcentration="2.25" metaid="metaid_0000026" name="Transcriptional repressor"/>
      <species compartment="compartment" id="V1" initialConcentration="2.5" metaid="metaid_0000027" name="Neuropeptide">
        <annotation>
          <rdf:RDF xmlns:rdf="http://www.w3.org/1999/02/22-rdf-syntax-ns#" xmlns:bqmodel="http://biomodels.net/model-qualifiers/" xmlns:bqbiol="http://biomodels.net/biology-qualifiers/">
            <rdf:Description rdf:about="#metaid_0000027">
              <bqbiol:isHomologTo>
	<rdf:Bag>
	<rdf:li rdf:resource="http://identifiers.org/uniprot/Q9VET0"/>
	</rdf:Bag>
	</bqbiol:isHomologTo>
	
	<bqbiol:hasVersion>
	<rdf:Bag>
	<rdf:li rdf:resource="http://identifiers.org/go/GO:0005184"/>
	</rdf:Bag>
	</bqbiol:hasVersion>
	</rdf:Description>
	
          </rdf:RDF>
        </annotation>
            </species>
      <species compartment="compartment" id="X2" initialConcentration="0" metaid="metaid_0000028" name="clock gene mRNA">
        <annotation>
          <rdf:RDF xmlns:rdf="http://www.w3.org/1999/02/22-rdf-syntax-ns#" xmlns:bqmodel="http://biomodels.net/model-qualifiers/" xmlns:bqbiol="http://biomodels.net/biology-qualifiers/">
            <rdf:Description rdf:about="#metaid_0000028">
              <bqbiol:encodes>
	<rdf:Bag>
	<rdf:li rdf:resource="http://identifiers.org/uniprot/O15516"/>
	</rdf:Bag>
	</bqbiol:encodes>
	
	<bqbiol:isVersionOf>
	<rdf:Bag>
	<rdf:li rdf:resource="http://identifiers.org/chebi/CHEBI:33699"/>
	</rdf:Bag>
	</bqbiol:isVersionOf>
	</rdf:Description>
	
          </rdf:RDF>
        </annotation>
            </species>
      <species compartment="compartment" id="Y2" initialConcentration="0" metaid="metaid_0000029" name="clock protein">
        <annotation>
          <rdf:RDF xmlns:rdf="http://www.w3.org/1999/02/22-rdf-syntax-ns#" xmlns:bqmodel="http://biomodels.net/model-qualifiers/" xmlns:bqbiol="http://biomodels.net/biology-qualifiers/">
            <rdf:Description rdf:about="#metaid_0000029">
	<bqbiol:isHomologTo>
	<rdf:Bag>
	<rdf:li rdf:resource="http://identifiers.org/uniprot/O15516"/>
	</rdf:Bag>
	</bqbiol:isHomologTo>
	</rdf:Description>
	
          </rdf:RDF>
        </annotation>
            </species>
      <species compartment="compartment" id="Z2" initialConcentration="0" metaid="metaid_0000030" name="Transcriptional repressor"/>
      <species compartment="compartment" id="V2" initialConcentration="0" metaid="metaid_0000031" name="Neuropeptide">
        <annotation>
          <rdf:RDF xmlns:rdf="http://www.w3.org/1999/02/22-rdf-syntax-ns#" xmlns:bqmodel="http://biomodels.net/model-qualifiers/" xmlns:bqbiol="http://biomodels.net/biology-qualifiers/">
            <rdf:Description rdf:about="#metaid_0000031">
              <bqbiol:isHomologTo>
	<rdf:Bag>
	<rdf:li rdf:resource="http://identifiers.org/uniprot/Q9VET0"/>
	</rdf:Bag>
	</bqbiol:isHomologTo>
	
	<bqbiol:hasVersion>
	<rdf:Bag>
	<rdf:li rdf:resource="http://identifiers.org/go/GO:0005184"/>
	</rdf:Bag>
	</bqbiol:hasVersion>
	</rdf:Description>
	
          </rdf:RDF>
        </annotation>
            </species>
    </listOfSpecies>
    <listOfParameters>
      <parameter constant="false" id="F" metaid="metaid_0000003" units="nM" value="0"/>
      <parameter id="v_1" metaid="metaid_0000004" units="nM_hr_1" value="6.8355"/>
      <parameter id="K1" metaid="metaid_0000005" units="nM" value="2.7266"/>
      <parameter id="n" metaid="metaid_0000006" units="dimensionless" value="5.6645"/>
      <parameter id="v_2" metaid="metaid_0000007" units="nM_hr_1" value="8.4297"/>
      <parameter id="K2" metaid="metaid_0000008" units="nM" value="0.291"/>
      <parameter id="vc" metaid="metaid_0000009" units="nM_hr_1" value="6.7924"/>
      <parameter id="K" metaid="metaid_0000010" units="dimensionless" value="1"/>
      <parameter id="Kc" metaid="metaid_0000011" units="nM" value="4.8283"/>
      <parameter id="L" metaid="metaid_0000012" units="nM_hr_1" value="0"/>
      <parameter id="k3" metaid="metaid_0000013" units="hr_1" value="0.1177"/>
      <parameter id="v_4" metaid="metaid_0000014" units="nM_hr_1" value="1.0841"/>
      <parameter id="K4" metaid="metaid_0000015" units="nM" value="8.1343"/>
      <parameter id="k5" metaid="metaid_0000016" units="hr_1" value="0.3352"/>
      <parameter id="v_6" metaid="metaid_0000017" units="nM_hr_1" value="4.6645"/>
      <parameter id="K6" metaid="metaid_0000018" units="nM" value="9.9849"/>
      <parameter id="k7" metaid="metaid_0000019" units="hr_1" value="0.2282"/>
      <parameter id="v_8" metaid="metaid_0000020" units="nM_hr_1" value="3.5216"/>
      <parameter id="K8" metaid="metaid_0000021" units="nM" value="7.4519"/>
    </listOfParameters>
    <listOfRules>
      <assignmentRule metaid="metaid_0000032" variable="F">
        <math xmlns="http://www.w3.org/1998/Math/MathML">        
          <apply>
            <times/>
            <apply>
              <divide/>
              <cn type="integer"> 1 </cn>
              <cn type="integer"> 2 </cn>
            </apply>
            <apply>
              <plus/>
              <ci> V1 </ci>
              <ci> V2 </ci>
            </apply>
          </apply>
        </math>
            </assignmentRule>
    </listOfRules>
    <listOfReactions>
      <reaction id="R1" metaid="metaid_0000033" name="Transcription" reversible="false">
        <annotation>
          <rdf:RDF xmlns:rdf="http://www.w3.org/1999/02/22-rdf-syntax-ns#" xmlns:bqmodel="http://biomodels.net/model-qualifiers/" xmlns:bqbiol="http://biomodels.net/biology-qualifiers/">
            <rdf:Description rdf:about="#metaid_0000033">
	<bqbiol:isVersionOf>
	<rdf:Bag>
	<rdf:li rdf:resource="http://identifiers.org/go/GO:0009299"/>
	<rdf:li rdf:resource="http://identifiers.org/go/GO:0006355"/>
	</rdf:Bag>
	</bqbiol:isVersionOf>
	</rdf:Description>
	
          </rdf:RDF>
        </annotation>
              <listOfProducts>
          <speciesReference metaid="_198246" species="X1"/>
        </listOfProducts>
        <listOfModifiers>
          <modifierSpeciesReference metaid="_198258" species="Z1"/>
        </listOfModifiers>
        <kineticLaw metaid="_198270">
          <math xmlns="http://www.w3.org/1998/Math/MathML">          
            <apply>
              <divide/>
              <apply>
                <times/>
                <ci> compartment </ci>
                <ci> v_1 </ci>
                <apply>
                  <power/>
                  <ci> K1 </ci>
                  <ci> n </ci>
                </apply>
              </apply>
              <apply>
                <plus/>
                <apply>
                  <power/>
                  <ci> K1 </ci>
                  <ci> n </ci>
                </apply>
                <apply>
                  <power/>
                  <ci> Z1 </ci>
                  <ci> n </ci>
                </apply>
              </apply>
            </apply>
          </math>
                </kineticLaw>
      </reaction>
      <reaction id="R2" metaid="metaid_0000034" name="mRNA degradation" reversible="false">
        <annotation>
          <rdf:RDF xmlns:rdf="http://www.w3.org/1999/02/22-rdf-syntax-ns#" xmlns:bqmodel="http://biomodels.net/model-qualifiers/" xmlns:bqbiol="http://biomodels.net/biology-qualifiers/">
            <rdf:Description rdf:about="#metaid_0000034">
	<bqbiol:isVersionOf>
	<rdf:Bag>
	<rdf:li rdf:resource="http://identifiers.org/go/GO:0006402"/>
	</rdf:Bag>
	</bqbiol:isVersionOf>
	</rdf:Description>
	
          </rdf:RDF>
        </annotation>
              <listOfReactants>
          <speciesReference metaid="_198282" species="X1"/>
        </listOfReactants>
        <kineticLaw metaid="_198294">
          <math xmlns="http://www.w3.org/1998/Math/MathML">          
            <apply>
              <divide/>
              <apply>
                <times/>
                <ci> compartment </ci>
                <ci> v_2 </ci>
                <ci> X1 </ci>
              </apply>
              <apply>
                <plus/>
                <ci> K2 </ci>
                <ci> X1 </ci>
              </apply>
            </apply>
          </math>
                </kineticLaw>
      </reaction>
      <reaction id="R3" metaid="metaid_0000035" name="Neuropeptide dependent transcription activation" reversible="false">
        <annotation>
          <rdf:RDF xmlns:rdf="http://www.w3.org/1999/02/22-rdf-syntax-ns#" xmlns:bqmodel="http://biomodels.net/model-qualifiers/" xmlns:bqbiol="http://biomodels.net/biology-qualifiers/">
            <rdf:Description rdf:about="#metaid_0000035">
	<bqbiol:isVersionOf>
	<rdf:Bag>
	<rdf:li rdf:resource="http://identifiers.org/go/GO:0045893"/>
	</rdf:Bag>
	</bqbiol:isVersionOf>
	</rdf:Description>
	
          </rdf:RDF>
        </annotation>
              <listOfProducts>
          <speciesReference metaid="_198306" species="X1"/>
        </listOfProducts>
        <kineticLaw metaid="_198318">
          <math xmlns="http://www.w3.org/1998/Math/MathML">          
            <apply>
              <divide/>
              <apply>
                <times/>
                <ci> compartment </ci>
                <ci> vc </ci>
                <ci> K </ci>
                <ci> F </ci>
              </apply>
              <apply>
                <plus/>
                <ci> Kc </ci>
                <apply>
                  <times/>
                  <ci> K </ci>
                  <ci> F </ci>
                </apply>
              </apply>
            </apply>
          </math>
                </kineticLaw>
      </reaction>
      <reaction id="R4" metaid="metaid_0000036" name="Light dependent transcription activation" reversible="false">
        <annotation>
          <rdf:RDF xmlns:rdf="http://www.w3.org/1999/02/22-rdf-syntax-ns#" xmlns:bqmodel="http://biomodels.net/model-qualifiers/" xmlns:bqbiol="http://biomodels.net/biology-qualifiers/">
            <rdf:Description rdf:about="#metaid_0000036">
	<bqbiol:isVersionOf>
	<rdf:Bag>
	<rdf:li rdf:resource="http://identifiers.org/go/GO:0045893"/>
	</rdf:Bag>
	</bqbiol:isVersionOf>
	</rdf:Description>
	
          </rdf:RDF>
        </annotation>
              <listOfProducts>
          <speciesReference metaid="_198330" species="X1"/>
        </listOfProducts>
        <kineticLaw metaid="_198342">
          <math xmlns="http://www.w3.org/1998/Math/MathML">          
            <apply>
              <times/>
              <ci> compartment </ci>
              <ci> L </ci>
            </apply>
          </math>
                </kineticLaw>
      </reaction>
      <reaction id="R5" metaid="metaid_0000037" name="Translation" reversible="false">
        <annotation>
          <rdf:RDF xmlns:rdf="http://www.w3.org/1999/02/22-rdf-syntax-ns#" xmlns:bqmodel="http://biomodels.net/model-qualifiers/" xmlns:bqbiol="http://biomodels.net/biology-qualifiers/">
            <rdf:Description rdf:about="#metaid_0000037">
	<bqbiol:isVersionOf>
	<rdf:Bag>
	<rdf:li rdf:resource="http://identifiers.org/go/GO:0006412"/>
	</rdf:Bag>
	</bqbiol:isVersionOf>
	</rdf:Description>
	
          </rdf:RDF>
        </annotation>
              <listOfProducts>
          <speciesReference metaid="_198354" species="Y1"/>
        </listOfProducts>
        <listOfModifiers>
          <modifierSpeciesReference metaid="_198366" species="X1"/>
        </listOfModifiers>
        <kineticLaw metaid="_198378">
          <math xmlns="http://www.w3.org/1998/Math/MathML">          
            <apply>
              <times/>
              <ci> compartment </ci>
              <ci> k3 </ci>
              <ci> X1 </ci>
            </apply>
          </math>
                </kineticLaw>
      </reaction>
      <reaction id="R6" metaid="metaid_0000038" name="Protein degradation" reversible="false">
        <annotation>
          <rdf:RDF xmlns:rdf="http://www.w3.org/1999/02/22-rdf-syntax-ns#" xmlns:bqmodel="http://biomodels.net/model-qualifiers/" xmlns:bqbiol="http://biomodels.net/biology-qualifiers/">
            <rdf:Description rdf:about="#metaid_0000038">
	<bqbiol:isVersionOf>
	<rdf:Bag>
	<rdf:li rdf:resource="http://identifiers.org/go/GO:0044257"/>
	</rdf:Bag>
	</bqbiol:isVersionOf>
	</rdf:Description>
	
          </rdf:RDF>
        </annotation>
              <listOfReactants>
          <speciesReference metaid="_198390" species="Y1"/>
        </listOfReactants>
        <kineticLaw metaid="_198402">
          <math xmlns="http://www.w3.org/1998/Math/MathML">          
            <apply>
              <divide/>
              <apply>
                <times/>
                <ci> compartment </ci>
                <ci> v_4 </ci>
                <ci> Y1 </ci>
              </apply>
              <apply>
                <plus/>
                <ci> K4 </ci>
                <ci> Y1 </ci>
              </apply>
            </apply>
          </math>
                </kineticLaw>
      </reaction>
      <reaction id="R7" metaid="metaid_0000039" name="Transcriptional repressor synthesis" reversible="false">
        <listOfProducts>
          <speciesReference metaid="_198414" species="Z1"/>
        </listOfProducts>
        <listOfModifiers>
          <modifierSpeciesReference metaid="_198427" species="Y1"/>
        </listOfModifiers>
        <kineticLaw metaid="_198440">
          <math xmlns="http://www.w3.org/1998/Math/MathML">          
            <apply>
              <times/>
              <ci> compartment </ci>
              <ci> k5 </ci>
              <ci> Y1 </ci>
            </apply>
          </math>
                </kineticLaw>
      </reaction>
      <reaction id="R8" metaid="metaid_0000040" name="Transcriptional repressor degradation" reversible="false">
        <annotation>
          <rdf:RDF xmlns:rdf="http://www.w3.org/1999/02/22-rdf-syntax-ns#" xmlns:bqmodel="http://biomodels.net/model-qualifiers/" xmlns:bqbiol="http://biomodels.net/biology-qualifiers/">
            <rdf:Description rdf:about="#metaid_0000040">
	<bqbiol:isVersionOf>
	<rdf:Bag>
	<rdf:li rdf:resource="http://identifiers.org/go/GO:0044257"/>
	</rdf:Bag>
	</bqbiol:isVersionOf>
	</rdf:Description>
	
          </rdf:RDF>
        </annotation>
              <listOfReactants>
          <speciesReference metaid="_198452" species="Z1"/>
        </listOfReactants>
        <kineticLaw metaid="_198464">
          <math xmlns="http://www.w3.org/1998/Math/MathML">          
            <apply>
              <divide/>
              <apply>
                <times/>
                <ci> compartment </ci>
                <ci> v_6 </ci>
                <ci> Z1 </ci>
              </apply>
              <apply>
                <plus/>
                <ci> K6 </ci>
                <ci> Z1 </ci>
              </apply>
            </apply>
          </math>
                </kineticLaw>
      </reaction>
      <reaction id="R9" metaid="metaid_0000041" name="Neuropeptide synthesis" reversible="false">
        <annotation>
          <rdf:RDF xmlns:rdf="http://www.w3.org/1999/02/22-rdf-syntax-ns#" xmlns:bqmodel="http://biomodels.net/model-qualifiers/" xmlns:bqbiol="http://biomodels.net/biology-qualifiers/">
            <rdf:Description rdf:about="#metaid_0000041">
	<bqbiol:isVersionOf>
	<rdf:Bag>
	<rdf:li rdf:resource="http://identifiers.org/go/GO:0006412"/>
	</rdf:Bag>
	</bqbiol:isVersionOf>
	</rdf:Description>
	
          </rdf:RDF>
        </annotation>
              <listOfProducts>
          <speciesReference metaid="_198476" species="V1"/>
        </listOfProducts>
        <listOfModifiers>
          <modifierSpeciesReference metaid="_198488" species="X1"/>
        </listOfModifiers>
        <kineticLaw metaid="_198500">
          <math xmlns="http://www.w3.org/1998/Math/MathML">          
            <apply>
              <times/>
              <ci> compartment </ci>
              <ci> k7 </ci>
              <ci> X1 </ci>
            </apply>
          </math>
                </kineticLaw>
      </reaction>
      <reaction id="R10" metaid="metaid_0000042" name="Neuropeptide degradation" reversible="false">
        <annotation>
          <rdf:RDF xmlns:rdf="http://www.w3.org/1999/02/22-rdf-syntax-ns#" xmlns:bqmodel="http://biomodels.net/model-qualifiers/" xmlns:bqbiol="http://biomodels.net/biology-qualifiers/">
            <rdf:Description rdf:about="#metaid_0000042">
	<bqbiol:isVersionOf>
	<rdf:Bag>
	<rdf:li rdf:resource="http://identifiers.org/go/GO:0044257"/>
	</rdf:Bag>
	</bqbiol:isVersionOf>
	</rdf:Description>
	
          </rdf:RDF>
        </annotation>
              <listOfReactants>
          <speciesReference metaid="_198512" species="V1"/>
        </listOfReactants>
        <kineticLaw metaid="_198524">
          <math xmlns="http://www.w3.org/1998/Math/MathML">          
            <apply>
              <divide/>
              <apply>
                <times/>
                <ci> compartment </ci>
                <ci> v_8 </ci>
                <ci> V1 </ci>
              </apply>
              <apply>
                <plus/>
                <ci> K8 </ci>
                <ci> V1 </ci>
              </apply>
            </apply>
          </math>
                </kineticLaw>
      </reaction>
      <reaction id="R11" metaid="metaid_0000043" name="Transcription" reversible="false">
        <annotation>
          <rdf:RDF xmlns:rdf="http://www.w3.org/1999/02/22-rdf-syntax-ns#" xmlns:bqmodel="http://biomodels.net/model-qualifiers/" xmlns:bqbiol="http://biomodels.net/biology-qualifiers/">
            <rdf:Description rdf:about="#metaid_0000043">
	<bqbiol:isVersionOf>
	<rdf:Bag>
	<rdf:li rdf:resource="http://identifiers.org/go/GO:0009299"/>
	<rdf:li rdf:resource="http://identifiers.org/go/GO:0006355"/>
	</rdf:Bag>
	</bqbiol:isVersionOf>
	</rdf:Description>
	
          </rdf:RDF>
        </annotation>
              <listOfProducts>
          <speciesReference metaid="_198536" species="X2"/>
        </listOfProducts>
        <listOfModifiers>
          <modifierSpeciesReference metaid="_198548" species="Z2"/>
        </listOfModifiers>
        <kineticLaw metaid="_198560">
          <math xmlns="http://www.w3.org/1998/Math/MathML">          
            <apply>
              <divide/>
              <apply>
                <times/>
                <ci> compartment </ci>
                <ci> v_1 </ci>
                <apply>
                  <power/>
                  <ci> K1 </ci>
                  <ci> n </ci>
                </apply>
              </apply>
              <apply>
                <plus/>
                <apply>
                  <power/>
                  <ci> K1 </ci>
                  <ci> n </ci>
                </apply>
                <apply>
                  <power/>
                  <ci> Z2 </ci>
                  <ci> n </ci>
                </apply>
              </apply>
            </apply>
          </math>
                </kineticLaw>
      </reaction>
      <reaction id="R12" metaid="metaid_0000044" name="mRNA degradation" reversible="false">
        <annotation>
          <rdf:RDF xmlns:rdf="http://www.w3.org/1999/02/22-rdf-syntax-ns#" xmlns:bqmodel="http://biomodels.net/model-qualifiers/" xmlns:bqbiol="http://biomodels.net/biology-qualifiers/">
            <rdf:Description rdf:about="#metaid_0000044">
	<bqbiol:isVersionOf>
	<rdf:Bag>
	<rdf:li rdf:resource="http://identifiers.org/go/GO:0006402"/>
	</rdf:Bag>
	</bqbiol:isVersionOf>
	</rdf:Description>
	
          </rdf:RDF>
        </annotation>
              <listOfReactants>
          <speciesReference metaid="_198572" species="X2"/>
        </listOfReactants>
        <kineticLaw metaid="_198584">
          <math xmlns="http://www.w3.org/1998/Math/MathML">          
            <apply>
              <divide/>
              <apply>
                <times/>
                <ci> compartment </ci>
                <ci> v_2 </ci>
                <ci> X2 </ci>
              </apply>
              <apply>
                <plus/>
                <ci> K2 </ci>
                <ci> X2 </ci>
              </apply>
            </apply>
          </math>
                </kineticLaw>
      </reaction>
      <reaction id="R13" metaid="metaid_0000045" name="Neuropeptide dependent transcription activation" reversible="false">
        <annotation>
          <rdf:RDF xmlns:rdf="http://www.w3.org/1999/02/22-rdf-syntax-ns#" xmlns:bqmodel="http://biomodels.net/model-qualifiers/" xmlns:bqbiol="http://biomodels.net/biology-qualifiers/">
            <rdf:Description rdf:about="#metaid_0000045">
	<bqbiol:isVersionOf>
	<rdf:Bag>
	<rdf:li rdf:resource="http://identifiers.org/go/GO:0045893"/>
	</rdf:Bag>
	</bqbiol:isVersionOf>
	</rdf:Description>
	
          </rdf:RDF>
        </annotation>
              <listOfProducts>
          <speciesReference metaid="_198596" species="X2"/>
        </listOfProducts>
        <kineticLaw metaid="_198608">
          <math xmlns="http://www.w3.org/1998/Math/MathML">          
            <apply>
              <divide/>
              <apply>
                <times/>
                <ci> compartment </ci>
                <ci> vc </ci>
                <ci> K </ci>
                <ci> F </ci>
              </apply>
              <apply>
                <plus/>
                <ci> Kc </ci>
                <apply>
                  <times/>
                  <ci> K </ci>
                  <ci> F </ci>
                </apply>
              </apply>
            </apply>
          </math>
                </kineticLaw>
      </reaction>
      <reaction id="R14" metaid="metaid_0000046" name="Light dependent transcription activation" reversible="false">
        <annotation>
          <rdf:RDF xmlns:rdf="http://www.w3.org/1999/02/22-rdf-syntax-ns#" xmlns:bqmodel="http://biomodels.net/model-qualifiers/" xmlns:bqbiol="http://biomodels.net/biology-qualifiers/">
            <rdf:Description rdf:about="#metaid_0000046">
	<bqbiol:isVersionOf>
	<rdf:Bag>
	<rdf:li rdf:resource="http://identifiers.org/go/GO:0045893"/>
	</rdf:Bag>
	</bqbiol:isVersionOf>
	</rdf:Description>
	
          </rdf:RDF>
        </annotation>
              <listOfProducts>
          <speciesReference metaid="_198620" species="X2"/>
        </listOfProducts>
        <kineticLaw metaid="_198632">
          <math xmlns="http://www.w3.org/1998/Math/MathML">          
            <apply>
              <times/>
              <ci> compartment </ci>
              <ci> L </ci>
            </apply>
          </math>
                </kineticLaw>
      </reaction>
      <reaction id="R15" metaid="metaid_0000047" name="Translation" reversible="false">
        <annotation>
          <rdf:RDF xmlns:rdf="http://www.w3.org/1999/02/22-rdf-syntax-ns#" xmlns:bqmodel="http://biomodels.net/model-qualifiers/" xmlns:bqbiol="http://biomodels.net/biology-qualifiers/">
            <rdf:Description rdf:about="#metaid_0000047">
	<bqbiol:isVersionOf>
	<rdf:Bag>
	<rdf:li rdf:resource="http://identifiers.org/go/GO:0006412"/>
	</rdf:Bag>
	</bqbiol:isVersionOf>
	</rdf:Description>
	
          </rdf:RDF>
        </annotation>
              <listOfProducts>
          <speciesReference metaid="_198644" species="Y2"/>
        </listOfProducts>
        <listOfModifiers>
          <modifierSpeciesReference metaid="_198656" species="X2"/>
        </listOfModifiers>
        <kineticLaw metaid="_198668">
          <math xmlns="http://www.w3.org/1998/Math/MathML">          
            <apply>
              <times/>
              <ci> compartment </ci>
              <ci> k3 </ci>
              <ci> X2 </ci>
            </apply>
          </math>
                </kineticLaw>
      </reaction>
      <reaction id="R16" metaid="metaid_0000048" name="Protein degradation" reversible="false">
        <annotation>
          <rdf:RDF xmlns:rdf="http://www.w3.org/1999/02/22-rdf-syntax-ns#" xmlns:bqmodel="http://biomodels.net/model-qualifiers/" xmlns:bqbiol="http://biomodels.net/biology-qualifiers/">
            <rdf:Description rdf:about="#metaid_0000048">
	<bqbiol:isVersionOf>
	<rdf:Bag>
	<rdf:li rdf:resource="http://identifiers.org/go/GO:0044257"/>
	</rdf:Bag>
	</bqbiol:isVersionOf>
	</rdf:Description>
	
          </rdf:RDF>
        </annotation>
              <listOfReactants>
          <speciesReference metaid="_198680" species="Y2"/>
        </listOfReactants>
        <kineticLaw metaid="_198692">
          <math xmlns="http://www.w3.org/1998/Math/MathML">          
            <apply>
              <divide/>
              <apply>
                <times/>
                <ci> compartment </ci>
                <ci> v_4 </ci>
                <ci> Y2 </ci>
              </apply>
              <apply>
                <plus/>
                <ci> K4 </ci>
                <ci> Y2 </ci>
              </apply>
            </apply>
          </math>
                </kineticLaw>
      </reaction>
      <reaction id="R17" metaid="metaid_0000049" name="Transcriptional repressor synthesis" reversible="false">
        <listOfProducts>
          <speciesReference metaid="_198704" species="Z2"/>
        </listOfProducts>
        <listOfModifiers>
          <modifierSpeciesReference metaid="_198716" species="Y2"/>
        </listOfModifiers>
        <kineticLaw metaid="_198728">
          <math xmlns="http://www.w3.org/1998/Math/MathML">          
            <apply>
              <times/>
              <ci> compartment </ci>
              <ci> k5 </ci>
              <ci> Y2 </ci>
            </apply>
          </math>
                </kineticLaw>
      </reaction>
      <reaction id="R18" metaid="metaid_0000050" name="Transcriptional repressor degradation" reversible="false">
        <annotation>
          <rdf:RDF xmlns:rdf="http://www.w3.org/1999/02/22-rdf-syntax-ns#" xmlns:bqmodel="http://biomodels.net/model-qualifiers/" xmlns:bqbiol="http://biomodels.net/biology-qualifiers/">
            <rdf:Description rdf:about="#metaid_0000050">
	<bqbiol:isVersionOf>
	<rdf:Bag>
	<rdf:li rdf:resource="http://identifiers.org/go/GO:0044257"/>
	</rdf:Bag>
	</bqbiol:isVersionOf>
	</rdf:Description>
	
          </rdf:RDF>
        </annotation>
              <listOfReactants>
          <speciesReference metaid="_198740" species="Z2"/>
        </listOfReactants>
        <kineticLaw metaid="_198752">
          <math xmlns="http://www.w3.org/1998/Math/MathML">          
            <apply>
              <divide/>
              <apply>
                <times/>
                <ci> compartment </ci>
                <ci> v_6 </ci>
                <ci> Z2 </ci>
              </apply>
              <apply>
                <plus/>
                <ci> K6 </ci>
                <ci> Z2 </ci>
              </apply>
            </apply>
          </math>
                </kineticLaw>
      </reaction>
      <reaction id="R19" metaid="metaid_0000051" name="Neuropeptide synthesis" reversible="false">
        <annotation>
          <rdf:RDF xmlns:rdf="http://www.w3.org/1999/02/22-rdf-syntax-ns#" xmlns:bqmodel="http://biomodels.net/model-qualifiers/" xmlns:bqbiol="http://biomodels.net/biology-qualifiers/">
            <rdf:Description rdf:about="#metaid_0000051">
	<bqbiol:isVersionOf>
	<rdf:Bag>
	<rdf:li rdf:resource="http://identifiers.org/go/GO:0006412"/>
	</rdf:Bag>
	</bqbiol:isVersionOf>
	</rdf:Description>
	
          </rdf:RDF>
        </annotation>
              <listOfProducts>
          <speciesReference metaid="_198764" species="V2"/>
        </listOfProducts>
        <listOfModifiers>
          <modifierSpeciesReference metaid="_198776" species="X2"/>
        </listOfModifiers>
        <kineticLaw metaid="_198788">
          <math xmlns="http://www.w3.org/1998/Math/MathML">          
            <apply>
              <times/>
              <ci> compartment </ci>
              <ci> k7 </ci>
              <ci> X2 </ci>
            </apply>
          </math>
                </kineticLaw>
      </reaction>
      <reaction id="R20" metaid="metaid_0000052" name="Neuropeptide degradation" reversible="false">
        <annotation>
          <rdf:RDF xmlns:rdf="http://www.w3.org/1999/02/22-rdf-syntax-ns#" xmlns:bqmodel="http://biomodels.net/model-qualifiers/" xmlns:bqbiol="http://biomodels.net/biology-qualifiers/">
            <rdf:Description rdf:about="#metaid_0000052">
	<bqbiol:isVersionOf>
	<rdf:Bag>
	<rdf:li rdf:resource="http://identifiers.org/go/GO:0044257"/>
	</rdf:Bag>
	</bqbiol:isVersionOf>
	</rdf:Description>
	
          </rdf:RDF>
        </annotation>
              <listOfReactants>
          <speciesReference metaid="_198801" species="V2"/>
        </listOfReactants>
        <kineticLaw metaid="_198813">
          <math xmlns="http://www.w3.org/1998/Math/MathML">          
            <apply>
              <divide/>
              <apply>
                <times/>
                <ci> compartment </ci>
                <ci> v_8 </ci>
                <ci> V2 </ci>
              </apply>
              <apply>
                <plus/>
                <ci> K8 </ci>
                <ci> V2 </ci>
              </apply>
            </apply>
          </math>
                </kineticLaw>
      </reaction>
    </listOfReactions>
  </model>
</sbml>