<?xml version='1.0' encoding='UTF-8' standalone='no'?>
<sbml xmlns="http://www.sbml.org/sbml/level2" level="2" metaid="metaid_0000001" version="1">
  <model metaid="metaid_0000002" name="Hornberg2005_ERKcascade">
    <notes>
      <body xmlns="http://www.w3.org/1999/xhtml">
        <p align="right">      <font face="Arial, Helvetica, sans-serif">        <b>          <a href="http://www.sbml.org/">SBML</a>
              level 2 code generated for the JWS Online project by Jacky Snoep using          <a href="http://pysces.sourceforge.net/">PySCeS</a>
                        <br/>
              Run this model online at          <a href="http://jjj.biochem.sun.ac.za/">http://jjj.biochem.sun.ac.za</a>
                        <br/>
              To cite JWS Online please refer to: Olivier, B.G. and Snoep, J.L. (2004)          <a href="http://bioinformatics.oupjournals.org/cgi/content/abstract/20/13/2143">Web-based 
modelling using JWS Online</a>
              , Bioinformatics, 20:2143-2144          </b>
                    </font>
                </p>
            <p>      <u>Biomodels Curation</u>
          The model reproduces the time series depicted in Fig 2 of the paper. Also, by varying the values of Vmax for the second kinase (k5) the time series of X3P as shown in Fig3 can be reproduced. The model was successfully tested on MathSBML and Jarnac.      </p>
            </body>
      
    </notes>
    <annotation>
      <rdf:RDF xmlns:rdf="http://www.w3.org/1999/02/22-rdf-syntax-ns#" xmlns:bqmodel="http://biomodels.net/model-qualifiers/" xmlns:vCard="http://www.w3.org/2001/vcard-rdf/3.0#" xmlns:dc="http://purl.org/dc/elements/1.1/" xmlns:dcterms="http://purl.org/dc/terms/" xmlns:bqbiol="http://biomodels.net/biology-qualifiers/">
        <rdf:Description rdf:about="#metaid_0000002">
	<dc:creator>
	<rdf:Bag>
	<rdf:li rdf:parseType="Resource">
	<vCard:N rdf:parseType="Resource">
	<vCard:Family>Dharuri</vCard:Family>
	<vCard:Given>Harish</vCard:Given>
	</vCard:N>
	<vCard:EMAIL>hdharuri@cds.caltech.edu</vCard:EMAIL>
	<vCard:ORG rdf:parseType="Resource">
	<vCard:Orgname>California Institute of Technology</vCard:Orgname>
	</vCard:ORG>
	</rdf:li>
	</rdf:Bag>
	</dc:creator>
	<dcterms:created rdf:parseType="Resource">
	<dcterms:W3CDTF>2006-12-11T10:48:55Z</dcterms:W3CDTF>
	</dcterms:created>
	<dcterms:modified rdf:parseType="Resource">
	<dcterms:W3CDTF>2012-05-14T12:15:35Z</dcterms:W3CDTF>
	</dcterms:modified>
	<bqmodel:is>
	<rdf:Bag>
	<rdf:li rdf:resource="http://identifiers.org/biomodels.db/MODEL6623610941"/>
	</rdf:Bag>
	</bqmodel:is>
	<bqmodel:is>
	<rdf:Bag>
	<rdf:li rdf:resource="http://identifiers.org/biomodels.db/BIOMD0000000084"/>
	</rdf:Bag>
	</bqmodel:is>
	<bqmodel:isDescribedBy>
	<rdf:Bag>
	<rdf:li rdf:resource="http://identifiers.org/pubmed/15634347"/>
	</rdf:Bag>
	</bqmodel:isDescribedBy>
	<bqbiol:is>
	<rdf:Bag>
	<rdf:li rdf:resource="http://identifiers.org/go/GO:0000165"/>
	<rdf:li rdf:resource="http://identifiers.org/go/GO:0007173"/>
	</rdf:Bag>
	</bqbiol:is>
	<bqbiol:hasPart>
	<rdf:Bag>
	<rdf:li rdf:resource="http://identifiers.org/kegg.pathway/rno04010"/>
	</rdf:Bag>
	</bqbiol:hasPart>
	<bqbiol:hasTaxon>
	<rdf:Bag>
	<rdf:li rdf:resource="http://identifiers.org/taxonomy/40674"/>
	</rdf:Bag>
	</bqbiol:hasTaxon>
	</rdf:Description>
	
      </rdf:RDF>
    </annotation>
      <listOfUnitDefinitions>
      <unitDefinition id="substance" metaid="metaid_0000020" name="dimensionless">
        <listOfUnits>
          <unit kind="item" metaid="_105063" multiplier="1" offset="0"/>
        </listOfUnits>
      </unitDefinition>
    </listOfUnitDefinitions>
    <listOfCompartments>
      <compartment id="compartment" metaid="metaid_0000003" name="Cytosol" size="1">
        <annotation>
          <rdf:RDF xmlns:rdf="http://www.w3.org/1999/02/22-rdf-syntax-ns#" xmlns:bqmodel="http://biomodels.net/model-qualifiers/" xmlns:bqbiol="http://biomodels.net/biology-qualifiers/">
            <rdf:Description rdf:about="#metaid_0000003">
	<bqbiol:is>
	<rdf:Bag>
	<rdf:li rdf:resource="http://identifiers.org/go/GO:0005829"/>
	</rdf:Bag>
	</bqbiol:is>
	</rdf:Description>
	
          </rdf:RDF>
        </annotation>
            </compartment>
    </listOfCompartments>
    <listOfSpecies>
      <species compartment="compartment" hasOnlySubstanceUnits="true" id="R" initialAmount="0.5" metaid="metaid_0000004">
        <annotation>
          <rdf:RDF xmlns:rdf="http://www.w3.org/1999/02/22-rdf-syntax-ns#" xmlns:bqmodel="http://biomodels.net/model-qualifiers/" xmlns:bqbiol="http://biomodels.net/biology-qualifiers/">
            <rdf:Description rdf:about="#metaid_0000004">
	<bqbiol:isVersionOf>
	<rdf:Bag>
	<rdf:li rdf:resource="http://identifiers.org/uniprot/Q9QX70"/>
	</rdf:Bag>
	</bqbiol:isVersionOf>
	</rdf:Description>
	
          </rdf:RDF>
        </annotation>
            </species>
      <species compartment="compartment" hasOnlySubstanceUnits="true" id="Rin" initialAmount="0" metaid="metaid_0000005">
        <annotation>
          <rdf:RDF xmlns:rdf="http://www.w3.org/1999/02/22-rdf-syntax-ns#" xmlns:bqmodel="http://biomodels.net/model-qualifiers/" xmlns:bqbiol="http://biomodels.net/biology-qualifiers/">
            <rdf:Description rdf:about="#metaid_0000005">
	<bqbiol:isVersionOf>
	<rdf:Bag>
	<rdf:li rdf:resource="http://identifiers.org/uniprot/Q9QX70"/>
	</rdf:Bag>
	</bqbiol:isVersionOf>
	</rdf:Description>
	
          </rdf:RDF>
        </annotation>
            </species>
      <species compartment="compartment" hasOnlySubstanceUnits="true" id="x1" initialAmount="1" metaid="metaid_0000006">
        <annotation>
          <rdf:RDF xmlns:rdf="http://www.w3.org/1999/02/22-rdf-syntax-ns#" xmlns:bqmodel="http://biomodels.net/model-qualifiers/" xmlns:bqbiol="http://biomodels.net/biology-qualifiers/">
            <rdf:Description rdf:about="#metaid_0000006">
	<bqbiol:isVersionOf>
	<rdf:Bag>
	<rdf:li rdf:resource="http://identifiers.org/uniprot/P04049"/>
	</rdf:Bag>
	</bqbiol:isVersionOf>
	</rdf:Description>
	
          </rdf:RDF>
        </annotation>
            </species>
      <species compartment="compartment" hasOnlySubstanceUnits="true" id="x1p" initialAmount="0" metaid="metaid_0000007">
        <annotation>
          <rdf:RDF xmlns:rdf="http://www.w3.org/1999/02/22-rdf-syntax-ns#" xmlns:bqmodel="http://biomodels.net/model-qualifiers/" xmlns:bqbiol="http://biomodels.net/biology-qualifiers/">
            <rdf:Description rdf:about="#metaid_0000007">
	<bqbiol:isVersionOf>
	<rdf:Bag>
	<rdf:li rdf:resource="http://identifiers.org/uniprot/P04049"/>
	</rdf:Bag>
	</bqbiol:isVersionOf>
	</rdf:Description>
	
          </rdf:RDF>
        </annotation>
            </species>
      <species compartment="compartment" hasOnlySubstanceUnits="true" id="x2" initialAmount="1" metaid="metaid_0000008">
        <annotation>
          <rdf:RDF xmlns:rdf="http://www.w3.org/1999/02/22-rdf-syntax-ns#" xmlns:bqmodel="http://biomodels.net/model-qualifiers/" xmlns:bqbiol="http://biomodels.net/biology-qualifiers/">
            <rdf:Description rdf:about="#metaid_0000008">
	<bqbiol:isVersionOf>
	<rdf:Bag>
	<rdf:li rdf:resource="http://identifiers.org/uniprot/Q02750"/>
	</rdf:Bag>
	</bqbiol:isVersionOf>
	</rdf:Description>
	
          </rdf:RDF>
        </annotation>
            </species>
      <species compartment="compartment" hasOnlySubstanceUnits="true" id="x2p" initialAmount="0" metaid="metaid_0000009">
        <annotation>
          <rdf:RDF xmlns:rdf="http://www.w3.org/1999/02/22-rdf-syntax-ns#" xmlns:bqmodel="http://biomodels.net/model-qualifiers/" xmlns:bqbiol="http://biomodels.net/biology-qualifiers/">
            <rdf:Description rdf:about="#metaid_0000009">
	<bqbiol:isVersionOf>
	<rdf:Bag>
	<rdf:li rdf:resource="http://identifiers.org/uniprot/Q02750"/>
	</rdf:Bag>
	</bqbiol:isVersionOf>
	</rdf:Description>
	
          </rdf:RDF>
        </annotation>
            </species>
      <species compartment="compartment" hasOnlySubstanceUnits="true" id="x3" initialAmount="1" metaid="metaid_0000010">
        <annotation>
          <rdf:RDF xmlns:rdf="http://www.w3.org/1999/02/22-rdf-syntax-ns#" xmlns:bqmodel="http://biomodels.net/model-qualifiers/" xmlns:bqbiol="http://biomodels.net/biology-qualifiers/">
            <rdf:Description rdf:about="#metaid_0000010">
	<bqbiol:isVersionOf>
	<rdf:Bag>
	<rdf:li rdf:resource="http://identifiers.org/uniprot/P28482"/>
	</rdf:Bag>
	</bqbiol:isVersionOf>
	</rdf:Description>
	
          </rdf:RDF>
        </annotation>
            </species>
      <species compartment="compartment" hasOnlySubstanceUnits="true" id="x3p" initialAmount="0" metaid="metaid_0000011">
        <annotation>
          <rdf:RDF xmlns:rdf="http://www.w3.org/1999/02/22-rdf-syntax-ns#" xmlns:bqmodel="http://biomodels.net/model-qualifiers/" xmlns:bqbiol="http://biomodels.net/biology-qualifiers/">
            <rdf:Description rdf:about="#metaid_0000011">
	<bqbiol:isVersionOf>
	<rdf:Bag>
	<rdf:li rdf:resource="http://identifiers.org/uniprot/P28482"/>
	</rdf:Bag>
	</bqbiol:isVersionOf>
	</rdf:Description>
	
          </rdf:RDF>
        </annotation>
            </species>
    </listOfSpecies>
    <listOfReactions>
      <reaction id="v1" metaid="metaid_0000012" name="Receptor inactivation">
        <annotation>
          <rdf:RDF xmlns:rdf="http://www.w3.org/1999/02/22-rdf-syntax-ns#" xmlns:bqmodel="http://biomodels.net/model-qualifiers/" xmlns:bqbiol="http://biomodels.net/biology-qualifiers/">
            <rdf:Description rdf:about="#metaid_0000012">
	<bqbiol:isVersionOf>
	<rdf:Bag>
	<rdf:li rdf:resource="http://identifiers.org/go/GO:0007175"/>
	</rdf:Bag>
	</bqbiol:isVersionOf>
	</rdf:Description>
	
          </rdf:RDF>
        </annotation>
              <listOfReactants>
          <speciesReference metaid="_105075" species="R"/>
        </listOfReactants>
        <listOfProducts>
          <speciesReference metaid="_105087" species="Rin"/>
        </listOfProducts>
        <kineticLaw metaid="_105099">
          <math xmlns="http://www.w3.org/1998/Math/MathML">          
            <apply>
              <divide/>
              <apply>
                <times/>
                <ci> Vm1 </ci>
                <ci> R </ci>
              </apply>
              <apply>
                <plus/>
                <ci> Km1 </ci>
                <ci> R </ci>
              </apply>
            </apply>
          </math>
                  <listOfParameters>
            <parameter id="Vm1" metaid="_105111" value="1"/>
            <parameter id="Km1" metaid="_105123" value="0.1"/>
          </listOfParameters>
        </kineticLaw>
      </reaction>
      <reaction id="v2" metaid="metaid_0000013" name="Receptor activation">
        <annotation>
          <rdf:RDF xmlns:rdf="http://www.w3.org/1999/02/22-rdf-syntax-ns#" xmlns:bqmodel="http://biomodels.net/model-qualifiers/" xmlns:bqbiol="http://biomodels.net/biology-qualifiers/">
            <rdf:Description rdf:about="#metaid_0000013">
	<bqbiol:isVersionOf>
	<rdf:Bag>
	<rdf:li rdf:resource="http://identifiers.org/go/GO:0045741"/>
	</rdf:Bag>
	</bqbiol:isVersionOf>
	</rdf:Description>
	
          </rdf:RDF>
        </annotation>
              <listOfReactants>
          <speciesReference metaid="_105135" species="Rin"/>
        </listOfReactants>
        <listOfProducts>
          <speciesReference metaid="_105147" species="R"/>
        </listOfProducts>
        <kineticLaw metaid="_105159">
          <math xmlns="http://www.w3.org/1998/Math/MathML">          
            <apply>
              <divide/>
              <apply>
                <times/>
                <ci> Vm2 </ci>
                <ci> Rin </ci>
              </apply>
              <apply>
                <plus/>
                <ci> Km2 </ci>
                <ci> Rin </ci>
              </apply>
            </apply>
          </math>
                  <listOfParameters>
            <parameter id="Vm2" metaid="_105171" value="0.01"/>
            <parameter id="Km2" metaid="_105183" value="0.1"/>
          </listOfParameters>
        </kineticLaw>
      </reaction>
      <reaction id="v3" metaid="metaid_0000014" name="Kinase-1 activation">
        <annotation>
          <rdf:RDF xmlns:rdf="http://www.w3.org/1999/02/22-rdf-syntax-ns#" xmlns:bqmodel="http://biomodels.net/model-qualifiers/" xmlns:bqbiol="http://biomodels.net/biology-qualifiers/">
            <rdf:Description rdf:about="#metaid_0000014">
	<bqbiol:is>
	<rdf:Bag>
	<rdf:li rdf:resource="http://identifiers.org/go/GO:0000185"/>
	</rdf:Bag>
	</bqbiol:is>
	</rdf:Description>
	
          </rdf:RDF>
        </annotation>
              <listOfReactants>
          <speciesReference metaid="_105195" species="x1"/>
        </listOfReactants>
        <listOfProducts>
          <speciesReference metaid="_105208" species="x1p"/>
        </listOfProducts>
        <listOfModifiers>
          <modifierSpeciesReference metaid="_105220" species="R"/>
        </listOfModifiers>
        <kineticLaw metaid="_105232">
          <math xmlns="http://www.w3.org/1998/Math/MathML">          
            <apply>
              <divide/>
              <apply>
                <times/>
                <ci> k3 </ci>
                <ci> R </ci>
                <ci> x1 </ci>
              </apply>
              <apply>
                <plus/>
                <ci> Km3 </ci>
                <ci> x1 </ci>
              </apply>
            </apply>
          </math>
                  <listOfParameters>
            <parameter id="k3" metaid="_105244" value="1"/>
            <parameter id="Km3" metaid="_105257" value="0.1"/>
          </listOfParameters>
        </kineticLaw>
      </reaction>
      <reaction id="v4" metaid="metaid_0000015" name="Kinase-1 inactivation">
        <annotation>
          <rdf:RDF xmlns:rdf="http://www.w3.org/1999/02/22-rdf-syntax-ns#" xmlns:bqmodel="http://biomodels.net/model-qualifiers/" xmlns:bqbiol="http://biomodels.net/biology-qualifiers/">
            <rdf:Description rdf:about="#metaid_0000015">
	<bqbiol:is>
	<rdf:Bag>
	<rdf:li rdf:resource="http://identifiers.org/go/GO:0051390"/>
	</rdf:Bag>
	</bqbiol:is>
	</rdf:Description>
	
          </rdf:RDF>
        </annotation>
              <listOfReactants>
          <speciesReference metaid="_105268" species="x1p"/>
        </listOfReactants>
        <listOfProducts>
          <speciesReference metaid="_105280" species="x1"/>
        </listOfProducts>
        <kineticLaw metaid="_105292">
          <math xmlns="http://www.w3.org/1998/Math/MathML">          
            <apply>
              <divide/>
              <apply>
                <times/>
                <ci> Vm4 </ci>
                <ci> x1p </ci>
              </apply>
              <apply>
                <plus/>
                <ci> Km4 </ci>
                <ci> x1p </ci>
              </apply>
            </apply>
          </math>
                  <listOfParameters>
            <parameter id="Vm4" metaid="_105304" value="0.3"/>
            <parameter id="Km4" metaid="_105316" value="1"/>
          </listOfParameters>
        </kineticLaw>
      </reaction>
      <reaction id="v5" metaid="metaid_0000016" name="Kinase-2 activation">
        <annotation>
          <rdf:RDF xmlns:rdf="http://www.w3.org/1999/02/22-rdf-syntax-ns#" xmlns:bqmodel="http://biomodels.net/model-qualifiers/" xmlns:bqbiol="http://biomodels.net/biology-qualifiers/">
            <rdf:Description rdf:about="#metaid_0000016">
	<bqbiol:is>
	<rdf:Bag>
	<rdf:li rdf:resource="http://identifiers.org/ec-code/2.7.11.1"/>
	<rdf:li rdf:resource="http://identifiers.org/go/GO:0000186"/>
	<rdf:li rdf:resource="http://identifiers.org/go/GO:0004709"/>
	</rdf:Bag>
	</bqbiol:is>
	</rdf:Description>
	
          </rdf:RDF>
        </annotation>
              <listOfReactants>
          <speciesReference metaid="_105329" species="x2"/>
        </listOfReactants>
        <listOfProducts>
          <speciesReference metaid="_105342" species="x2p"/>
        </listOfProducts>
        <listOfModifiers>
          <modifierSpeciesReference metaid="_105354" species="x1p"/>
        </listOfModifiers>
        <kineticLaw metaid="_105366">
          <math xmlns="http://www.w3.org/1998/Math/MathML">          
            <apply>
              <divide/>
              <apply>
                <times/>
                <ci> k5 </ci>
                <ci> x1p </ci>
                <ci> x2 </ci>
              </apply>
              <apply>
                <plus/>
                <ci> Km5 </ci>
                <ci> x2 </ci>
              </apply>
            </apply>
          </math>
                  <listOfParameters>
            <parameter id="k5" metaid="_105379" value="1"/>
            <parameter id="Km5" metaid="_105391" value="0.1"/>
          </listOfParameters>
        </kineticLaw>
      </reaction>
      <reaction id="v6" metaid="metaid_0000017" name="Kinase-2 inactivation">
        <annotation>
          <rdf:RDF xmlns:rdf="http://www.w3.org/1999/02/22-rdf-syntax-ns#" xmlns:bqmodel="http://biomodels.net/model-qualifiers/" xmlns:bqbiol="http://biomodels.net/biology-qualifiers/">
            <rdf:Description rdf:about="#metaid_0000017">
	<bqbiol:is>
	<rdf:Bag>
	<rdf:li rdf:resource="http://identifiers.org/go/GO:0051389"/>
	</rdf:Bag>
	</bqbiol:is>
	</rdf:Description>
	
          </rdf:RDF>
        </annotation>
              <listOfReactants>
          <speciesReference metaid="_105403" species="x2p"/>
        </listOfReactants>
        <listOfProducts>
          <speciesReference metaid="_105415" species="x2"/>
        </listOfProducts>
        <kineticLaw metaid="_105428">
          <math xmlns="http://www.w3.org/1998/Math/MathML">          
            <apply>
              <divide/>
              <apply>
                <times/>
                <ci> Vm6 </ci>
                <ci> x2p </ci>
              </apply>
              <apply>
                <plus/>
                <ci> Km6 </ci>
                <ci> x2p </ci>
              </apply>
            </apply>
          </math>
                  <listOfParameters>
            <parameter id="Vm6" metaid="_105440" value="0.3"/>
            <parameter id="Km6" metaid="_105452" value="1"/>
          </listOfParameters>
        </kineticLaw>
      </reaction>
      <reaction id="v7" metaid="metaid_0000018" name="Kinase-3 activation">
        <annotation>
          <rdf:RDF xmlns:rdf="http://www.w3.org/1999/02/22-rdf-syntax-ns#" xmlns:bqmodel="http://biomodels.net/model-qualifiers/" xmlns:bqbiol="http://biomodels.net/biology-qualifiers/">
            <rdf:Description rdf:about="#metaid_0000018">
	<bqbiol:is>
	<rdf:Bag>
	<rdf:li rdf:resource="http://identifiers.org/ec-code/2.7.12.2"/>
	<rdf:li rdf:resource="http://identifiers.org/go/GO:0000187"/>
	<rdf:li rdf:resource="http://identifiers.org/go/GO:0004708"/>
	</rdf:Bag>
	</bqbiol:is>
	</rdf:Description>
	
          </rdf:RDF>
        </annotation>
              <listOfReactants>
          <speciesReference metaid="_105464" species="x3"/>
        </listOfReactants>
        <listOfProducts>
          <speciesReference metaid="_105476" species="x3p"/>
        </listOfProducts>
        <listOfModifiers>
          <modifierSpeciesReference metaid="_105488" species="x2p"/>
        </listOfModifiers>
        <kineticLaw metaid="_105500">
          <math xmlns="http://www.w3.org/1998/Math/MathML">          
            <apply>
              <divide/>
              <apply>
                <times/>
                <ci> k7 </ci>
                <ci> x2p </ci>
                <ci> x3 </ci>
              </apply>
              <apply>
                <plus/>
                <ci> Km7 </ci>
                <ci> x3 </ci>
              </apply>
            </apply>
          </math>
                  <listOfParameters>
            <parameter id="k7" metaid="_105512" value="1"/>
            <parameter id="Km7" metaid="_105524" value="0.1"/>
          </listOfParameters>
        </kineticLaw>
      </reaction>
      <reaction id="v8" metaid="metaid_0000019" name="Kinase-3 inactivation">
        <annotation>
          <rdf:RDF xmlns:rdf="http://www.w3.org/1999/02/22-rdf-syntax-ns#" xmlns:bqmodel="http://biomodels.net/model-qualifiers/" xmlns:bqbiol="http://biomodels.net/biology-qualifiers/">
            <rdf:Description rdf:about="#metaid_0000019">
	<bqbiol:isVersionOf>
	<rdf:Bag>
	<rdf:li rdf:resource="http://identifiers.org/go/GO:0043407"/>
	</rdf:Bag>
	</bqbiol:isVersionOf>
	</rdf:Description>
	
          </rdf:RDF>
        </annotation>
              <listOfReactants>
          <speciesReference metaid="_105536" species="x3p"/>
        </listOfReactants>
        <listOfProducts>
          <speciesReference metaid="_105548" species="x3"/>
        </listOfProducts>
        <kineticLaw metaid="_105560">
          <math xmlns="http://www.w3.org/1998/Math/MathML">          
            <apply>
              <divide/>
              <apply>
                <divide/>
                <apply>
                  <times/>
                  <ci> Vm8 </ci>
                  <ci> x3p </ci>
                </apply>
                <ci> Km8 </ci>
              </apply>
              <apply>
                <plus/>
                <cn type="integer"> 1 </cn>
                <apply>
                  <divide/>
                  <ci> x3p </ci>
                  <ci> Km8 </ci>
                </apply>
                <apply>
                  <divide/>
                  <ci> Inh </ci>
                  <ci> Ki8 </ci>
                </apply>
              </apply>
            </apply>
          </math>
                  <listOfParameters>
            <parameter id="Vm8" metaid="_105572" value="0.3"/>
            <parameter id="Km8" metaid="_105584" value="1"/>
            <parameter id="Inh" metaid="_105596" value="0"/>
            <parameter id="Ki8" metaid="_105608" value="1"/>
          </listOfParameters>
        </kineticLaw>
      </reaction>
    </listOfReactions>
  </model>
</sbml>