<?xml version='1.0' encoding='UTF-8' standalone='no'?>
<sbml xmlns="http://www.sbml.org/sbml/level2/version4" level="2" metaid="ead885b1_c357_4674_ac53_4d4c50370101" version="4">
  <model id="MODEL1304190000" metaid="dd7e8b74_427a_45e7_870d_54a12320e59b" name="Brännmark2013 - Insulin signalling in human adipocytes (normal condition)">
    <notes>
      <body xmlns="http://www.w3.org/1999/xhtml">
        <div class="dc:title">Brännmark2013 - Insulin signalling in human adipocytes (normal condition)</div>
            <div class="dc:description">      <p>The paper describes insulin signalling in human adipocytes under normal and diabetic states using mathematical models based on experimental data. This model corresponds to insulin signalling under normal condtion</p>
                </div>
            <div class="dc:bibliographicCitation">      <p>This model is described in the article:</p>
                <div class="bibo:title">        <a href="http://identifiers.org/pubmed/23400783" title="Access to this publication">Insulin Signaling in Type 2 Diabetes: EXPERIMENTAL AND MODELING ANALYSES REVEAL MECHANISMS OF INSULIN RESISTANCE IN HUMAN ADIPOCYTES.</a>
                    </div>
                <div class="bibo:authorList">Brännmark C, Nyman E, Fagerholm S, Bergenholm L, Ekstrand EM, Cedersund G, Strålfors P.</div>
                <div class="bibo:Journal">J Biol Chem. 2013 Apr 5;288(14):9867-80.</div>
                <p>Abstract:</p>
                <div class="bibo:abstract">        <p>Type 2 diabetes originates in an expanding adipose tissue that for unknown reasons becomes insulin resistant. Insulin resistance reflects impairments in insulin signaling, but mechanisms involved are unclear because current research is fragmented. We report a systems level mechanistic understanding of insulin resistance, using systems wide and internally consistent data from human adipocytes. Based on quantitative steady-state and dynamic time course data on signaling intermediaries, normally and in diabetes, we developed a dynamic mathematical model of insulin signaling. The model structure and parameters are identical in the normal and diabetic states of the model, except for three parameters that change in diabetes: (i) reduced concentration of insulin receptor, (ii) reduced concentration of insulin-regulated glucose transporter GLUT4, and (iii) changed feedback from mammalian target of rapamycin in complex with raptor (mTORC1). Modeling reveals that at the core of insulin resistance in human adipocytes is attenuation of a positive feedback from mTORC1 to the insulin receptor substrate-1, which explains reduced sensitivity and signal strength throughout the signaling network. Model simulations with inhibition of mTORC1 are comparable with experimental data on inhibition of mTORC1 using rapamycin in human adipocytes. We demonstrate the potential of the model for identification of drug targets, e.g. increasing the feedback restores insulin signaling, both at the cellular level and, using a multilevel model, at the whole body level. Our findings suggest that insulin resistance in an expanded adipose tissue results from cell growth restriction to prevent cell necrosis.</p>
                    </div>
                </div>
            <div class="dc:publisher">      <p>This model is hosted on        <a href="http://www.ebi.ac.uk/biomodels/">BioModels Database</a>
            and identified
by:        <a href="http://identifiers.org/biomodels.db/MODEL1304190000">MODEL1304190000</a>
            .        </p>
                <p>To cite BioModels Database, please use:        <a href="http://identifiers.org/pubmed/20587024" title="Latest BioModels Database publication">BioModels Database: An enhanced, curated and annotated resource
for published quantitative kinetic models</a>
            .        </p>
                </div>
            <div class="dc:license">      <p>To the extent possible under law, all copyright and related or
neighbouring rights to this encoded model have been dedicated to the public
domain worldwide. Please refer to        <a href="http://creativecommons.org/publicdomain/zero/1.0/" title="Access to: CC0 1.0 Universal (CC0 1.0), Public Domain Dedication">CC0 Public Domain
Dedication</a>
            for more information.        </p>
                </div>
            </body>
      
    </notes>
    <annotation>
	<rdf:RDF xmlns:rdf="http://www.w3.org/1999/02/22-rdf-syntax-ns#" xmlns:dc="http://purl.org/dc/elements/1.1/" xmlns:vCard="http://www.w3.org/2001/vcard-rdf/3.0#" xmlns:dcterms="http://purl.org/dc/terms/" xmlns:bqmodel="http://biomodels.net/model-qualifiers/" xmlns:bqbiol="http://biomodels.net/biology-qualifiers/">
        <rdf:Description rdf:about="#dd7e8b74_427a_45e7_870d_54a12320e59b">
	<dc:creator>
	<rdf:Bag>
	<rdf:li rdf:parseType="Resource">
	<vCard:N rdf:parseType="Resource">
	<vCard:Family>Chelliah</vCard:Family>
	<vCard:Given>Vijayalakshmi</vCard:Given>
	</vCard:N>
	<vCard:EMAIL>viji@ebi.ac.uk</vCard:EMAIL>
	<vCard:ORG rdf:parseType="Resource">
	<vCard:Orgname>EMBL-EBI</vCard:Orgname>
	</vCard:ORG>
	</rdf:li>
	<rdf:li rdf:parseType="Resource">
	<vCard:N rdf:parseType="Resource">
	<vCard:Family>Nyman</vCard:Family>
	<vCard:Given>Elin</vCard:Given>
	</vCard:N>
	<vCard:EMAIL>elin.nyman@liu.se</vCard:EMAIL>
	<vCard:ORG rdf:parseType="Resource">
	<vCard:Orgname>Linköping University</vCard:Orgname>
	</vCard:ORG>
	</rdf:li>
	</rdf:Bag>
	</dc:creator>
	<dcterms:created rdf:parseType="Resource">
	<dcterms:W3CDTF>2013-04-19T14:42:53Z</dcterms:W3CDTF>
	</dcterms:created>
	<dcterms:modified rdf:parseType="Resource">
	<dcterms:W3CDTF>2016-04-08T17:27:04Z</dcterms:W3CDTF>
	</dcterms:modified>
	<bqmodel:is>
	<rdf:Bag>
	<rdf:li rdf:resource="http://identifiers.org/biomodels.db/MODEL1304190000"/>
	</rdf:Bag>
	</bqmodel:is>
	<bqmodel:is>
	<rdf:Bag>
	<rdf:li rdf:resource="http://identifiers.org/biomodels.db/BIOMD0000000448"/>
	</rdf:Bag>
	</bqmodel:is>
	<bqmodel:isDescribedBy>
	<rdf:Bag>
	<rdf:li rdf:resource="http://identifiers.org/pubmed/23400783"/>
	</rdf:Bag>
	</bqmodel:isDescribedBy>
	<bqmodel:isDerivedFrom>
	<rdf:Bag>
	<rdf:li rdf:resource="http://identifiers.org/biomodels.db/BIOMD0000000343"/>
	</rdf:Bag>
	</bqmodel:isDerivedFrom>
	<bqbiol:hasTaxon>
	<rdf:Bag>
	<rdf:li rdf:resource="http://identifiers.org/taxonomy/9606"/>
	</rdf:Bag>
	</bqbiol:hasTaxon>
	<bqbiol:isVersionOf>
	<rdf:Bag>
	<rdf:li rdf:resource="http://identifiers.org/go/GO:0032869"/>
	</rdf:Bag>
	</bqbiol:isVersionOf>
	<bqbiol:hasProperty>
	<rdf:Bag>
	<rdf:li rdf:resource="http://identifiers.org/mamo/MAMO_0000046"/>
	</rdf:Bag>
	</bqbiol:hasProperty>
	<bqbiol:hasProperty>
	<rdf:Bag>
	<rdf:li rdf:resource="http://identifiers.org/doid/DOID:9352"/>
	</rdf:Bag>
	</bqbiol:hasProperty>
	</rdf:Description>
	
	</rdf:RDF>
	</annotation>
      <listOfCompartments>
      <compartment id="cellvolume" metaid="_87708f27_87cc_4ca6_a617_d6f8c7bb396b" name="cellvolume" sboTerm="SBO:0000290" size="1">
        <annotation>
	<rdf:RDF xmlns:rdf="http://www.w3.org/1999/02/22-rdf-syntax-ns#" xmlns:bqbiol="http://biomodels.net/biology-qualifiers/">
            <rdf:Description rdf:about="#_87708f27_87cc_4ca6_a617_d6f8c7bb396b">
	<bqbiol:is>
	<rdf:Bag>
	<rdf:li rdf:resource="http://identifiers.org/go/GO:0005623"/>
	</rdf:Bag>
	</bqbiol:is>
	</rdf:Description>
	
	</rdf:RDF>
	</annotation>
            </compartment>
    </listOfCompartments>
    <listOfSpecies>
      <species compartment="cellvolume" id="IR" initialConcentration="99.8737104842408" metaid="_4298a5bd_f4ef_4d16_a218_7bb412301da1" name="IR">
        <annotation>
	<rdf:RDF xmlns:rdf="http://www.w3.org/1999/02/22-rdf-syntax-ns#" xmlns:bqbiol="http://biomodels.net/biology-qualifiers/">
            <rdf:Description rdf:about="#_4298a5bd_f4ef_4d16_a218_7bb412301da1">
	<bqbiol:isVersionOf>
	<rdf:Bag>
	<rdf:li rdf:resource="http://identifiers.org/uniprot/P06213"/>
	</rdf:Bag>
	</bqbiol:isVersionOf>
	</rdf:Description>
	
	</rdf:RDF>
	</annotation>
            </species>
      <species compartment="cellvolume" id="IRp" initialConcentration="0.00186253217635894" metaid="_4397647d_6844_46ef_a4ef_f361b1d923a3" name="IRp">
        <annotation>
	<rdf:RDF xmlns:rdf="http://www.w3.org/1999/02/22-rdf-syntax-ns#" xmlns:bqbiol="http://biomodels.net/biology-qualifiers/">
            <rdf:Description rdf:about="#_4397647d_6844_46ef_a4ef_f361b1d923a3">
	<bqbiol:isVersionOf>
	<rdf:Bag>
	<rdf:li rdf:resource="http://identifiers.org/uniprot/P06213"/>
	<rdf:li rdf:resource="http://identifiers.org/kegg.compound/C00562"/>
	</rdf:Bag>
	</bqbiol:isVersionOf>
	</rdf:Description>
	
	</rdf:RDF>
	</annotation>
            </species>
      <species compartment="cellvolume" id="IRins" initialConcentration="0" metaid="fe52e636_3356_48b1_864e_b56a77f2bc33" name="IRins">
        <annotation>
	<rdf:RDF xmlns:rdf="http://www.w3.org/1999/02/22-rdf-syntax-ns#" xmlns:bqbiol="http://biomodels.net/biology-qualifiers/">
            <rdf:Description rdf:about="#fe52e636_3356_48b1_864e_b56a77f2bc33">
	<bqbiol:hasPart>
	<rdf:Bag>
	<rdf:li rdf:resource="http://identifiers.org/uniprot/P06213"/>
	<rdf:li rdf:resource="http://identifiers.org/uniprot/P01308"/>
	</rdf:Bag>
	</bqbiol:hasPart>
	</rdf:Description>
	
	</rdf:RDF>
	</annotation>
            </species>
      <species compartment="cellvolume" id="IRip" initialConcentration="0.0188430465801578" metaid="b40bf924_131e_4d9a_9dbf_a1692ad6fa05" name="IRip">
        <annotation>
	<rdf:RDF xmlns:rdf="http://www.w3.org/1999/02/22-rdf-syntax-ns#" xmlns:bqbiol="http://biomodels.net/biology-qualifiers/">
            <rdf:Description rdf:about="#b40bf924_131e_4d9a_9dbf_a1692ad6fa05">
	<bqbiol:isVersionOf>
	<rdf:Bag>
	<rdf:li rdf:resource="http://identifiers.org/uniprot/P06213"/>
	<rdf:li rdf:resource="http://identifiers.org/kegg.compound/C00562"/>
	</rdf:Bag>
	</bqbiol:isVersionOf>
	</rdf:Description>
	
	</rdf:RDF>
	</annotation>
            </species>
      <species compartment="cellvolume" id="IRi" initialConcentration="0.105583925473107" metaid="ee7df8b0_de0c_4426_9a7e_c932494aff71" name="IRi">
        <annotation>
	<rdf:RDF xmlns:rdf="http://www.w3.org/1999/02/22-rdf-syntax-ns#" xmlns:bqbiol="http://biomodels.net/biology-qualifiers/">
            <rdf:Description rdf:about="#ee7df8b0_de0c_4426_9a7e_c932494aff71">
	<bqbiol:isVersionOf>
	<rdf:Bag>
	<rdf:li rdf:resource="http://identifiers.org/uniprot/P06213"/>
	</rdf:Bag>
	</bqbiol:isVersionOf>
	</rdf:Description>
	
	</rdf:RDF>
	</annotation>
            </species>
      <species compartment="cellvolume" id="IRS1" initialConcentration="82.9671997523599" metaid="fbd6283a_aea9_4424_ad9f_114b951a2165" name="IRS1">
        <annotation>
	<rdf:RDF xmlns:rdf="http://www.w3.org/1999/02/22-rdf-syntax-ns#" xmlns:bqbiol="http://biomodels.net/biology-qualifiers/">
            <rdf:Description rdf:about="#fbd6283a_aea9_4424_ad9f_114b951a2165">
	<bqbiol:isVersionOf>
	<rdf:Bag>
	<rdf:li rdf:resource="http://identifiers.org/uniprot/P35568"/>
	</rdf:Bag>
	</bqbiol:isVersionOf>
	</rdf:Description>
	
	</rdf:RDF>
	</annotation>
            </species>
      <species compartment="cellvolume" id="IRS1p" initialConcentration="0.00119481841136737" metaid="_9c848d73_a58b_4a55_b6cc_a2030695ac9f" name="IRS1p">
        <annotation>
	<rdf:RDF xmlns:rdf="http://www.w3.org/1999/02/22-rdf-syntax-ns#" xmlns:bqbiol="http://biomodels.net/biology-qualifiers/">
            <rdf:Description rdf:about="#_9c848d73_a58b_4a55_b6cc_a2030695ac9f">
	<bqbiol:isVersionOf>
	<rdf:Bag>
	<rdf:li rdf:resource="http://identifiers.org/uniprot/P35568"/>
	<rdf:li rdf:resource="http://identifiers.org/kegg.compound/C00562"/>
	</rdf:Bag>
	</bqbiol:isVersionOf>
	</rdf:Description>
	
	</rdf:RDF>
	</annotation>
            </species>
      <species compartment="cellvolume" id="IRS1p307" initialConcentration="0.327454355438396" metaid="_17341f5b_b2ef_45ce_b1e6_5d05fd70073a" name="IRS1p307">
        <annotation>
	<rdf:RDF xmlns:rdf="http://www.w3.org/1999/02/22-rdf-syntax-ns#" xmlns:bqbiol="http://biomodels.net/biology-qualifiers/">
            <rdf:Description rdf:about="#_17341f5b_b2ef_45ce_b1e6_5d05fd70073a">
	<bqbiol:isVersionOf>
	<rdf:Bag>
	<rdf:li rdf:resource="http://identifiers.org/uniprot/P35568"/>
	<rdf:li rdf:resource="http://identifiers.org/kegg.compound/C00562"/>
	<rdf:li rdf:resource="http://identifiers.org/mod/MOD:00046"/>
	</rdf:Bag>
	</bqbiol:isVersionOf>
	</rdf:Description>
	
	</rdf:RDF>
	</annotation>
            </species>
      <species compartment="cellvolume" id="IRS1307" initialConcentration="16.7041510257561" metaid="_3b5910a5_4487_4a6a_9263_6a9ddd3b8e71" name="IRS1307">
        <annotation>
	<rdf:RDF xmlns:rdf="http://www.w3.org/1999/02/22-rdf-syntax-ns#" xmlns:bqbiol="http://biomodels.net/biology-qualifiers/">
            <rdf:Description rdf:about="#_3b5910a5_4487_4a6a_9263_6a9ddd3b8e71">
	<bqbiol:isVersionOf>
	<rdf:Bag>
	<rdf:li rdf:resource="http://identifiers.org/uniprot/P35568"/>
	</rdf:Bag>
	</bqbiol:isVersionOf>
	</rdf:Description>
	
	</rdf:RDF>
	</annotation>
            </species>
      <species compartment="cellvolume" id="X" initialConcentration="99.9983336594667" metaid="_5c24187d_2ea1_4e7a_a065_a7af49db2c58" name="X">
        <annotation>
	<rdf:RDF xmlns:rdf="http://www.w3.org/1999/02/22-rdf-syntax-ns#" xmlns:bqbiol="http://biomodels.net/biology-qualifiers/">
            <rdf:Description rdf:about="#_5c24187d_2ea1_4e7a_a065_a7af49db2c58">
	<bqbiol:isVersionOf>
	<rdf:Bag>
	<rdf:li rdf:resource="http://identifiers.org/chebi/CHEBI:36080"/>
	<rdf:li rdf:resource="http://identifiers.org/fma/FMA:74531"/>
	</rdf:Bag>
	</bqbiol:isVersionOf>
	</rdf:Description>
	
	</rdf:RDF>
	</annotation>
            </species>
      <species compartment="cellvolume" id="Xp" initialConcentration="0.00166634053318549" metaid="_262c0f72_7389_49d6_b751_cf02fc8d1601" name="Xp">
        <annotation>
	<rdf:RDF xmlns:rdf="http://www.w3.org/1999/02/22-rdf-syntax-ns#" xmlns:bqbiol="http://biomodels.net/biology-qualifiers/">
            <rdf:Description rdf:about="#_262c0f72_7389_49d6_b751_cf02fc8d1601">
	<bqbiol:isVersionOf>
	<rdf:Bag>
	<rdf:li rdf:resource="http://identifiers.org/kegg.compound/C00562"/>
	<rdf:li rdf:resource="http://identifiers.org/fma/FMA:74531"/>
	</rdf:Bag>
	</bqbiol:isVersionOf>
	</rdf:Description>
	
	</rdf:RDF>
	</annotation>
            </species>
      <species compartment="cellvolume" id="PKB" initialConcentration="68.1806649661901" metaid="_69aa3473_f666_4e84_a6fc_11e89aa3a092" name="PKB">
        <annotation>
	<rdf:RDF xmlns:rdf="http://www.w3.org/1999/02/22-rdf-syntax-ns#" xmlns:bqbiol="http://biomodels.net/biology-qualifiers/">
            <rdf:Description rdf:about="#_69aa3473_f666_4e84_a6fc_11e89aa3a092">
	<bqbiol:isVersionOf>
	<rdf:Bag>
	<rdf:li rdf:resource="http://identifiers.org/uniprot/P31751"/>
	</rdf:Bag>
	</bqbiol:isVersionOf>
	</rdf:Description>
	
	</rdf:RDF>
	</annotation>
            </species>
      <species compartment="cellvolume" id="PKB308p" initialConcentration="13.2964849666951" metaid="a6e9999b_f58a_4568_a8dd_ccf53c7b71e8" name="PKB308p">
        <annotation>
	<rdf:RDF xmlns:rdf="http://www.w3.org/1999/02/22-rdf-syntax-ns#" xmlns:bqbiol="http://biomodels.net/biology-qualifiers/">
            <rdf:Description rdf:about="#a6e9999b_f58a_4568_a8dd_ccf53c7b71e8">
	<bqbiol:isVersionOf>
	<rdf:Bag>
	<rdf:li rdf:resource="http://identifiers.org/uniprot/P31751"/>
	<rdf:li rdf:resource="http://identifiers.org/kegg.compound/C00562"/>
	</rdf:Bag>
	</bqbiol:isVersionOf>
	</rdf:Description>
	
	</rdf:RDF>
	</annotation>
            </species>
      <species compartment="cellvolume" id="PKB473p" initialConcentration="16.8171941560617" metaid="_2d810b51_0884_4263_b40d_29238be41cc7" name="PKB473p">
        <annotation>
	<rdf:RDF xmlns:rdf="http://www.w3.org/1999/02/22-rdf-syntax-ns#" xmlns:bqbiol="http://biomodels.net/biology-qualifiers/">
            <rdf:Description rdf:about="#_2d810b51_0884_4263_b40d_29238be41cc7">
	<bqbiol:isVersionOf>
	<rdf:Bag>
	<rdf:li rdf:resource="http://identifiers.org/uniprot/P31751"/>
	<rdf:li rdf:resource="http://identifiers.org/kegg.compound/C00562"/>
	</rdf:Bag>
	</bqbiol:isVersionOf>
	</rdf:Description>
	
	</rdf:RDF>
	</annotation>
            </species>
      <species compartment="cellvolume" id="PKB308p473p" initialConcentration="1.70566051030056" metaid="_3ec91c4f_57d4_4d18_b77a_940fef3be98d" name="PKB308p473p">
        <annotation>
	<rdf:RDF xmlns:rdf="http://www.w3.org/1999/02/22-rdf-syntax-ns#" xmlns:bqbiol="http://biomodels.net/biology-qualifiers/">
            <rdf:Description rdf:about="#_3ec91c4f_57d4_4d18_b77a_940fef3be98d">
	<bqbiol:isVersionOf>
	<rdf:Bag>
	<rdf:li rdf:resource="http://identifiers.org/uniprot/P31751"/>
	<rdf:li rdf:resource="http://identifiers.org/kegg.compound/C00562"/>
	</rdf:Bag>
	</bqbiol:isVersionOf>
	</rdf:Description>
	
	</rdf:RDF>
	</annotation>
            </species>
      <species compartment="cellvolume" id="mTORC1" initialConcentration="86.5002472240273" metaid="_658b5caf_19c2_4221_a3c9_4036f1ef3ca9" name="mTORC1">
        <annotation>
	<rdf:RDF xmlns:rdf="http://www.w3.org/1999/02/22-rdf-syntax-ns#" xmlns:bqbiol="http://biomodels.net/biology-qualifiers/">
            <rdf:Description rdf:about="#_658b5caf_19c2_4221_a3c9_4036f1ef3ca9">
	<bqbiol:hasPart>
	<rdf:Bag>
	<rdf:li rdf:resource="http://identifiers.org/uniprot/P42345"/>
	<rdf:li rdf:resource="http://identifiers.org/uniprot/Q8N122"/>
	</rdf:Bag>
	</bqbiol:hasPart>
	</rdf:Description>
	
	</rdf:RDF>
	</annotation>
            </species>
      <species compartment="cellvolume" id="mTORC1a" initialConcentration="13.4997527759726" metaid="d271d689_fa78_4c17_8321_ad2a46463ace" name="mTORC1a">
        <annotation>
	<rdf:RDF xmlns:rdf="http://www.w3.org/1999/02/22-rdf-syntax-ns#" xmlns:bqbiol="http://biomodels.net/biology-qualifiers/">
            <rdf:Description rdf:about="#d271d689_fa78_4c17_8321_ad2a46463ace">
	<bqbiol:hasPart>
	<rdf:Bag>
	<rdf:li rdf:resource="http://identifiers.org/uniprot/P42345"/>
	<rdf:li rdf:resource="http://identifiers.org/uniprot/Q8N122"/>
	</rdf:Bag>
	</bqbiol:hasPart>
	</rdf:Description>
	
	</rdf:RDF>
	</annotation>
            </species>
      <species compartment="cellvolume" id="mTORC2" initialConcentration="99.8478148461591" metaid="_437580f7_48ae_4e8e_b961_b6521053dcb0" name="mTORC2">
        <annotation>
	<rdf:RDF xmlns:rdf="http://www.w3.org/1999/02/22-rdf-syntax-ns#" xmlns:bqbiol="http://biomodels.net/biology-qualifiers/">
            <rdf:Description rdf:about="#_437580f7_48ae_4e8e_b961_b6521053dcb0">
	<bqbiol:hasPart>
	<rdf:Bag>
	<rdf:li rdf:resource="http://identifiers.org/uniprot/P42345"/>
	<rdf:li rdf:resource="http://identifiers.org/uniprot/Q6R327"/>
	</rdf:Bag>
	</bqbiol:hasPart>
	</rdf:Description>
	
	</rdf:RDF>
	</annotation>
            </species>
      <species compartment="cellvolume" id="mTORC2a" initialConcentration="0.152185153840861" metaid="d92c36da_971f_4c51_a7a5_5730be73b609" name="mTORC2a">
        <annotation>
	<rdf:RDF xmlns:rdf="http://www.w3.org/1999/02/22-rdf-syntax-ns#" xmlns:bqbiol="http://biomodels.net/biology-qualifiers/">
            <rdf:Description rdf:about="#d92c36da_971f_4c51_a7a5_5730be73b609">
	<bqbiol:hasPart>
	<rdf:Bag>
	<rdf:li rdf:resource="http://identifiers.org/uniprot/P42345"/>
	<rdf:li rdf:resource="http://identifiers.org/uniprot/Q6R327"/>
	</rdf:Bag>
	</bqbiol:hasPart>
	</rdf:Description>
	
	</rdf:RDF>
	</annotation>
            </species>
      <species compartment="cellvolume" id="AS160" initialConcentration="83.8141018591099" metaid="_41fc49eb_cf43_4a8e_b2f7_ccb2bf5eb0b2" name="AS160">
        <annotation>
	<rdf:RDF xmlns:rdf="http://www.w3.org/1999/02/22-rdf-syntax-ns#" xmlns:bqbiol="http://biomodels.net/biology-qualifiers/">
            <rdf:Description rdf:about="#_41fc49eb_cf43_4a8e_b2f7_ccb2bf5eb0b2">
	<bqbiol:isVersionOf>
	<rdf:Bag>
	<rdf:li rdf:resource="http://identifiers.org/uniprot/O60343"/>
	</rdf:Bag>
	</bqbiol:isVersionOf>
	</rdf:Description>
	
	</rdf:RDF>
	</annotation>
            </species>
      <species compartment="cellvolume" id="AS160p" initialConcentration="16.1858981408903" metaid="_0683616a_24aa_442f_aa2f_84ce1914456d" name="AS160p">
        <annotation>
	<rdf:RDF xmlns:rdf="http://www.w3.org/1999/02/22-rdf-syntax-ns#" xmlns:bqbiol="http://biomodels.net/biology-qualifiers/">
            <rdf:Description rdf:about="#_0683616a_24aa_442f_aa2f_84ce1914456d">
              <bqbiol:isVersionOf>
	<rdf:Bag>
	<rdf:li rdf:resource="http://identifiers.org/uniprot/O60343"/>
	</rdf:Bag>
	</bqbiol:isVersionOf>
	
	<bqbiol:hasProperty>
	<rdf:Bag>
	<rdf:li rdf:resource="http://identifiers.org/pato/PATO:0002220"/>
	</rdf:Bag>
	</bqbiol:hasProperty>
	</rdf:Description>
	
	</rdf:RDF>
	</annotation>
            </species>
      <species compartment="cellvolume" id="GLUT4m" initialConcentration="26.523878746229" metaid="fbe1f617_c187_4c56_9155_24cbe0b334ca" name="GLUT4m">
        <annotation>
	<rdf:RDF xmlns:rdf="http://www.w3.org/1999/02/22-rdf-syntax-ns#" xmlns:bqbiol="http://biomodels.net/biology-qualifiers/">
            <rdf:Description rdf:about="#fbe1f617_c187_4c56_9155_24cbe0b334ca">
              <bqbiol:isVersionOf>
	<rdf:Bag>
	<rdf:li rdf:resource="http://identifiers.org/uniprot/P14672"/>
	</rdf:Bag>
	</bqbiol:isVersionOf>
	
	<bqbiol:occursIn>
	<rdf:Bag>
	<rdf:li rdf:resource="http://identifiers.org/go/GO:0005886"/>
	</rdf:Bag>
	</bqbiol:occursIn>
	</rdf:Description>
	
	</rdf:RDF>
	</annotation>
            </species>
      <species compartment="cellvolume" id="GLUT4" initialConcentration="73.476121253771" metaid="ae2aa110_ebf9_4634_a8bc_623c5a8d7496" name="GLUT4">
        <annotation>
	<rdf:RDF xmlns:rdf="http://www.w3.org/1999/02/22-rdf-syntax-ns#" xmlns:bqbiol="http://biomodels.net/biology-qualifiers/">
            <rdf:Description rdf:about="#ae2aa110_ebf9_4634_a8bc_623c5a8d7496">
	<bqbiol:isVersionOf>
	<rdf:Bag>
	<rdf:li rdf:resource="http://identifiers.org/uniprot/P14672"/>
	</rdf:Bag>
	</bqbiol:isVersionOf>
	</rdf:Description>
	
	</rdf:RDF>
	</annotation>
            </species>
      <species compartment="cellvolume" id="S6K" initialConcentration="99.2731987219547" metaid="f8096a5d_d0f0_4aed_b8fb_1179ede8cf68" name="S6K">
        <annotation>
	<rdf:RDF xmlns:rdf="http://www.w3.org/1999/02/22-rdf-syntax-ns#" xmlns:bqbiol="http://biomodels.net/biology-qualifiers/">
            <rdf:Description rdf:about="#f8096a5d_d0f0_4aed_b8fb_1179ede8cf68">
	<bqbiol:isVersionOf>
	<rdf:Bag>
	<rdf:li rdf:resource="http://identifiers.org/uniprot/P23443"/>
	</rdf:Bag>
	</bqbiol:isVersionOf>
	</rdf:Description>
	
	</rdf:RDF>
	</annotation>
            </species>
      <species compartment="cellvolume" id="S6Kp" initialConcentration="0.72680127804522" metaid="_3eda1b02_4b9c_431e_be51_57f20a62ef90" name="S6Kp">
        <annotation>
	<rdf:RDF xmlns:rdf="http://www.w3.org/1999/02/22-rdf-syntax-ns#" xmlns:bqbiol="http://biomodels.net/biology-qualifiers/">
            <rdf:Description rdf:about="#_3eda1b02_4b9c_431e_be51_57f20a62ef90">
	<bqbiol:isVersionOf>
	<rdf:Bag>
	<rdf:li rdf:resource="http://identifiers.org/uniprot/P23443"/>
	<rdf:li rdf:resource="http://identifiers.org/kegg.compound/C00562"/>
	</rdf:Bag>
	</bqbiol:isVersionOf>
	</rdf:Description>
	
	</rdf:RDF>
	</annotation>
            </species>
      <species compartment="cellvolume" id="S6" initialConcentration="92.7596420796038" metaid="_429a8c3b_9c42_4d39_a51c_3997591fe383" name="S6">
        <annotation>
	<rdf:RDF xmlns:rdf="http://www.w3.org/1999/02/22-rdf-syntax-ns#" xmlns:bqbiol="http://biomodels.net/biology-qualifiers/">
            <rdf:Description rdf:about="#_429a8c3b_9c42_4d39_a51c_3997591fe383">
	<bqbiol:isVersionOf>
	<rdf:Bag>
	<rdf:li rdf:resource="http://identifiers.org/uniprot/P62753"/>
	</rdf:Bag>
	</bqbiol:isVersionOf>
	</rdf:Description>
	
	</rdf:RDF>
	</annotation>
            </species>
      <species compartment="cellvolume" id="S6p" initialConcentration="7.24035792039603" metaid="fbef8178_640d_4abc_9bef_4fb024394381" name="S6p">
        <annotation>
	<rdf:RDF xmlns:rdf="http://www.w3.org/1999/02/22-rdf-syntax-ns#" xmlns:bqbiol="http://biomodels.net/biology-qualifiers/">
            <rdf:Description rdf:about="#fbef8178_640d_4abc_9bef_4fb024394381">
	<bqbiol:isVersionOf>
	<rdf:Bag>
	<rdf:li rdf:resource="http://identifiers.org/uniprot/P62753"/>
	<rdf:li rdf:resource="http://identifiers.org/kegg.compound/C00562"/>
	</rdf:Bag>
	</bqbiol:isVersionOf>
	</rdf:Description>
	
	</rdf:RDF>
	</annotation>
            </species>
    </listOfSpecies>
    <listOfParameters>
      <parameter id="diabetes" metaid="_7dba88ec_34ca_4517_9a32_213f9eb44dd6" name="diabetes" value="1"/>
      <parameter id="k1a" metaid="_1b496d0c_adf2_4b46_9639_d41074fa331a" name="k1a" value="0.6331"/>
      <parameter id="k1basal" metaid="dfc419da_8d55_42ce_98b2_355e686aeba8" name="k1basal" value="0.03683"/>
      <parameter id="k1c" metaid="_49831507_2110_42dd_9850_c6a183b900e0" name="k1c" value="0.8768"/>
      <parameter id="k1d" metaid="_2caf67cc_635c_4ae2_a3c3_b49dc317e154" name="k1d" value="31.01"/>
      <parameter id="k1f" metaid="f4a91e18_6d19_4090_bbdc_40924825de84" name="k1f" value="1840"/>
      <parameter id="k1g" metaid="_89676a43_455f_44ec_9dc5_35fd57d42fd2" name="k1g" value="1944"/>
      <parameter id="k1r" metaid="_85787b4e_8272_49b1_b820_a959f3ec7486" name="k1r" value="0.5471"/>
      <parameter id="k2a" metaid="_918be03d_3fe4_43bb_b767_64d87df91d3d" name="k2a" value="3.227"/>
      <parameter id="k2c" metaid="d31f533d_190d_474d_99d1_450eda3689ac" name="k2c" value="5759"/>
      <parameter id="k2basal" metaid="_397dd5d1_8bc3_4e64_a7e5_981775cbfa81" name="k2basal" value="0.04228"/>
      <parameter id="k2b" metaid="_10763909_285c_42e2_b008_94479b3ad966" name="k2b" value="3424"/>
      <parameter id="k2d" metaid="b8e0f5c1_c703_46b4_bd21_a6ce2575bbfb" name="k2d" value="280.8"/>
      <parameter id="k2f" metaid="_0d8dbda8_5ea8_4c4c_85d0_ecc3371f4c90" name="k2f" value="2.913"/>
      <parameter id="k2g" metaid="_3f347ebc_a62c_40c0_b7d4_c3ea67dd5d5c" name="k2g" value="0.2671"/>
      <parameter id="k3a" metaid="cba9e2d4_c150_4fba_afd6_23adcfe72466" name="k3a" value="0.001377"/>
      <parameter id="k3b" metaid="fe5931c7_0182_4c6e_a721_d92f1543facb" name="k3b" value="0.09876"/>
      <parameter id="k4a" metaid="_5a4db463_eca7_4f27_a664_ef9d821d978d" name="k4a" value="5790"/>
      <parameter id="k4b" metaid="b2d0d98d_601e_4f15_bb43_3235107b0e45" name="k4b" value="34.8"/>
      <parameter id="k4c" metaid="b318b74e_8217_4862_9ad0_ced31e7492da" name="k4c" value="4.456"/>
      <parameter id="k4e" metaid="_06f426a4_5fab_47ad_8495_1d5d1c8e07ba" name="k4e" value="42.84"/>
      <parameter id="k4f" metaid="fb87ce9a_6a31_4fb5_95cb_c1bf32100f17" name="k4f" value="143.6"/>
      <parameter id="k4h" metaid="d3f09667_41a5_4b93_a823_3ef770bf07bf" name="k4h" value="0.5361"/>
      <parameter id="k5a1" metaid="_03048f15_33b6_4bea_a529_296a8407851e" name="k5a1" value="1.842"/>
      <parameter id="k5a2" metaid="_57faccc1_372f_4548_8094_6e397eb1d865" name="k5a2" value="0.05506"/>
      <parameter id="k5b" metaid="cec4936c_d597_4cb6_ac4a_e91bd8fdef48" name="k5b" value="24.83"/>
      <parameter id="k5d" metaid="ea6e2500_8c3b_46c7_8b13_238dac6f3d73" name="k5d" value="1.06"/>
      <parameter id="km5" metaid="_8f815f09_e6cf_4e12_a75e_4af321b70200" name="km5" value="2.65"/>
      <parameter id="k5c" metaid="_62cc5ac6_7bd5_4961_97b0_6aefb190d401" name="k5c" value="0.08575"/>
      <parameter id="k6f1" metaid="_64c102e1_b359_4b16_a84f_9a661fe2595e" name="k6f1" value="2.652"/>
      <parameter id="k6f2" metaid="_42533d88_e512_42da_9e82_9a5c0c907c5c" name="k6f2" value="36.93"/>
      <parameter id="km6" metaid="a13bea8f_50dd_45af_bbc5_95a04e67e42c" name="km6" value="30.54"/>
      <parameter id="n6" metaid="b891d951_32b4_4b98_af30_c2f490404c23" name="n6" value="2.137"/>
      <parameter id="k6b" metaid="_4ea8ceb6_5c3f_4ec1_9511_94e0e20a94f6" name="k6b" value="65.18"/>
      <parameter id="k7f" metaid="_4991d3ac_8265_420d_b20c_264eec2d65f5" name="k7f" value="50.98"/>
      <parameter id="k7b" metaid="ac745029_f992_496d_b095_eb80b9b5521c" name="k7b" value="2286"/>
      <parameter id="k8" metaid="f664b43e_856f_435d_937c_d503a52801b9" name="k8" value="724.2"/>
      <parameter id="glut1" metaid="_1a6aad23_ade1_4f47_bce5_cc1490c60e65" name="glut1" value="7042"/>
      <parameter id="k9f1" metaid="eee68ec6_cf94_4806_83a8_ffed1575acb5" name="k9f1" value="0.1298"/>
      <parameter id="k9b1" metaid="db2c0dd6_aa95_4a82_8c8c_8517cc4fb9b6" name="k9b1" value="0.04441"/>
      <parameter id="k9f2" metaid="_0d316927_1e35_4865_ab84_e3623033d42a" name="k9f2" value="3.329"/>
      <parameter id="k9b2" metaid="_7891af92_dacb_4191_89e8_b20d07a54079" name="k9b2" value="31"/>
      <parameter id="km9" metaid="f178442e_2b0c_4b0c_bf34_b37870f6c74e" name="km9" value="5873"/>
      <parameter id="n9" metaid="_93b4867c_c34b_4c26_b035_394b947a29cb" name="n9" value="0.9855"/>
      <parameter id="scaleIR" metaid="_6c1accf7_81f3_4c30_898a_801c225b5e9d" name="scaleIR" value="5.2022"/>
      <parameter id="scaleIRS1" metaid="_3731d090_37fa_4e33_ba7c_e421ff2064bd" name="scaleIRS1" value="0.37615"/>
      <parameter id="scaleIRS1ds" metaid="_3eaeda20_f6ef_4b17_8f19_c2b88c84be8b" name="scaleIRS1ds" value="14.892"/>
      <parameter id="scaleIRS1307" metaid="_2fa27184_00c4_496f_bc8f_d850b09c06d6" name="scaleIRS1307" value="0.058663"/>
      <parameter id="scalePKB308" metaid="dd89d350_e385_45c3_bede_b97dfdb07aca" name="scalePKB308" value="0.043564"/>
      <parameter id="scalePKB473" metaid="_4f12f547_307b_403d_b100_577bb7a9f5df" name="scalePKB473" value="0.012996"/>
      <parameter id="scaleAS160" metaid="afebd060_8fc5_4a68_8e8a_6c5af8ce12e4" name="scaleAS160" value="0.026656"/>
      <parameter id="scaleGLUCOSE" metaid="f9454196_f2ac_4503_90fe_54a689daa3ea" name="scaleGLUCOSE" value="0.040513"/>
      <parameter id="scaleS6K" metaid="b6c10095_a798_41da_8dce_f3ccfe3e5725" name="scaleS6K" value="0.74654"/>
      <parameter id="scaleS6" metaid="db04eef4_1d29_48ad_85e9_9a9b6cb160ae" name="scaleS6" value="0.11494"/>
      <parameter id="gluc" metaid="c8feeb2a_a4cd_4884_9a7b_6aefb2360bcc" name="gluc" value="0.05"/>
      <parameter id="insulin" metaid="_5c9441d2_b6a4_456c_865c_7a6fc17959c7" name="insulin" value="10"/>
      <parameter constant="false" id="measuredIRp" metaid="b5b806d9_bf96_4fd8_ac3a_a8f73df7a35a" name="measuredIRp" value="0"/>
      <parameter constant="false" id="measuredIRint" metaid="cc37971d_15bb_433d_866c_49ff89baea4d" name="measuredIRint" value="0"/>
      <parameter constant="false" id="measuredIRS1p" metaid="_41914667_2963_4cf3_bae1_d62cd72b36bf" name="measuredIRS1p" value="0"/>
      <parameter constant="false" id="measuredIRS1307" metaid="_48c696eb_7b9e_4307_99a4_7a61ba1b2da3" name="measuredIRS1307" value="0"/>
      <parameter constant="false" id="measuredPKB308p" metaid="_9c7f109e_75af_418b_a48a_56f4eea4482e" name="measuredPKB308p" value="0"/>
      <parameter constant="false" id="measuredPKB473p" metaid="_824e0530_76bf_484c_97c8_76c58551daf6" name="measuredPKB473p" value="0"/>
      <parameter constant="false" id="measuredAS160p" metaid="_19a01c62_32c8_4713_83d2_9ef3eec25710" name="measuredAS160p" value="0"/>
      <parameter constant="false" id="measuredmTORC1a" metaid="_25a2d49c_0689_43f5_893c_d94d790648af" name="measuredmTORC1a" value="0"/>
      <parameter constant="false" id="measuredS6Kp" metaid="_7fb6b94a_343a_42a6_93e8_3512bd2b2287" name="measuredS6Kp" value="0"/>
      <parameter constant="false" id="measuredS6p" metaid="f06afb2a_e476_46de_a9d4_1883f47033d5" name="measuredS6p" value="0"/>
      <parameter constant="false" id="measuredmTORC2a" metaid="_15d3b6e1_e466_47bb_b40c_ff7d24b4a6a0" name="measuredmTORC2a" value="0"/>
      <parameter constant="false" id="glucoseuptake" metaid="_0de862c9_3784_4e40_9b5a_52e080768f27" name="glucoseuptake" value="0"/>
    </listOfParameters>
    <listOfRules>
      <assignmentRule metaid="_156045e3_9e34_44ca_93e9_ff6cbca6c270" variable="measuredIRp">
        <math xmlns="http://www.w3.org/1998/Math/MathML">        
          <apply>
            <times/>
            <ci> scaleIR </ci>
            <apply>
              <plus/>
              <ci> IRp </ci>
              <ci> IRip </ci>
            </apply>
          </apply>
        </math>
            </assignmentRule>
      <assignmentRule metaid="d25b4640_dd30_4138_8791_045020530e3a" variable="measuredIRint">
        <math xmlns="http://www.w3.org/1998/Math/MathML">        
          <apply>
            <plus/>
            <ci> IRi </ci>
            <ci> IRip </ci>
          </apply>
        </math>
            </assignmentRule>
      <assignmentRule metaid="_498af823_8d8d_431d_be7b_c0d2735f8125" variable="measuredIRS1p">
        <math xmlns="http://www.w3.org/1998/Math/MathML">        
          <apply>
            <times/>
            <ci> scaleIRS1 </ci>
            <apply>
              <plus/>
              <ci> IRS1p </ci>
              <ci> IRS1p307 </ci>
            </apply>
          </apply>
        </math>
            </assignmentRule>
      <assignmentRule metaid="b3a8328b_b7d1_4715_be2c_017a3cb2bb81" variable="measuredIRS1307">
        <math xmlns="http://www.w3.org/1998/Math/MathML">        
          <apply>
            <times/>
            <ci> scaleIRS1307 </ci>
            <apply>
              <plus/>
              <ci> IRS1p307 </ci>
              <ci> IRS1307 </ci>
            </apply>
          </apply>
        </math>
            </assignmentRule>
      <assignmentRule metaid="e8a8a33c_ff69_4d62_805e_5b54e10eee7b" variable="measuredPKB308p">
        <math xmlns="http://www.w3.org/1998/Math/MathML">        
          <apply>
            <times/>
            <ci> scalePKB308 </ci>
            <apply>
              <plus/>
              <ci> PKB308p </ci>
              <ci> PKB308p473p </ci>
            </apply>
          </apply>
        </math>
            </assignmentRule>
      <assignmentRule metaid="_32152da7_3316_4df0_926b_bffc4f74d1a8" variable="measuredPKB473p">
        <math xmlns="http://www.w3.org/1998/Math/MathML">        
          <apply>
            <times/>
            <ci> scalePKB473 </ci>
            <apply>
              <plus/>
              <ci> PKB473p </ci>
              <ci> PKB308p473p </ci>
            </apply>
          </apply>
        </math>
            </assignmentRule>
      <assignmentRule metaid="_6f328e6c_4eb5_41e0_8fb1_9daf2599e752" variable="measuredAS160p">
        <math xmlns="http://www.w3.org/1998/Math/MathML">        
          <apply>
            <times/>
            <ci> scaleAS160 </ci>
            <ci> AS160p </ci>
          </apply>
        </math>
            </assignmentRule>
      <assignmentRule metaid="_1dfe1766_5b29_4904_a998_3203b93d8e00" variable="measuredmTORC1a">
        <math xmlns="http://www.w3.org/1998/Math/MathML">        
          <ci> mTORC1a </ci>
        </math>
            </assignmentRule>
      <assignmentRule metaid="_0ebb1c87_a930_4839_9c32_0bf269970761" variable="measuredS6Kp">
        <math xmlns="http://www.w3.org/1998/Math/MathML">        
          <apply>
            <times/>
            <ci> scaleS6K </ci>
            <ci> S6Kp </ci>
          </apply>
        </math>
            </assignmentRule>
      <assignmentRule metaid="f9cd5670_6dfa_4eb4_a848_144c8098108b" variable="measuredS6p">
        <math xmlns="http://www.w3.org/1998/Math/MathML">        
          <apply>
            <times/>
            <ci> scaleS6 </ci>
            <ci> S6p </ci>
          </apply>
        </math>
            </assignmentRule>
      <assignmentRule metaid="_532f1a5a_c47d_4e9e_b086_37cfc48c8d6c" variable="measuredmTORC2a">
        <math xmlns="http://www.w3.org/1998/Math/MathML">        
          <ci> mTORC2a </ci>
        </math>
            </assignmentRule>
      <assignmentRule metaid="e1496698_8f5e_47da_b3d8_ade34fc60a66" variable="glucoseuptake">
        <math xmlns="http://www.w3.org/1998/Math/MathML">        
          <apply>
            <plus/>
            <apply>
              <times/>
              <ci> k8 </ci>
              <ci> GLUT4m </ci>
              <ci> gluc </ci>
            </apply>
            <apply>
              <times/>
              <ci> glut1 </ci>
              <ci> gluc </ci>
            </apply>
          </apply>
        </math>
            </assignmentRule>
    </listOfRules>
    <listOfReactions>
      <reaction id="v1a" metaid="_62c9b71d_90ba_4cf1_bbdb_6ad16ff1db97" name="v1a" reversible="false">
        <listOfReactants>
          <speciesReference metaid="ae1b70d3_a26d_45e1_bce6_fd1adc4a3750" species="IR"/>
        </listOfReactants>
        <listOfProducts>
          <speciesReference metaid="_2785b630_62bf_4893_8a62_ee1127995ad7" species="IRins"/>
        </listOfProducts>
        <listOfModifiers>
          <modifierSpeciesReference metaid="d20f1891_fdde_4e75_9bad_3932f9698e50" species="IR"/>
        </listOfModifiers>
        <kineticLaw metaid="b361a825_389d_4e67_9cad_a92868fdf254">
          <math xmlns="http://www.w3.org/1998/Math/MathML">          
            <apply>
              <times/>
              <ci> IR </ci>
              <ci> k1a </ci>
              <ci> insulin </ci>
            </apply>
          </math>
                </kineticLaw>
      </reaction>
      <reaction id="v1basal" metaid="_04e035d2_01e9_4985_8f4e_c07c9d52e984" name="v1basal" reversible="false">
        <listOfReactants>
          <speciesReference metaid="_14bcec32_f0a4_4f32_b871_882b9572101b" species="IR"/>
        </listOfReactants>
        <listOfProducts>
          <speciesReference metaid="_58a66df9_ead7_42bb_aa4c_fa6e5fef7483" species="IRp"/>
        </listOfProducts>
        <listOfModifiers>
          <modifierSpeciesReference metaid="a2ecab8c_0bf4_4a6c_9855_661d237bd319" species="IR"/>
        </listOfModifiers>
        <kineticLaw metaid="_7476c177_70a6_4407_972b_8eb35ba1752c">
          <math xmlns="http://www.w3.org/1998/Math/MathML">          
            <apply>
              <times/>
              <ci> k1basal </ci>
              <ci> IR </ci>
            </apply>
          </math>
                </kineticLaw>
      </reaction>
      <reaction id="v1c" metaid="_2e7d8feb_916d_48c8_a8e1_c2aaea9b200e" name="v1c" reversible="false">
        <listOfReactants>
          <speciesReference metaid="_02cfd8a1_2b94_469d_b09a_3764658284a1" species="IRins"/>
        </listOfReactants>
        <listOfProducts>
          <speciesReference metaid="eed9ec3b_d4ac_49ad_8d94_bcc0874a9b83" species="IRp"/>
        </listOfProducts>
        <listOfModifiers>
          <modifierSpeciesReference metaid="_9895f4f9_ef75_461e_9fbd_c4acbb3f8cd1" species="IRins"/>
        </listOfModifiers>
        <kineticLaw metaid="_78d792bd_2e48_4e5d_88a3_85df572a6229">
          <math xmlns="http://www.w3.org/1998/Math/MathML">          
            <apply>
              <times/>
              <ci> IRins </ci>
              <ci> k1c </ci>
            </apply>
          </math>
                </kineticLaw>
      </reaction>
      <reaction id="v1d" metaid="_1e9e7d11_855d_444e_a22c_c82e9f6e8841" name="v1d" reversible="false">
        <listOfReactants>
          <speciesReference metaid="_7f63a98d_4364_4151_82da_b27a81de7c8d" species="IRp"/>
        </listOfReactants>
        <listOfProducts>
          <speciesReference metaid="c6bfebb0_25f2_471c_914c_b83c86aa72fd" species="IRip"/>
        </listOfProducts>
        <listOfModifiers>
          <modifierSpeciesReference metaid="_0ea4954f_fcfb_4cef_a19b_14bcc0b4a566" species="IRp"/>
        </listOfModifiers>
        <kineticLaw metaid="_2993d3db_c10d_40da_bade_f7497a7e6c27">
          <math xmlns="http://www.w3.org/1998/Math/MathML">          
            <apply>
              <times/>
              <ci> IRp </ci>
              <ci> k1d </ci>
            </apply>
          </math>
                </kineticLaw>
      </reaction>
      <reaction id="v1e" metaid="c1637ebc_55d3_4b49_a7ad_458678383365" name="v1e" reversible="false">
        <listOfReactants>
          <speciesReference metaid="feb7f009_61ac_44ea_8c8f_4379a707e3b4" species="IRip"/>
        </listOfReactants>
        <listOfProducts>
          <speciesReference metaid="_1230d8b3_801b_43e9_abab_5262a891e331" species="IRi"/>
        </listOfProducts>
        <listOfModifiers>
          <modifierSpeciesReference metaid="_402bb475_56d8_48a7_83d5_c2d0c5a522d4" species="Xp"/>
          <modifierSpeciesReference metaid="abd81e01_aad1_4dc3_b1e7_2b0fcb20a18e" species="IRip"/>
          <modifierSpeciesReference metaid="_68bf3daa_c28f_404b_9e0b_d94b64d1b7df" species="Xp"/>
        </listOfModifiers>
        <kineticLaw metaid="_7fb43b3c_119e_4359_b6c7_a0be563dd2a2">
          <math xmlns="http://www.w3.org/1998/Math/MathML">          
            <apply>
              <times/>
              <ci> IRip </ci>
              <ci> k1f </ci>
              <ci> Xp </ci>
            </apply>
          </math>
                </kineticLaw>
      </reaction>
      <reaction id="v1g" metaid="fab4cbc9_39d4_4017_8854_f29d3192a13c" name="v1g" reversible="false">
        <listOfReactants>
          <speciesReference metaid="fb119d48_e3c0_4453_8efe_39b50af9cf56" species="IRp"/>
        </listOfReactants>
        <listOfProducts>
          <speciesReference metaid="fa6f8168_4322_4640_a03c_05f05d283fb0" species="IR"/>
        </listOfProducts>
        <listOfModifiers>
          <modifierSpeciesReference metaid="_9c21c149_46e7_47b7_b635_652339ac3ba4" species="IRp"/>
        </listOfModifiers>
        <kineticLaw metaid="cac7b8ab_e5e6_47f1_9de9_f2407bef39b8">
          <math xmlns="http://www.w3.org/1998/Math/MathML">          
            <apply>
              <times/>
              <ci> IRp </ci>
              <ci> k1g </ci>
            </apply>
          </math>
                </kineticLaw>
      </reaction>
      <reaction id="v1r" metaid="f9778b41_2048_47fb_beaf_18b95a50d306" name="v1r" reversible="false">
        <listOfReactants>
          <speciesReference metaid="a774789c_5140_4b41_8479_0eec7fd9ba7f" species="IRi"/>
        </listOfReactants>
        <listOfProducts>
          <speciesReference metaid="_84932f46_0a97_4661_9b6e_c768c8451239" species="IR"/>
        </listOfProducts>
        <listOfModifiers>
          <modifierSpeciesReference metaid="ffbf7ad1_d555_47d8_bba7_bc0b72845fb6" species="IRi"/>
        </listOfModifiers>
        <kineticLaw metaid="_815d5712_eec5_4347_bc19_3bdb0610fa85">
          <math xmlns="http://www.w3.org/1998/Math/MathML">          
            <apply>
              <times/>
              <ci> IRi </ci>
              <ci> k1r </ci>
            </apply>
          </math>
                </kineticLaw>
      </reaction>
      <reaction id="v2a" metaid="_7757afd9_08a4_4713_a739_b90f72b32b7f" name="v2a" reversible="false">
        <listOfReactants>
          <speciesReference metaid="c703b52d_bc3d_4a32_9c1a_f06a25aad7b5" species="IRS1"/>
        </listOfReactants>
        <listOfProducts>
          <speciesReference metaid="_77e41c76_6493_4746_9b02_ad66744a37dc" species="IRS1p"/>
        </listOfProducts>
        <listOfModifiers>
          <modifierSpeciesReference metaid="_66204f9c_3718_41c6_9739_f3177f832ebe" species="IRip"/>
          <modifierSpeciesReference metaid="_4afa82a7_916c_486c_bbb1_1e4707ecfce0" species="IRS1"/>
          <modifierSpeciesReference metaid="_530f0c96_4d1f_407c_8e10_08df11238569" species="IRip"/>
        </listOfModifiers>
        <kineticLaw metaid="a8c139bf_ca5c_4b62_a3f5_350c220875d9">
          <math xmlns="http://www.w3.org/1998/Math/MathML">          
            <apply>
              <times/>
              <ci> IRS1 </ci>
              <ci> k2a </ci>
              <ci> IRip </ci>
            </apply>
          </math>
                </kineticLaw>
      </reaction>
      <reaction id="v2b" metaid="_4b04d45e_83fe_4488_b135_0c235d4fec5a" name="v2b" reversible="false">
        <listOfReactants>
          <speciesReference metaid="adc2b013_fbab_4ccf_9685_972cac92b5de" species="IRS1p"/>
        </listOfReactants>
        <listOfProducts>
          <speciesReference metaid="f7677274_3665_4618_8b47_633768e2d3f2" species="IRS1"/>
        </listOfProducts>
        <listOfModifiers>
          <modifierSpeciesReference metaid="_3343d5d7_7fab_4c91_b5c4_baa118a582e6" species="IRS1p"/>
        </listOfModifiers>
        <kineticLaw metaid="b6ddb84e_3a06_487c_b765_1cc61ad32860">
          <math xmlns="http://www.w3.org/1998/Math/MathML">          
            <apply>
              <times/>
              <ci> IRS1p </ci>
              <ci> k2b </ci>
            </apply>
          </math>
                </kineticLaw>
      </reaction>
      <reaction id="v2c" metaid="_716a7f25_0b41_420b_86a7_6a0ffa77eff5" name="v2c" reversible="false">
        <listOfReactants>
          <speciesReference metaid="_11fc62d3_280b_414c_aea5_70fe3680d7b8" species="IRS1p"/>
        </listOfReactants>
        <listOfProducts>
          <speciesReference metaid="f0fd69ed_48e4_4ba9_893e_a6e983a049a3" species="IRS1p307"/>
        </listOfProducts>
        <listOfModifiers>
          <modifierSpeciesReference metaid="f3f33cd8_1636_4c6e_bb13_a5652d0b7715" species="mTORC1a"/>
          <modifierSpeciesReference metaid="_84f7c2c0_12d7_4750_bdcc_a23c23e0613c" species="IRS1p"/>
          <modifierSpeciesReference metaid="a06512c4_26fd_43c9_afc6_9da511a6eaac" species="mTORC1a"/>
        </listOfModifiers>
        <kineticLaw metaid="f6307e60_27ec_4a04_85d1_0ed04b82d60a">
          <math xmlns="http://www.w3.org/1998/Math/MathML">          
            <apply>
              <times/>
              <ci> IRS1p </ci>
              <ci> k2c </ci>
              <ci> mTORC1a </ci>
              <ci> diabetes </ci>
            </apply>
          </math>
                </kineticLaw>
      </reaction>
      <reaction id="v2d" metaid="_5c59cfdf_9f40_4f36_a46b_3c6c506307b3" name="v2d" reversible="false">
        <listOfReactants>
          <speciesReference metaid="b4d9b500_13d2_4a21_adb4_15456b40dfeb" species="IRS1p307"/>
        </listOfReactants>
        <listOfProducts>
          <speciesReference metaid="_4a7fc3b4_4b08_48db_8748_08466ca45c8c" species="IRS1p"/>
        </listOfProducts>
        <listOfModifiers>
          <modifierSpeciesReference metaid="a55326d1_268c_41b0_aa8b_6ce5dfbebc43" species="IRS1p307"/>
        </listOfModifiers>
        <kineticLaw metaid="cda5d55e_747b_4477_b6dd_711f1c4f954d">
          <math xmlns="http://www.w3.org/1998/Math/MathML">          
            <apply>
              <times/>
              <ci> IRS1p307 </ci>
              <ci> k2d </ci>
            </apply>
          </math>
                </kineticLaw>
      </reaction>
      <reaction id="v2f" metaid="_540137b6_33a0_4a7c_9a2a_b54b5bb8365a" name="v2f" reversible="false">
        <listOfReactants>
          <speciesReference metaid="_585670ef_008e_4cae_9a50_ffdf2c99f6b3" species="IRS1p307"/>
        </listOfReactants>
        <listOfProducts>
          <speciesReference metaid="f2d9ef50_1347_4800_8c7b_b4129a114334" species="IRS1307"/>
        </listOfProducts>
        <listOfModifiers>
          <modifierSpeciesReference metaid="_0ab82563_0f74_4495_b2d1_cb8470c4f2b4" species="IRS1p307"/>
        </listOfModifiers>
        <kineticLaw metaid="_33fd7632_0087_458c_b1b0_60b3ba88aba5">
          <math xmlns="http://www.w3.org/1998/Math/MathML">          
            <apply>
              <times/>
              <ci> IRS1p307 </ci>
              <ci> k2f </ci>
            </apply>
          </math>
                </kineticLaw>
      </reaction>
      <reaction id="v2basal" metaid="_9fd1d212_f18c_4b73_84ea_0353a1ace236" name="v2basal" reversible="false">
        <listOfReactants>
          <speciesReference metaid="beb42d69_45a9_4dd9_8228_6d87a1ea7fa1" species="IRS1"/>
        </listOfReactants>
        <listOfProducts>
          <speciesReference metaid="_75804b6a_1b66_4851_99cb_75d4c19605e0" species="IRS1307"/>
        </listOfProducts>
        <listOfModifiers>
          <modifierSpeciesReference metaid="f114d5e9_47b1_4d44_8dc7_10bdb59d9014" species="IRS1"/>
        </listOfModifiers>
        <kineticLaw metaid="a650c443_93f6_4346_bc86_8af6996b2cb4">
          <math xmlns="http://www.w3.org/1998/Math/MathML">          
            <apply>
              <times/>
              <ci> IRS1 </ci>
              <ci> k2basal </ci>
            </apply>
          </math>
                </kineticLaw>
      </reaction>
      <reaction id="v2g" metaid="_8b3b36d7_c648_4c47_908c_e82d4da97002" name="v2g" reversible="false">
        <listOfReactants>
          <speciesReference metaid="c0fade3a_5441_4e81_9c41_97c98fb59afd" species="IRS1307"/>
        </listOfReactants>
        <listOfProducts>
          <speciesReference metaid="_216fa1fa_dc2c_4898_9273_752fac770753" species="IRS1"/>
        </listOfProducts>
        <listOfModifiers>
          <modifierSpeciesReference metaid="_011cef81_0a46_4ec6_a66f_459c736a586e" species="IRS1307"/>
        </listOfModifiers>
        <kineticLaw metaid="_37b39c23_784d_419f_8f18_bfa4f24a67ad">
          <math xmlns="http://www.w3.org/1998/Math/MathML">          
            <apply>
              <times/>
              <ci> IRS1307 </ci>
              <ci> k2g </ci>
            </apply>
          </math>
                </kineticLaw>
      </reaction>
      <reaction id="v3a" metaid="_5d6ea85b_a7bc_4c74_9391_7d255665b253" name="v3a" reversible="false">
        <listOfReactants>
          <speciesReference metaid="fe7f252a_5a11_4a9a_9b8e_88589c5a3fc6" species="X"/>
        </listOfReactants>
        <listOfProducts>
          <speciesReference metaid="_7db03131_7114_49f3_8be4_5c13566d6f88" species="Xp"/>
        </listOfProducts>
        <listOfModifiers>
          <modifierSpeciesReference metaid="fd082716_3628_4425_8aa8_57136a37abea" species="IRS1p"/>
          <modifierSpeciesReference metaid="a19acea6_40df_409f_9699_210a525d8822" species="X"/>
          <modifierSpeciesReference metaid="_150317b9_e83a_4f16_bc56_ad480db10b1c" species="IRS1p"/>
        </listOfModifiers>
        <kineticLaw metaid="_71ebc7f6_e787_4c41_a027_e8570d6f90d0">
          <math xmlns="http://www.w3.org/1998/Math/MathML">          
            <apply>
              <times/>
              <ci> X </ci>
              <ci> k3a </ci>
              <ci> IRS1p </ci>
            </apply>
          </math>
                </kineticLaw>
      </reaction>
      <reaction id="v3b" metaid="a39b362f_7379_4a7d_ab1b_6a7419beeaa7" name="v3b" reversible="false">
        <listOfReactants>
          <speciesReference metaid="_40e0089b_b47c_4ff4_a793_90379c6eabac" species="Xp"/>
        </listOfReactants>
        <listOfProducts>
          <speciesReference metaid="c2b16012_5671_4bf2_9441_f511ff945819" species="X"/>
        </listOfProducts>
        <listOfModifiers>
          <modifierSpeciesReference metaid="_21d4b343_e65b_42d3_a770_94a70c0bcc79" species="Xp"/>
        </listOfModifiers>
        <kineticLaw metaid="_8fd044a4_c75b_40fd_91a4_026960d6932b">
          <math xmlns="http://www.w3.org/1998/Math/MathML">          
            <apply>
              <times/>
              <ci> Xp </ci>
              <ci> k3b </ci>
            </apply>
          </math>
                </kineticLaw>
      </reaction>
      <reaction id="v5a" metaid="_04b7594c_593b_4bfc_8f57_748410614157" name="v5a" reversible="false">
        <listOfReactants>
          <speciesReference metaid="_876ee5bb_143a_4dac_a561_c15f5c062607" species="mTORC1"/>
        </listOfReactants>
        <listOfProducts>
          <speciesReference metaid="_836e69cb_791c_4e39_80d0_a4f848e81035" species="mTORC1a"/>
        </listOfProducts>
        <listOfModifiers>
          <modifierSpeciesReference metaid="b3c7d63a_37b3_4277_9a8b_c1268e231e75" species="PKB308p"/>
          <modifierSpeciesReference metaid="a675594d_00f0_4075_a5ce_613955949ce9" species="PKB308p473p"/>
          <modifierSpeciesReference metaid="efda2957_b961_4720_9748_16b70dad384c" species="mTORC1"/>
          <modifierSpeciesReference metaid="_844c8e89_b57b_41a3_8482_30d1fae9d930" species="PKB308p473p"/>
          <modifierSpeciesReference metaid="_401bb911_e810_41d3_a8e4_c823e20c613a" species="PKB308p"/>
        </listOfModifiers>
        <kineticLaw metaid="e8d74596_6584_461b_a58d_f337d82c72d0">
          <math xmlns="http://www.w3.org/1998/Math/MathML">          
            <apply>
              <times/>
              <ci> mTORC1 </ci>
              <apply>
                <plus/>
                <apply>
                  <times/>
                  <ci> k5a1 </ci>
                  <ci> PKB308p473p </ci>
                </apply>
                <apply>
                  <times/>
                  <ci> k5a2 </ci>
                  <ci> PKB308p </ci>
                </apply>
              </apply>
            </apply>
          </math>
                </kineticLaw>
      </reaction>
      <reaction id="v5b" metaid="_20474ec5_da4f_48f7_ae8b_5ce011e97eb4" name="v5b" reversible="false">
        <listOfReactants>
          <speciesReference metaid="_06088705_f9cb_4a70_a9b1_4cc265ec654f" species="mTORC1a"/>
        </listOfReactants>
        <listOfProducts>
          <speciesReference metaid="_8b363b8e_56ba_475b_8da6_a210e4c327df" species="mTORC1"/>
        </listOfProducts>
        <listOfModifiers>
          <modifierSpeciesReference metaid="_21aa0016_aa99_41fa_a82c_7174e2d27f42" species="mTORC1a"/>
        </listOfModifiers>
        <kineticLaw metaid="_50fe4535_440a_40a2_b2c5_f93b1edb787e">
          <math xmlns="http://www.w3.org/1998/Math/MathML">          
            <apply>
              <times/>
              <ci> mTORC1a </ci>
              <ci> k5b </ci>
            </apply>
          </math>
                </kineticLaw>
      </reaction>
      <reaction id="v5c" metaid="_63a32214_8c1b_42ca_b2b2_44592c11e284" name="v5c" reversible="false">
        <listOfReactants>
          <speciesReference metaid="_13a2f168_930c_448f_a6f0_d196f7f7c4d6" species="mTORC2"/>
        </listOfReactants>
        <listOfProducts>
          <speciesReference metaid="_1370c53f_1f7d_40cb_8bd5_33f24f0a38b7" species="mTORC2a"/>
        </listOfProducts>
        <listOfModifiers>
          <modifierSpeciesReference metaid="_47d33eea_fa13_40ca_8238_d4e100d1d2c7" species="IRip"/>
          <modifierSpeciesReference metaid="_5a59d2a2_0c3d_4ec5_a08d_890d97914eb1" species="mTORC2"/>
          <modifierSpeciesReference metaid="a0ccd118_4a9b_45ce_8667_4c6413ba1e75" species="IRip"/>
        </listOfModifiers>
        <kineticLaw metaid="b075e073_1bb5_4b66_837e_db37cb6a295e">
          <math xmlns="http://www.w3.org/1998/Math/MathML">          
            <apply>
              <times/>
              <ci> mTORC2 </ci>
              <ci> k5c </ci>
              <ci> IRip </ci>
            </apply>
          </math>
                </kineticLaw>
      </reaction>
      <reaction id="v5d" metaid="_7d3d506e_a5ab_4408_ab60_7c64f175b9cc" name="v5d" reversible="false">
        <listOfReactants>
          <speciesReference metaid="_8a2e1518_6c65_46ce_899f_c60e63d6d0db" species="mTORC2a"/>
        </listOfReactants>
        <listOfProducts>
          <speciesReference metaid="aaf68cf8_24f7_48b4_8dcf_2e55cfd90a03" species="mTORC2"/>
        </listOfProducts>
        <listOfModifiers>
          <modifierSpeciesReference metaid="_2adbf19c_4913_4339_ba1d_d531d01272db" species="mTORC2a"/>
        </listOfModifiers>
        <kineticLaw metaid="fe3da861_f650_4800_876a_01b745fc84ae">
          <math xmlns="http://www.w3.org/1998/Math/MathML">          
            <apply>
              <times/>
              <ci> k5d </ci>
              <ci> mTORC2a </ci>
            </apply>
          </math>
                </kineticLaw>
      </reaction>
      <reaction id="v4a" metaid="_08d40d28_bfe1_4d09_8278_3dbd18a2d968" name="v4a" reversible="false">
        <listOfReactants>
          <speciesReference metaid="_12ce0420_a19e_4f18_8ba6_298a19b69a65" species="PKB"/>
        </listOfReactants>
        <listOfProducts>
          <speciesReference metaid="_1d7d5efd_9a98_4fbc_8de2_820e22d69b37" species="PKB308p"/>
        </listOfProducts>
        <listOfModifiers>
          <modifierSpeciesReference metaid="_4ad10501_e8d8_4a9f_883f_63afd820e266" species="IRS1p"/>
          <modifierSpeciesReference metaid="b8b4b9fd_0e1d_44f5_86c2_6e884d49131a" species="PKB"/>
          <modifierSpeciesReference metaid="_23d84b78_a2e1_4b2f_b40a_f1a68bcfaf31" species="IRS1p"/>
        </listOfModifiers>
        <kineticLaw metaid="_98c693f8_6cdf_41fa_be26_ba3a478524cb">
          <math xmlns="http://www.w3.org/1998/Math/MathML">          
            <apply>
              <times/>
              <ci> k4a </ci>
              <ci> PKB </ci>
              <ci> IRS1p </ci>
            </apply>
          </math>
                </kineticLaw>
      </reaction>
      <reaction id="v4b" metaid="ff1b2daf_6960_4e57_b2f6_c66cd625ad46" name="v4b" reversible="false">
        <listOfReactants>
          <speciesReference metaid="a4325818_07d7_4b92_9b86_564325da0741" species="PKB308p"/>
        </listOfReactants>
        <listOfProducts>
          <speciesReference metaid="_0e5fa3b6_ced3_4ce4_8e4d_e0291ac84637" species="PKB"/>
        </listOfProducts>
        <listOfModifiers>
          <modifierSpeciesReference metaid="_2cabaf54_b2ef_4137_86c5_a3736114b60f" species="PKB308p"/>
        </listOfModifiers>
        <kineticLaw metaid="f30f3e73_9965_4011_8ac5_431a2307cd7a">
          <math xmlns="http://www.w3.org/1998/Math/MathML">          
            <apply>
              <times/>
              <ci> k4b </ci>
              <ci> PKB308p </ci>
            </apply>
          </math>
                </kineticLaw>
      </reaction>
      <reaction id="v4c" metaid="edce5a34_b41d_4402_a625_13d5ef1e28e3" name="v4c" reversible="false">
        <listOfReactants>
          <speciesReference metaid="adfe7c04_0e2b_445d_8fed_72d5f6075287" species="PKB308p"/>
        </listOfReactants>
        <listOfProducts>
          <speciesReference metaid="_1d296e7e_5a56_4ab2_9ff4_99e16df53def" species="PKB308p473p"/>
        </listOfProducts>
        <listOfModifiers>
          <modifierSpeciesReference metaid="_0f871250_e2bf_46db_989f_eb835bcd0e20" species="mTORC2a"/>
          <modifierSpeciesReference metaid="_08acb6fd_df6c_4e2b_9318_261461b81976" species="PKB308p"/>
          <modifierSpeciesReference metaid="_0bb89b76_8c63_4bb2_9333_74572a4dd69f" species="mTORC2a"/>
        </listOfModifiers>
        <kineticLaw metaid="_37377f1d_a35e_4b7f_a356_6986f7438821">
          <math xmlns="http://www.w3.org/1998/Math/MathML">          
            <apply>
              <times/>
              <ci> k4c </ci>
              <ci> PKB308p </ci>
              <ci> mTORC2a </ci>
            </apply>
          </math>
                </kineticLaw>
      </reaction>
      <reaction id="v4e" metaid="_87c5396d_c089_482f_ace4_187a96c62d30" name="v4e" reversible="false">
        <listOfReactants>
          <speciesReference metaid="_15617e7e_df85_4e11_8146_fb4abdb5607d" species="PKB473p"/>
        </listOfReactants>
        <listOfProducts>
          <speciesReference metaid="_7b12891c_267f_4813_bca6_e5b084aceee3" species="PKB308p473p"/>
        </listOfProducts>
        <listOfModifiers>
          <modifierSpeciesReference metaid="_07e46949_1f2f_408e_bf77_d9e26bb4362d" species="IRS1p307"/>
          <modifierSpeciesReference metaid="eab80763_9928_4f65_8ec0_d72062061617" species="PKB473p"/>
          <modifierSpeciesReference metaid="_1924128d_834b_4f6d_ad13_67d1fca7fbc6" species="IRS1p307"/>
        </listOfModifiers>
        <kineticLaw metaid="d369ec35_8596_4a73_a39c_c43016c22743">
          <math xmlns="http://www.w3.org/1998/Math/MathML">          
            <apply>
              <times/>
              <ci> k4e </ci>
              <ci> PKB473p </ci>
              <ci> IRS1p307 </ci>
            </apply>
          </math>
                </kineticLaw>
      </reaction>
      <reaction id="v4f" metaid="f08ef2a5_5757_4e75_b011_569ff905fff2" name="v4f" reversible="false">
        <listOfReactants>
          <speciesReference metaid="_14730755_5aca_46c8_8152_eeea4dcf3cd1" species="PKB308p473p"/>
        </listOfReactants>
        <listOfProducts>
          <speciesReference metaid="_22d20577_cf4b_40ab_8abb_0ec6a9b33041" species="PKB473p"/>
        </listOfProducts>
        <listOfModifiers>
          <modifierSpeciesReference metaid="b024a7b6_745f_4361_9a39_d3e427bc8a8a" species="PKB308p473p"/>
        </listOfModifiers>
        <kineticLaw metaid="b59801a0_21b9_42f2_88f3_d681c49a3039">
          <math xmlns="http://www.w3.org/1998/Math/MathML">          
            <apply>
              <times/>
              <ci> k4f </ci>
              <ci> PKB308p473p </ci>
            </apply>
          </math>
                </kineticLaw>
      </reaction>
      <reaction id="v4h" metaid="_9bebb1b4_085d_4d7e_924e_b9c5dc02b54c" name="v4h" reversible="false">
        <listOfReactants>
          <speciesReference metaid="_9b4da00d_3492_4f29_b873_27e967569698" species="PKB473p"/>
        </listOfReactants>
        <listOfProducts>
          <speciesReference metaid="_5330e394_9135_4d5b_b2cf_c5f16c474f1a" species="PKB"/>
        </listOfProducts>
        <listOfModifiers>
          <modifierSpeciesReference metaid="dfdf86b6_cd36_4141_a560_bc7fe5b48213" species="PKB473p"/>
        </listOfModifiers>
        <kineticLaw metaid="_42363f4c_fb23_499f_9fbe_22f0ddbe7afc">
          <math xmlns="http://www.w3.org/1998/Math/MathML">          
            <apply>
              <times/>
              <ci> k4h </ci>
              <ci> PKB473p </ci>
            </apply>
          </math>
                </kineticLaw>
      </reaction>
      <reaction id="v6f1" metaid="_1d26928a_ef8b_4056_b6fc_d29d720d2e2f" name="v6f1" reversible="false">
        <listOfReactants>
          <speciesReference metaid="c2b66e2e_0962_49a1_a38c_e8119b2d5cc3" species="AS160"/>
        </listOfReactants>
        <listOfProducts>
          <speciesReference metaid="_164468fd_94c7_4e28_a997_2957e84d0f13" species="AS160p"/>
        </listOfProducts>
        <listOfModifiers>
          <modifierSpeciesReference metaid="_7ae3db10_2440_45df_9832_72481d0e667d" species="PKB308p473p"/>
          <modifierSpeciesReference metaid="_6783153d_8903_4cf9_8a01_54e2d1c19a34" species="PKB473p"/>
          <modifierSpeciesReference metaid="a902bfff_1c71_46f4_af03_f35b3ad8568f" species="AS160"/>
          <modifierSpeciesReference metaid="_38b256c8_11dd_4e9c_b197_f561f87df9ec" species="PKB308p473p"/>
          <modifierSpeciesReference metaid="b06bcf24_b54d_4550_bc46_022376b9167c" species="PKB473p"/>
        </listOfModifiers>
        <kineticLaw metaid="cbf18c96_c7fa_43dc_9f7e_62b2694bd906">
          <math xmlns="http://www.w3.org/1998/Math/MathML">          
            <apply>
              <times/>
              <ci> AS160 </ci>
              <apply>
                <plus/>
                <apply>
                  <times/>
                  <ci> k6f1 </ci>
                  <ci> PKB308p473p </ci>
                </apply>
                <apply>
                  <divide/>
                  <apply>
                    <times/>
                    <ci> k6f2 </ci>
                    <apply>
                      <power/>
                      <ci> PKB473p </ci>
                      <ci> n6 </ci>
                    </apply>
                  </apply>
                  <apply>
                    <plus/>
                    <apply>
                      <power/>
                      <ci> km6 </ci>
                      <ci> n6 </ci>
                    </apply>
                    <apply>
                      <power/>
                      <ci> PKB473p </ci>
                      <ci> n6 </ci>
                    </apply>
                  </apply>
                </apply>
              </apply>
            </apply>
          </math>
                </kineticLaw>
      </reaction>
      <reaction id="v6b1" metaid="f843a2e5_981e_4c83_9d18_ef5dba5dd908" name="v6b1" reversible="false">
        <listOfReactants>
          <speciesReference metaid="_20d3b82e_6cd5_4663_83bb_6e1e0cbadc72" species="AS160p"/>
        </listOfReactants>
        <listOfProducts>
          <speciesReference metaid="_2ba1fbac_d720_405f_baef_2ae0f68546db" species="AS160"/>
        </listOfProducts>
        <listOfModifiers>
          <modifierSpeciesReference metaid="a34571d6_6a6f_4034_8311_01d8bf8a79e7" species="AS160p"/>
        </listOfModifiers>
        <kineticLaw metaid="_33aa5814_f754_4d12_9436_953883741437">
          <math xmlns="http://www.w3.org/1998/Math/MathML">          
            <apply>
              <times/>
              <ci> AS160p </ci>
              <ci> k6b </ci>
            </apply>
          </math>
                </kineticLaw>
      </reaction>
      <reaction id="v7f" metaid="_51d506d6_afc1_41b8_9692_6badba583b39" name="v7f" reversible="false">
        <listOfReactants>
          <speciesReference metaid="_21e4fd96_ea29_4681_85ac_4062423a4858" species="GLUT4"/>
        </listOfReactants>
        <listOfProducts>
          <speciesReference metaid="_87160677_16a1_4c41_84a1_1667007e0cd2" species="GLUT4m"/>
        </listOfProducts>
        <listOfModifiers>
          <modifierSpeciesReference metaid="_92425388_169e_4765_bc98_5087d687b8a8" species="AS160p"/>
          <modifierSpeciesReference metaid="c40bf7d3_75f0_4585_81b0_c864ff252a57" species="GLUT4"/>
          <modifierSpeciesReference metaid="cfd81610_1185_42b9_ad27_ff79f4a8d0cc" species="AS160p"/>
        </listOfModifiers>
        <kineticLaw metaid="_901908cc_cfbe_4d40_9563_254cf9d0b256">
          <math xmlns="http://www.w3.org/1998/Math/MathML">          
            <apply>
              <times/>
              <ci> GLUT4 </ci>
              <ci> k7f </ci>
              <ci> AS160p </ci>
            </apply>
          </math>
                </kineticLaw>
      </reaction>
      <reaction id="v7b" metaid="_07a0af4b_afb1_41fb_b659_4e6f515ffcef" name="v7b" reversible="false">
        <listOfReactants>
          <speciesReference metaid="_72f626c5_741a_4d23_8478_660085032c78" species="GLUT4m"/>
        </listOfReactants>
        <listOfProducts>
          <speciesReference metaid="_018814fb_2a2d_4075_8dba_20f7601697f9" species="GLUT4"/>
        </listOfProducts>
        <listOfModifiers>
          <modifierSpeciesReference metaid="_6417a862_cd20_4636_b477_2200825c5247" species="GLUT4m"/>
        </listOfModifiers>
        <kineticLaw metaid="_464add96_5b04_4b8c_b619_0c481aa5d22a">
          <math xmlns="http://www.w3.org/1998/Math/MathML">          
            <apply>
              <times/>
              <ci> GLUT4m </ci>
              <ci> k7b </ci>
            </apply>
          </math>
                </kineticLaw>
      </reaction>
      <reaction id="v9f1" metaid="bf89c551_3096_4754_9c38_d846c7b3b36c" name="v9f1" reversible="false">
        <listOfReactants>
          <speciesReference metaid="c44c75a5_5bb7_45e7_b04f_44906bb0b230" species="S6K"/>
        </listOfReactants>
        <listOfProducts>
          <speciesReference metaid="e4bca10f_fdac_45eb_a71e_5373e14a7aee" species="S6Kp"/>
        </listOfProducts>
        <listOfModifiers>
          <modifierSpeciesReference metaid="_5b091997_c8cb_4118_a044_9104e51c8787" species="mTORC1a"/>
          <modifierSpeciesReference metaid="_60408153_deec_4794_b7f8_c5936d0315e6" species="S6K"/>
          <modifierSpeciesReference metaid="a9e3f498_83cc_4764_8a93_703b471542b9" species="mTORC1a"/>
        </listOfModifiers>
        <kineticLaw metaid="_6f6825e2_b43c_43f4_9286_9c8ecc1e2ca2">
          <math xmlns="http://www.w3.org/1998/Math/MathML">          
            <apply>
              <divide/>
              <apply>
                <times/>
                <ci> S6K </ci>
                <ci> k9f1 </ci>
                <apply>
                  <power/>
                  <ci> mTORC1a </ci>
                  <ci> n9 </ci>
                </apply>
              </apply>
              <apply>
                <plus/>
                <apply>
                  <power/>
                  <ci> km9 </ci>
                  <ci> n9 </ci>
                </apply>
                <apply>
                  <power/>
                  <ci> mTORC1a </ci>
                  <ci> n9 </ci>
                </apply>
              </apply>
            </apply>
          </math>
                </kineticLaw>
      </reaction>
      <reaction id="v9b1" metaid="_6bb09aa8_9bb4_433a_afcc_13136603a1b1" name="v9b1" reversible="false">
        <listOfReactants>
          <speciesReference metaid="_214623ae_c45d_4425_9af9_41d6b478d38f" species="S6Kp"/>
        </listOfReactants>
        <listOfProducts>
          <speciesReference metaid="_43019160_3ca8_45ad_83c7_c1df78ced8e5" species="S6K"/>
        </listOfProducts>
        <listOfModifiers>
          <modifierSpeciesReference metaid="_542ec305_0bbe_4050_ab6b_7933200598a7" species="S6Kp"/>
        </listOfModifiers>
        <kineticLaw metaid="_44d5b2a5_2823_44d7_a329_1408d2ca6d35">
          <math xmlns="http://www.w3.org/1998/Math/MathML">          
            <apply>
              <times/>
              <ci> S6Kp </ci>
              <ci> k9b1 </ci>
            </apply>
          </math>
                </kineticLaw>
      </reaction>
      <reaction id="v9f2" metaid="_2cd1c892_e5b8_44c4_90aa_3894cc516d59" name="v9f2" reversible="false">
        <listOfReactants>
          <speciesReference metaid="_24e9031c_3c3c_46d0_af38_61aa0060d559" species="S6"/>
        </listOfReactants>
        <listOfProducts>
          <speciesReference metaid="b150af0f_036b_434a_b356_5488a511b726" species="S6p"/>
        </listOfProducts>
        <listOfModifiers>
          <modifierSpeciesReference metaid="_79cdf7f7_2380_4295_a0f0_6ba70bd6dabd" species="S6Kp"/>
          <modifierSpeciesReference metaid="_1c70ea3f_06d5_4828_8f9a_76f1700b6dfc" species="S6"/>
          <modifierSpeciesReference metaid="_88f71f41_ea84_480c_a7e7_86962bb990c7" species="S6Kp"/>
        </listOfModifiers>
        <kineticLaw metaid="e6404c07_f231_4012_8664_75275da62fb7">
          <math xmlns="http://www.w3.org/1998/Math/MathML">          
            <apply>
              <times/>
              <ci> S6 </ci>
              <ci> k9f2 </ci>
              <ci> S6Kp </ci>
            </apply>
          </math>
                </kineticLaw>
      </reaction>
      <reaction id="v9b2" metaid="_6cc285cd_46e4_43fe_8459_bc39a508c3ee" name="v9b2" reversible="false">
        <listOfReactants>
          <speciesReference metaid="_8364bc90_b3a7_4495_a64a_830b5dd73858" species="S6p"/>
        </listOfReactants>
        <listOfProducts>
          <speciesReference metaid="c76d9b4c_4df7_4c51_94e7_705476535691" species="S6"/>
        </listOfProducts>
        <listOfModifiers>
          <modifierSpeciesReference metaid="e19282e4_3753_403a_8cb7_89b5a3b267a8" species="S6p"/>
        </listOfModifiers>
        <kineticLaw metaid="_68a98b96_18eb_4738_b58e_ae6f691ae264">
          <math xmlns="http://www.w3.org/1998/Math/MathML">          
            <apply>
              <times/>
              <ci> S6p </ci>
              <ci> k9b2 </ci>
            </apply>
          </math>
                </kineticLaw>
      </reaction>
    </listOfReactions>
  </model>
</sbml>