<?xml version='1.0' encoding='UTF-8' standalone='no'?>
<sbml xmlns="http://www.sbml.org/sbml/level2/version3" level="2" metaid="metaid_0000001" version="3">
  <model id="Wolf2000_Glycolytic_Oscillations" metaid="metaid_0000002" name="Wolf2000_Glycolytic_Oscillations">
    <notes>
      <body xmlns="http://www.w3.org/1999/xhtml">
        <p>Model reproduces the dynamics of ATP and NADH as depicted in Fig 4 of the paper.  Model successfully tested on Jarnac and MathSBML.</p>
        <br/>
        <p>To the extent possible under law, all copyright and related or neighbouring rights to this encoded model have been dedicated to the public domain worldwide. Please refer to      <a href="http://creativecommons.org/publicdomain/zero/1.0/" title="Creative Commons CC0">CC0 Public Domain Dedication</a>
          for more information.      </p>
      <p>In summary, you are entitled to use this encoded model in absolutely any manner you deem suitable, verbatim, or with modification, alone or embedded it in a larger context, redistribute it, commercially or not, in a restricted way or not.</p>
      <br/>
      <p>To cite BioModels Database, please use:      <a href="http://www.ncbi.nlm.nih.gov/pubmed/20587024" target="_blank">Li C, Donizelli M, Rodriguez N, Dharuri H, Endler L, Chelliah V, Li L, He E, Henry A, Stefan MI, Snoep JL, Hucka M, Le Novère N, Laibe C (2010) BioModels Database: An enhanced, curated and annotated resource for published quantitative kinetic models. BMC Syst Biol., 4:92.</a>
  </p>
</body>
</notes>
    <annotation>
  <rdf:RDF xmlns:rdf="http://www.w3.org/1999/02/22-rdf-syntax-ns#" xmlns:bqmodel="http://biomodels.net/model-qualifiers/" xmlns:vCard="http://www.w3.org/2001/vcard-rdf/3.0#" xmlns:dc="http://purl.org/dc/elements/1.1/" xmlns:dcterms="http://purl.org/dc/terms/" xmlns:bqbiol="http://biomodels.net/biology-qualifiers/">
        <rdf:Description rdf:about="#metaid_0000002">
	<dc:creator>
	<rdf:Bag>
	<rdf:li rdf:parseType="Resource">
	<vCard:N rdf:parseType="Resource">
	<vCard:Family>Dharuri</vCard:Family>
	<vCard:Given>Harish</vCard:Given>
	</vCard:N>
	<vCard:EMAIL>hdharuri@cds.caltech.edu</vCard:EMAIL>
	<vCard:ORG rdf:parseType="Resource">
	<vCard:Orgname>California Institute of Technology</vCard:Orgname>
	</vCard:ORG>
	</rdf:li>
	</rdf:Bag>
	</dc:creator>
	<dcterms:created rdf:parseType="Resource">
	<dcterms:W3CDTF>2008-10-06T20:39:38Z</dcterms:W3CDTF>
	</dcterms:created>
	<dcterms:modified rdf:parseType="Resource">
	<dcterms:W3CDTF>2012-07-05T14:48:43Z</dcterms:W3CDTF>
	</dcterms:modified>
	<bqmodel:is>
	<rdf:Bag>
	<rdf:li rdf:resource="http://identifiers.org/biomodels.db/MODEL3352181362"/>
	</rdf:Bag>
	</bqmodel:is>
	<bqmodel:is>
	<rdf:Bag>
	<rdf:li rdf:resource="http://identifiers.org/biomodels.db/BIOMD0000000206"/>
	</rdf:Bag>
	</bqmodel:is>
	<bqmodel:isDescribedBy>
	<rdf:Bag>
	<rdf:li rdf:resource="http://identifiers.org/pubmed/10692304"/>
	</rdf:Bag>
	</bqmodel:isDescribedBy>
	<bqbiol:hasTaxon>
	<rdf:Bag>
	<rdf:li rdf:resource="http://identifiers.org/taxonomy/4932"/>
	</rdf:Bag>
	</bqbiol:hasTaxon>
	<bqbiol:isVersionOf>
	<rdf:Bag>
	<rdf:li rdf:resource="http://identifiers.org/go/GO:0006096"/>
	</rdf:Bag>
	</bqbiol:isVersionOf>
	<bqbiol:is>
	<rdf:Bag>
	<rdf:li rdf:resource="http://identifiers.org/kegg.pathway/sce00010"/>
	</rdf:Bag>
	</bqbiol:is>
	</rdf:Description>
	
  </rdf:RDF>
</annotation>
      <listOfUnitDefinitions>
      <unitDefinition id="substance" metaid="metaid_0000044" name="milli mole">
        <listOfUnits>
          <unit kind="mole" metaid="_114025" scale="-3"/>
        </listOfUnits>
      </unitDefinition>
      <unitDefinition id="time" metaid="metaid_0000045" name="min">
        <listOfUnits>
          <unit kind="second" metaid="_114037" multiplier="60"/>
        </listOfUnits>
      </unitDefinition>
      <unitDefinition id="mM" metaid="metaid_0000046" name="mM">
        <listOfUnits>
          <unit kind="mole" metaid="_114049" scale="-3"/>
          <unit exponent="-1" kind="litre" metaid="_114061"/>
        </listOfUnits>
      </unitDefinition>
      <unitDefinition id="mM_min_1" metaid="metaid_0000047" name="mM_min_1">
        <listOfUnits>
          <unit kind="mole" metaid="_114073" scale="-3"/>
          <unit exponent="-1" kind="litre" metaid="_114085"/>
          <unit exponent="-1" kind="second" metaid="_114097" multiplier="60"/>
        </listOfUnits>
      </unitDefinition>
      <unitDefinition id="min_1" metaid="metaid_0000048" name="min_1">
        <listOfUnits>
          <unit exponent="-1" kind="second" metaid="_114109" multiplier="60"/>
        </listOfUnits>
      </unitDefinition>
      <unitDefinition id="mM_1_min_1" metaid="metaid_0000049" name="mM_1_min_1">
        <listOfUnits>
          <unit exponent="-1" kind="mole" metaid="_114121" scale="-3"/>
          <unit kind="litre" metaid="_114133"/>
          <unit exponent="-1" kind="second" metaid="_114145" multiplier="60"/>
        </listOfUnits>
      </unitDefinition>
    </listOfUnitDefinitions>
    <listOfCompartments>
      <compartment id="compartment" metaid="metaid_0000021" name="compartment" size="1"/>
    </listOfCompartments>
    <listOfSpecies>
      <species compartment="compartment" id="s1" initialConcentration="1" metaid="metaid_0000022" name="Glucose">
        <annotation>
      <rdf:RDF xmlns:rdf="http://www.w3.org/1999/02/22-rdf-syntax-ns#" xmlns:bqmodel="http://biomodels.net/model-qualifiers/" xmlns:bqbiol="http://biomodels.net/biology-qualifiers/">
            <rdf:Description rdf:about="#metaid_0000022">
	<bqbiol:is>
	<rdf:Bag>
	<rdf:li rdf:resource="http://identifiers.org/chebi/CHEBI:17234"/>
	<rdf:li rdf:resource="http://identifiers.org/kegg.compound/C00293"/>
	</rdf:Bag>
	</bqbiol:is>
	</rdf:Description>
	
      </rdf:RDF>
    </annotation>
            </species>
      <species compartment="compartment" id="at" initialConcentration="2" metaid="metaid_0000023" name="ATP">
        <annotation>
      <rdf:RDF xmlns:rdf="http://www.w3.org/1999/02/22-rdf-syntax-ns#" xmlns:bqmodel="http://biomodels.net/model-qualifiers/" xmlns:bqbiol="http://biomodels.net/biology-qualifiers/">
            <rdf:Description rdf:about="#metaid_0000023">
	<bqbiol:is>
	<rdf:Bag>
	<rdf:li rdf:resource="http://identifiers.org/chebi/CHEBI:15422"/>
	<rdf:li rdf:resource="http://identifiers.org/kegg.compound/C00002"/>
	</rdf:Bag>
	</bqbiol:is>
	</rdf:Description>
	
      </rdf:RDF>
    </annotation>
            </species>
      <species compartment="compartment" id="s2" initialConcentration="5" metaid="metaid_0000024" name="F16P">
        <annotation>
      <rdf:RDF xmlns:rdf="http://www.w3.org/1999/02/22-rdf-syntax-ns#" xmlns:bqmodel="http://biomodels.net/model-qualifiers/" xmlns:bqbiol="http://biomodels.net/biology-qualifiers/">
            <rdf:Description rdf:about="#metaid_0000024">
	<bqbiol:is>
	<rdf:Bag>
	<rdf:li rdf:resource="http://identifiers.org/chebi/CHEBI:16905"/>
	<rdf:li rdf:resource="http://identifiers.org/kegg.compound/C05378"/>
	</rdf:Bag>
	</bqbiol:is>
	</rdf:Description>
	
      </rdf:RDF>
    </annotation>
            </species>
      <species compartment="compartment" id="s3" initialConcentration="0.6" metaid="metaid_0000025" name="Triose_Gly3Phos_DHAP">
        <annotation>
      <rdf:RDF xmlns:rdf="http://www.w3.org/1999/02/22-rdf-syntax-ns#" xmlns:bqmodel="http://biomodels.net/model-qualifiers/" xmlns:bqbiol="http://biomodels.net/biology-qualifiers/">
            <rdf:Description rdf:about="#metaid_0000025">
	<bqbiol:hasPart>
	<rdf:Bag>
	<rdf:li rdf:resource="http://identifiers.org/chebi/CHEBI:16108"/>
	<rdf:li rdf:resource="http://identifiers.org/chebi/CHEBI:29052"/>
	<rdf:li rdf:resource="http://identifiers.org/kegg.compound/C00111"/>
	<rdf:li rdf:resource="http://identifiers.org/kegg.compound/C00118"/>
	</rdf:Bag>
	</bqbiol:hasPart>
	</rdf:Description>
	
      </rdf:RDF>
    </annotation>
            </species>
      <species compartment="compartment" id="na" initialConcentration="0.6" metaid="metaid_0000026" name="NAD">
        <annotation>
      <rdf:RDF xmlns:rdf="http://www.w3.org/1999/02/22-rdf-syntax-ns#" xmlns:bqmodel="http://biomodels.net/model-qualifiers/" xmlns:bqbiol="http://biomodels.net/biology-qualifiers/">
            <rdf:Description rdf:about="#metaid_0000026">
	<bqbiol:is>
	<rdf:Bag>
	<rdf:li rdf:resource="http://identifiers.org/chebi/CHEBI:15846"/>
	<rdf:li rdf:resource="http://identifiers.org/kegg.compound/C00003"/>
	</rdf:Bag>
	</bqbiol:is>
	</rdf:Description>
	
      </rdf:RDF>
    </annotation>
            </species>
      <species compartment="compartment" id="s4" initialConcentration="0.7" metaid="metaid_0000027" name="3PG">
        <annotation>
      <rdf:RDF xmlns:rdf="http://www.w3.org/1999/02/22-rdf-syntax-ns#" xmlns:bqmodel="http://biomodels.net/model-qualifiers/" xmlns:bqbiol="http://biomodels.net/biology-qualifiers/">
            <rdf:Description rdf:about="#metaid_0000027">
	<bqbiol:is>
	<rdf:Bag>
	<rdf:li rdf:resource="http://identifiers.org/chebi/CHEBI:17794"/>
	<rdf:li rdf:resource="http://identifiers.org/kegg.compound/C00197"/>
	</rdf:Bag>
	</bqbiol:is>
	</rdf:Description>
	
      </rdf:RDF>
    </annotation>
            </species>
      <species compartment="compartment" id="s5" initialConcentration="8" metaid="metaid_0000028" name="Pyruvate">
        <annotation>
      <rdf:RDF xmlns:rdf="http://www.w3.org/1999/02/22-rdf-syntax-ns#" xmlns:dc="http://purl.org/dc/elements/1.1/" xmlns:dcterms="http://purl.org/dc/terms/" xmlns:vCard="http://www.w3.org/2001/vcard-rdf/3.0#" xmlns:bqbiol="http://biomodels.net/biology-qualifiers/" xmlns:bqmodel="http://biomodels.net/model-qualifiers/">
            <rdf:Description rdf:about="#metaid_0000028">
              <bqbiol:is>
	<rdf:Bag>
	<rdf:li rdf:resource="http://identifiers.org/kegg.compound/C00022"/>
	<rdf:li rdf:resource="http://identifiers.org/chebi/CHEBI:32816"/>
	</rdf:Bag>
	</bqbiol:is>
	
	<bqbiol:is>
	<rdf:Bag>
	<rdf:li rdf:resource="http://identifiers.org/chebi/CHEBI:15361"/>
	</rdf:Bag>
	</bqbiol:is>
	</rdf:Description>
	
      </rdf:RDF>
    </annotation>
            </species>
      <species compartment="compartment" id="s6" initialConcentration="0.08" metaid="metaid_0000029" name="Acetaldehyde">
        <annotation>
      <rdf:RDF xmlns:rdf="http://www.w3.org/1999/02/22-rdf-syntax-ns#" xmlns:bqmodel="http://biomodels.net/model-qualifiers/" xmlns:bqbiol="http://biomodels.net/biology-qualifiers/">
            <rdf:Description rdf:about="#metaid_0000029">
	<bqbiol:is>
	<rdf:Bag>
	<rdf:li rdf:resource="http://identifiers.org/chebi/CHEBI:15343"/>
	<rdf:li rdf:resource="http://identifiers.org/kegg.compound/C00084"/>
	</rdf:Bag>
	</bqbiol:is>
	</rdf:Description>
	
      </rdf:RDF>
    </annotation>
            </species>
      <species compartment="compartment" id="s6o" initialConcentration="0.02" metaid="metaid_0000031" name="extracellular acetaldehyde">
        <annotation>
      <rdf:RDF xmlns:rdf="http://www.w3.org/1999/02/22-rdf-syntax-ns#" xmlns:bqmodel="http://biomodels.net/model-qualifiers/" xmlns:bqbiol="http://biomodels.net/biology-qualifiers/">
            <rdf:Description rdf:about="#metaid_0000031">
	<bqbiol:is>
	<rdf:Bag>
	<rdf:li rdf:resource="http://identifiers.org/chebi/CHEBI:15343"/>
	<rdf:li rdf:resource="http://identifiers.org/kegg.compound/C00084"/>
	</rdf:Bag>
	</bqbiol:is>
	</rdf:Description>
	
      </rdf:RDF>
    </annotation>
            </species>
    </listOfSpecies>
    <listOfParameters>
      <parameter id="k0" metaid="metaid_0000003" name="k0" units="mM_min_1" value="50"/>
      <parameter id="k1" metaid="metaid_0000004" name="k1" units="mM_1_min_1" value="550"/>
      <parameter id="k2" metaid="metaid_0000005" name="k2" units="min_1" value="9.8"/>
      <parameter id="k31" metaid="metaid_0000006" name="k31" units="mM_1_min_1" value="323.8"/>
      <parameter id="k33" metaid="metaid_0000007" name="k33" units="mM_1_min_1" value="5.78231E4"/>
      <parameter id="k32" metaid="metaid_0000008" name="k32" units="mM_1_min_1" value="7.64111E4"/>
      <parameter id="k34" metaid="metaid_0000009" name="k34" units="mM_1_min_1" value="23.7"/>
      <parameter id="k4" metaid="metaid_0000010" name="k4" units="mM_1_min_1" value="80"/>
      <parameter id="k5" metaid="metaid_0000011" name="k5" units="min_1" value="9.7"/>
      <parameter id="k6" metaid="metaid_0000012" name="k6" units="mM_1_min_1" value="2000"/>
      <parameter id="k7" metaid="metaid_0000013" name="k7" units="min_1" value="28"/>
      <parameter id="k8" metaid="metaid_0000014" name="k8" units="mM_1_min_1" value="85.7"/>
      <parameter id="k9" metaid="metaid_0000015" name="k9" units="min_1" value="80"/>
      <parameter id="k10" metaid="metaid_0000016" name="k10" units="min_1" value="375"/>
      <parameter id="atot" metaid="metaid_0000017" name="atot" units="mM" value="4"/>
      <parameter id="ntot" metaid="metaid_0000018" name="ntot" units="mM" value="1"/>
      <parameter id="n" metaid="metaid_0000019" name="n" units="dimensionless" value="4"/>
      <parameter id="ki" metaid="metaid_0000020" name="ki" units="mM" value="1"/>
    </listOfParameters>
    <listOfReactions>
      <reaction id="v1" metaid="metaid_0000033" name="v1">
        <annotation>
      <rdf:RDF xmlns:rdf="http://www.w3.org/1999/02/22-rdf-syntax-ns#" xmlns:bqmodel="http://biomodels.net/model-qualifiers/" xmlns:bqbiol="http://biomodels.net/biology-qualifiers/">
            <rdf:Description rdf:about="#metaid_0000033">
              <bqbiol:hasPart>
	<rdf:Bag>
	<rdf:li rdf:resource="http://identifiers.org/kegg.reaction/R00756"/>
	<rdf:li rdf:resource="http://identifiers.org/kegg.reaction/R00299"/>
	</rdf:Bag>
	</bqbiol:hasPart>
	
	<bqbiol:hasPart>
	<rdf:Bag>
	<rdf:li rdf:resource="http://identifiers.org/ec-code/2.7.1.11"/>
	<rdf:li rdf:resource="http://identifiers.org/ec-code/5.3.1.9"/>
	</rdf:Bag>
	</bqbiol:hasPart>
	</rdf:Description>
	
      </rdf:RDF>
    </annotation>
              <listOfReactants>
          <speciesReference metaid="_114158" species="s1"/>
          <speciesReference metaid="_114170" species="at" stoichiometry="2"/>
        </listOfReactants>
        <listOfProducts>
          <speciesReference metaid="_114182" species="s2"/>
        </listOfProducts>
        <kineticLaw metaid="_114194">
          <math xmlns="http://www.w3.org/1998/Math/MathML">          
            <apply>
              <divide/>
              <apply>
                <times/>
                <ci> compartment </ci>
                <ci> k1 </ci>
                <ci> s1 </ci>
                <ci> at </ci>
              </apply>
              <apply>
                <plus/>
                <cn type="integer"> 1 </cn>
                <apply>
                  <power/>
                  <apply>
                    <divide/>
                    <ci> at </ci>
                    <ci> ki </ci>
                  </apply>
                  <ci> n </ci>
                </apply>
              </apply>
            </apply>
          </math>
                </kineticLaw>
      </reaction>
      <reaction id="v2" metaid="metaid_0000034" name="v2">
        <annotation>
      <rdf:RDF xmlns:rdf="http://www.w3.org/1999/02/22-rdf-syntax-ns#" xmlns:bqmodel="http://biomodels.net/model-qualifiers/" xmlns:bqbiol="http://biomodels.net/biology-qualifiers/">
            <rdf:Description rdf:about="#metaid_0000034">
	<bqbiol:is>
	<rdf:Bag>
	<rdf:li rdf:resource="http://identifiers.org/ec-code/4.1.2.13"/>
	<rdf:li rdf:resource="http://identifiers.org/kegg.reaction/R01070"/>
	</rdf:Bag>
	</bqbiol:is>
	</rdf:Description>
	
      </rdf:RDF>
    </annotation>
              <listOfReactants>
          <speciesReference metaid="_114206" species="s2"/>
        </listOfReactants>
        <listOfProducts>
          <speciesReference metaid="_114218" species="s3" stoichiometry="2"/>
        </listOfProducts>
        <kineticLaw metaid="_114230">
          <math xmlns="http://www.w3.org/1998/Math/MathML">          
            <apply>
              <times/>
              <ci> compartment </ci>
              <ci> k2 </ci>
              <ci> s2 </ci>
            </apply>
          </math>
                </kineticLaw>
      </reaction>
      <reaction id="v3" metaid="metaid_0000035" name="v3">
        <annotation>
      <rdf:RDF xmlns:rdf="http://www.w3.org/1999/02/22-rdf-syntax-ns#" xmlns:bqmodel="http://biomodels.net/model-qualifiers/" xmlns:bqbiol="http://biomodels.net/biology-qualifiers/">
            <rdf:Description rdf:about="#metaid_0000035">
	<bqbiol:hasPart>
	<rdf:Bag>
	<rdf:li rdf:resource="http://identifiers.org/ec-code/2.7.2.3"/>
	<rdf:li rdf:resource="http://identifiers.org/ec-code/1.2.1.12"/>
	</rdf:Bag>
	</bqbiol:hasPart>
	</rdf:Description>
	
      </rdf:RDF>
    </annotation>
              <listOfReactants>
          <speciesReference metaid="_114242" species="s3"/>
          <speciesReference metaid="_114254" species="na"/>
        </listOfReactants>
        <listOfProducts>
          <speciesReference metaid="_114266" species="s4"/>
          <speciesReference metaid="_114278" species="at"/>
        </listOfProducts>
        <kineticLaw metaid="_114290">
          <math xmlns="http://www.w3.org/1998/Math/MathML">          
            <apply>
              <times/>
              <ci> compartment </ci>
              <apply>
                <divide/>
                <apply>
                  <minus/>
                  <apply>
                    <times/>
                    <ci> k31 </ci>
                    <ci> k32 </ci>
                    <ci> s3 </ci>
                    <ci> na </ci>
                    <apply>
                      <minus/>
                      <ci> atot </ci>
                      <ci> at </ci>
                    </apply>
                  </apply>
                  <apply>
                    <times/>
                    <ci> k33 </ci>
                    <ci> k34 </ci>
                    <ci> s4 </ci>
                    <ci> at </ci>
                    <apply>
                      <minus/>
                      <ci> ntot </ci>
                      <ci> na </ci>
                    </apply>
                  </apply>
                </apply>
                <apply>
                  <plus/>
                  <apply>
                    <times/>
                    <ci> k33 </ci>
                    <apply>
                      <minus/>
                      <ci> ntot </ci>
                      <ci> na </ci>
                    </apply>
                  </apply>
                  <apply>
                    <times/>
                    <ci> k32 </ci>
                    <apply>
                      <minus/>
                      <ci> atot </ci>
                      <ci> at </ci>
                    </apply>
                  </apply>
                </apply>
              </apply>
            </apply>
          </math>
                </kineticLaw>
      </reaction>
      <reaction id="v4" metaid="metaid_0000036" name="v4">
        <annotation>
      <rdf:RDF xmlns:rdf="http://www.w3.org/1999/02/22-rdf-syntax-ns#" xmlns:bqmodel="http://biomodels.net/model-qualifiers/" xmlns:bqbiol="http://biomodels.net/biology-qualifiers/">
            <rdf:Description rdf:about="#metaid_0000036">
              <bqbiol:hasPart>
	<rdf:Bag>
	<rdf:li rdf:resource="http://identifiers.org/kegg.reaction/R00658"/>
	<rdf:li rdf:resource="http://identifiers.org/kegg.reaction/R00200"/>
	</rdf:Bag>
	</bqbiol:hasPart>
	
	<bqbiol:hasPart>
	<rdf:Bag>
	<rdf:li rdf:resource="http://identifiers.org/ec-code/2.7.1.40"/>
	</rdf:Bag>
	</bqbiol:hasPart>
	</rdf:Description>
	
      </rdf:RDF>
    </annotation>
              <listOfReactants>
          <speciesReference metaid="_114302" species="s4"/>
        </listOfReactants>
        <listOfProducts>
          <speciesReference metaid="_114314" species="s5"/>
          <speciesReference metaid="_114326" species="at"/>
        </listOfProducts>
        <kineticLaw metaid="_114339">
          <math xmlns="http://www.w3.org/1998/Math/MathML">          
            <apply>
              <times/>
              <ci> compartment </ci>
              <ci> k4 </ci>
              <ci> s4 </ci>
              <apply>
                <minus/>
                <ci> atot </ci>
                <ci> at </ci>
              </apply>
            </apply>
          </math>
                </kineticLaw>
      </reaction>
      <reaction id="v5" metaid="metaid_0000037" name="v5">
        <annotation>
      <rdf:RDF xmlns:rdf="http://www.w3.org/1999/02/22-rdf-syntax-ns#" xmlns:bqmodel="http://biomodels.net/model-qualifiers/" xmlns:bqbiol="http://biomodels.net/biology-qualifiers/">
            <rdf:Description rdf:about="#metaid_0000037">
	<bqbiol:isVersionOf>
	<rdf:Bag>
	<rdf:li rdf:resource="http://identifiers.org/ec-code/4.1.1.1"/>
	<rdf:li rdf:resource="http://identifiers.org/kegg.reaction/R00224"/>
	</rdf:Bag>
	</bqbiol:isVersionOf>
	</rdf:Description>
	
      </rdf:RDF>
    </annotation>
              <listOfReactants>
          <speciesReference metaid="_114352" species="s5"/>
        </listOfReactants>
        <listOfProducts>
          <speciesReference metaid="_114364" species="s6"/>
        </listOfProducts>
        <kineticLaw metaid="_114376">
          <math xmlns="http://www.w3.org/1998/Math/MathML">          
            <apply>
              <times/>
              <ci> compartment </ci>
              <ci> k5 </ci>
              <ci> s5 </ci>
            </apply>
          </math>
                </kineticLaw>
      </reaction>
      <reaction id="v7" metaid="metaid_0000038" name="v7">
        <annotation>
      <rdf:RDF xmlns:rdf="http://www.w3.org/1999/02/22-rdf-syntax-ns#" xmlns:bqmodel="http://biomodels.net/model-qualifiers/" xmlns:bqbiol="http://biomodels.net/biology-qualifiers/">
            <rdf:Description rdf:about="#metaid_0000038">
	<bqbiol:isVersionOf>
	<rdf:Bag>
	<rdf:li rdf:resource="http://identifiers.org/go/GO:0006754"/>
	</rdf:Bag>
	</bqbiol:isVersionOf>
	</rdf:Description>
	
      </rdf:RDF>
    </annotation>
              <listOfReactants>
          <speciesReference metaid="_114388" species="at"/>
        </listOfReactants>
        <kineticLaw metaid="_114400">
          <math xmlns="http://www.w3.org/1998/Math/MathML">          
            <apply>
              <times/>
              <ci> compartment </ci>
              <ci> k7 </ci>
              <ci> at </ci>
            </apply>
          </math>
                </kineticLaw>
      </reaction>
      <reaction id="v8" metaid="metaid_0000039" name="v8">
        <annotation>
      <rdf:RDF xmlns:rdf="http://www.w3.org/1999/02/22-rdf-syntax-ns#" xmlns:bqmodel="http://biomodels.net/model-qualifiers/" xmlns:bqbiol="http://biomodels.net/biology-qualifiers/">
            <rdf:Description rdf:about="#metaid_0000039">
	<bqbiol:hasPart>
	<rdf:Bag>
	<rdf:li rdf:resource="http://identifiers.org/kegg.reaction/R05679"/>
	</rdf:Bag>
	</bqbiol:hasPart>
	</rdf:Description>
	
      </rdf:RDF>
    </annotation>
              <listOfReactants>
          <speciesReference metaid="_114412" species="s3"/>
        </listOfReactants>
        <listOfProducts>
          <speciesReference metaid="_114424" species="na"/>
        </listOfProducts>
        <kineticLaw metaid="_114436">
          <math xmlns="http://www.w3.org/1998/Math/MathML">          
            <apply>
              <times/>
              <ci> compartment </ci>
              <ci> k8 </ci>
              <ci> s3 </ci>
              <apply>
                <minus/>
                <ci> ntot </ci>
                <ci> na </ci>
              </apply>
            </apply>
          </math>
                </kineticLaw>
      </reaction>
      <reaction id="v9" metaid="metaid_0000040" name="v9">
        <annotation>
      <rdf:RDF xmlns:rdf="http://www.w3.org/1999/02/22-rdf-syntax-ns#" xmlns:bqmodel="http://biomodels.net/model-qualifiers/" xmlns:bqbiol="http://biomodels.net/biology-qualifiers/">
            <rdf:Description rdf:about="#metaid_0000040">
	<bqbiol:isVersionOf>
	<rdf:Bag>
	<rdf:li rdf:resource="http://identifiers.org/go/GO:0046187"/>
	</rdf:Bag>
	</bqbiol:isVersionOf>
	</rdf:Description>
	
      </rdf:RDF>
    </annotation>
              <listOfReactants>
          <speciesReference metaid="_114448" species="s6o"/>
        </listOfReactants>
        <kineticLaw metaid="_114460">
          <math xmlns="http://www.w3.org/1998/Math/MathML">          
            <apply>
              <times/>
              <ci> compartment </ci>
              <ci> k9 </ci>
              <ci> s6o </ci>
            </apply>
          </math>
                </kineticLaw>
      </reaction>
      <reaction id="v10" metaid="metaid_0000041" name="v10">
        <listOfReactants>
          <speciesReference metaid="_114472" species="s6"/>
        </listOfReactants>
        <listOfProducts>
          <speciesReference metaid="_114485" species="s6o" stoichiometry="0.1"/>
        </listOfProducts>
        <kineticLaw metaid="_114498">
          <math xmlns="http://www.w3.org/1998/Math/MathML">          
            <apply>
              <times/>
              <ci> compartment </ci>
              <ci> k10 </ci>
              <apply>
                <minus/>
                <ci> s6 </ci>
                <ci> s6o </ci>
              </apply>
            </apply>
          </math>
                </kineticLaw>
      </reaction>
      <reaction id="v6" metaid="metaid_0000042" name="v6">
        <annotation>
      <rdf:RDF xmlns:rdf="http://www.w3.org/1999/02/22-rdf-syntax-ns#" xmlns:bqmodel="http://biomodels.net/model-qualifiers/" xmlns:bqbiol="http://biomodels.net/biology-qualifiers/">
            <rdf:Description rdf:about="#metaid_0000042">
	<bqbiol:isVersionOf>
	<rdf:Bag>
	<rdf:li rdf:resource="http://identifiers.org/ec-code/1.1.1.71"/>
	<rdf:li rdf:resource="http://identifiers.org/kegg.reaction/R00754"/>
	</rdf:Bag>
	</bqbiol:isVersionOf>
	</rdf:Description>
	
      </rdf:RDF>
    </annotation>
              <listOfReactants>
          <speciesReference metaid="_114511" species="s6"/>
        </listOfReactants>
        <listOfProducts>
          <speciesReference metaid="_114524" species="na"/>
        </listOfProducts>
        <kineticLaw metaid="_114536">
          <math xmlns="http://www.w3.org/1998/Math/MathML">          
            <apply>
              <times/>
              <ci> compartment </ci>
              <ci> k6 </ci>
              <ci> s6 </ci>
              <apply>
                <minus/>
                <ci> ntot </ci>
                <ci> na </ci>
              </apply>
            </apply>
          </math>
                </kineticLaw>
      </reaction>
      <reaction id="v0" metaid="metaid_0000043" name="v0">
        <annotation>
      <rdf:RDF xmlns:rdf="http://www.w3.org/1999/02/22-rdf-syntax-ns#" xmlns:bqmodel="http://biomodels.net/model-qualifiers/" xmlns:bqbiol="http://biomodels.net/biology-qualifiers/">
            <rdf:Description rdf:about="#metaid_0000043">
	<bqbiol:isVersionOf>
	<rdf:Bag>
	<rdf:li rdf:resource="http://identifiers.org/go/GO:0046323"/>
	</rdf:Bag>
	</bqbiol:isVersionOf>
	</rdf:Description>
	
      </rdf:RDF>
    </annotation>
              <listOfProducts>
          <speciesReference metaid="_114549" species="s1"/>
        </listOfProducts>
        <kineticLaw metaid="_114561">
          <math xmlns="http://www.w3.org/1998/Math/MathML">          
            <apply>
              <times/>
              <ci> compartment </ci>
              <ci> k0 </ci>
            </apply>
          </math>
                </kineticLaw>
      </reaction>
    </listOfReactions>
  </model>
</sbml>