<?xml version='1.0' encoding='UTF-8' standalone='no'?>
<sbml xmlns="http://www.sbml.org/sbml/level2/version4" level="2" metaid="_372312" version="4">
  <model id="Bachmann2011_JAK2STAT5_FeedbackControl" metaid="_229114" name="Bachmann2011_JAK2-STAT5_FeedbackControl">
    <notes>
      <body xmlns="http://www.w3.org/1999/xhtml">
        <p>This model is from the article:      <br/>
                <strong>Division of labor by dual feedback regulators controls JAK2/STAT5 signaling over broad ligand range.</strong>
                <br/>
          Bachmann J, Raue A, Schilling M, Böhm ME, Kreutz C, Kaschek D, Busch H, Gretz N, Lehmann WD, Timmer J, Klingmüller U.      <em>Mol Syst Biol.</em>
          2011 Jul 19;7:516.      <a href="http://www.ncbi.nlm.nih.gov/pubmed/21772264">21772264</a>
          ,      <br/>
                <strong>Abstract:</strong>
                <br/>
          Cellular signal transduction is governed by multiple feedback mechanisms to elicit robust cellular decisions. The specific contributions of individual feedback regulators, however, remain unclear. Based on extensive time-resolved data sets in primary erythroid progenitor cells, we established a dynamic pathway model to dissect the roles of the two transcriptional negative feedback regulators of the suppressor of cytokine signaling (SOCS) family, CIS and SOCS3, in JAK2/STAT5 signaling. Facilitated by the model, we calculated the STAT5 response for experimentally unobservable Epo concentrations and provide a quantitative link between cell survival and the integrated response of STAT5 in the nucleus. Model predictions show that the two feedbacks CIS and SOCS3 are most effective at different ligand concentration ranges due to their distinct inhibitory mechanisms. This divided function of dual feedback regulation enables control of STAT5 responses for Epo concentrations that can vary 1000-fold in vivo. Our modeling approach reveals dose-dependent feedback control as key property to regulate STAT5-mediated survival decisions over a broad range of ligand concentrations.      </p>
            </body>
      
    </notes>
    <annotation>
      <rdf:RDF xmlns:rdf="http://www.w3.org/1999/02/22-rdf-syntax-ns#" xmlns:bqmodel="http://biomodels.net/model-qualifiers/" xmlns:vCard="http://www.w3.org/2001/vcard-rdf/3.0#" xmlns:dc="http://purl.org/dc/elements/1.1/" xmlns:dcterms="http://purl.org/dc/terms/" xmlns:bqbiol="http://biomodels.net/biology-qualifiers/">
        <rdf:Description rdf:about="#_229114">
	<dc:creator>
	<rdf:Bag>
	<rdf:li rdf:parseType="Resource">
	<vCard:N rdf:parseType="Resource">
	<vCard:Family>Chelliah</vCard:Family>
	<vCard:Given>Vijayalakshmi</vCard:Given>
	</vCard:N>
	<vCard:EMAIL>viji@ebi.ac.uk</vCard:EMAIL>
	<vCard:ORG rdf:parseType="Resource">
	<vCard:Orgname>EMBL-EBI</vCard:Orgname>
	</vCard:ORG>
	</rdf:li>
	<rdf:li rdf:parseType="Resource">
	<vCard:N rdf:parseType="Resource">
	<vCard:Family>Raue</vCard:Family>
	<vCard:Given>Andreas</vCard:Given>
	</vCard:N>
	<vCard:EMAIL>andreas.raue@fdm.uni-freiburg.de</vCard:EMAIL>
	<vCard:ORG rdf:parseType="Resource">
	<vCard:Orgname>Center for Biological Signaling Studies (BIOSS), Physikalisches Institute, University of Freiburg, Germany.</vCard:Orgname>
	</vCard:ORG>
	</rdf:li>
	</rdf:Bag>
	</dc:creator>
	<dcterms:created rdf:parseType="Resource">
	<dcterms:W3CDTF>2011-08-09T16:20:30Z</dcterms:W3CDTF>
	</dcterms:created>
	<dcterms:modified rdf:parseType="Resource">
	<dcterms:W3CDTF>2012-01-31T13:56:40Z</dcterms:W3CDTF>
	</dcterms:modified>
	<bqmodel:is>
	<rdf:Bag>
	<rdf:li rdf:resource="http://identifiers.org/biomodels.db/MODEL1107220000"/>
	</rdf:Bag>
	</bqmodel:is>
	<bqmodel:is>
	<rdf:Bag>
	<rdf:li rdf:resource="http://identifiers.org/biomodels.db/BIOMD0000000347"/>
	</rdf:Bag>
	</bqmodel:is>
	<bqmodel:isDescribedBy>
	<rdf:Bag>
	<rdf:li rdf:resource="http://identifiers.org/pubmed/21772264"/>
	</rdf:Bag>
	</bqmodel:isDescribedBy>
	<bqbiol:hasTaxon>
	<rdf:Bag>
	<rdf:li rdf:resource="http://identifiers.org/taxonomy/10090"/>
	<rdf:li rdf:resource="http://identifiers.org/bto/BTO:0004911"/>
	</rdf:Bag>
	</bqbiol:hasTaxon>
	<bqbiol:isVersionOf>
	<rdf:Bag>
	<rdf:li rdf:resource="http://identifiers.org/go/GO:0046425"/>
	</rdf:Bag>
	</bqbiol:isVersionOf>
	</rdf:Description>
	
      </rdf:RDF>
    </annotation>
      <listOfCompartments>
      <compartment id="cyt" metaid="_229116" name="cyt" sboTerm="SBO:0000290" size="0.4">
        <annotation>
          <rdf:RDF xmlns:rdf="http://www.w3.org/1999/02/22-rdf-syntax-ns#" xmlns:bqmodel="http://biomodels.net/model-qualifiers/" xmlns:bqbiol="http://biomodels.net/biology-qualifiers/">
            <rdf:Description rdf:about="#_229116">
	<bqbiol:isVersionOf>
	<rdf:Bag>
	<rdf:li rdf:resource="http://identifiers.org/go/GO:0005829"/>
	</rdf:Bag>
	</bqbiol:isVersionOf>
	</rdf:Description>
	
          </rdf:RDF>
        </annotation>
            </compartment>
      <compartment id="nuc" metaid="_229117" name="nuc" sboTerm="SBO:0000290" size="0.275">
        <annotation>
          <rdf:RDF xmlns:rdf="http://www.w3.org/1999/02/22-rdf-syntax-ns#" xmlns:bqmodel="http://biomodels.net/model-qualifiers/" xmlns:bqbiol="http://biomodels.net/biology-qualifiers/">
            <rdf:Description rdf:about="#_229117">
	<bqbiol:isVersionOf>
	<rdf:Bag>
	<rdf:li rdf:resource="http://identifiers.org/go/GO:0005634"/>
	</rdf:Bag>
	</bqbiol:isVersionOf>
	</rdf:Description>
	
          </rdf:RDF>
        </annotation>
            </compartment>
    </listOfCompartments>
    <listOfSpecies>
      <species compartment="cyt" id="EpoRJAK2" initialConcentration="3.97622" metaid="_229119" name="EpoRJAK2" sboTerm="SBO:0000297">
        <annotation>
          <rdf:RDF xmlns:rdf="http://www.w3.org/1999/02/22-rdf-syntax-ns#" xmlns:bqmodel="http://biomodels.net/model-qualifiers/" xmlns:bqbiol="http://biomodels.net/biology-qualifiers/">
            <rdf:Description rdf:about="#_229119">
	<bqbiol:hasPart>
	<rdf:Bag>
	<rdf:li rdf:resource="http://identifiers.org/uniprot/P14753"/>
	<rdf:li rdf:resource="http://identifiers.org/uniprot/Q62120"/>
	</rdf:Bag>
	</bqbiol:hasPart>
	</rdf:Description>
	
          </rdf:RDF>
        </annotation>
            </species>
      <species compartment="cyt" id="EpoRpJAK2" initialConcentration="0" metaid="_229121" name="EpoRpJAK2" sboTerm="SBO:0000297">
        <annotation>
          <rdf:RDF xmlns:rdf="http://www.w3.org/1999/02/22-rdf-syntax-ns#" xmlns:bqmodel="http://biomodels.net/model-qualifiers/" xmlns:bqbiol="http://biomodels.net/biology-qualifiers/">
            <rdf:Description rdf:about="#_229121">
              <bqbiol:hasPart>
	<rdf:Bag>
	<rdf:li rdf:resource="http://identifiers.org/uniprot/P14753"/>
	<rdf:li rdf:resource="http://identifiers.org/uniprot/Q62120"/>
	</rdf:Bag>
	</bqbiol:hasPart>
	
	<bqbiol:isVersionOf>
	<rdf:Bag>
	<rdf:li rdf:resource="http://identifiers.org/kegg.compound/C00562"/>
	</rdf:Bag>
	</bqbiol:isVersionOf>
	</rdf:Description>
	
          </rdf:RDF>
        </annotation>
            </species>
      <species compartment="cyt" id="p1EpoRpJAK2" initialConcentration="0" metaid="_229122" name="p1EpoRpJAK2" sboTerm="SBO:0000297">
        <annotation>
          <rdf:RDF xmlns:rdf="http://www.w3.org/1999/02/22-rdf-syntax-ns#" xmlns:bqmodel="http://biomodels.net/model-qualifiers/" xmlns:bqbiol="http://biomodels.net/biology-qualifiers/">
            <rdf:Description rdf:about="#_229122">
              <bqbiol:hasPart>
	<rdf:Bag>
	<rdf:li rdf:resource="http://identifiers.org/uniprot/P14753"/>
	<rdf:li rdf:resource="http://identifiers.org/uniprot/Q62120"/>
	</rdf:Bag>
	</bqbiol:hasPart>
	
	<bqbiol:isVersionOf>
	<rdf:Bag>
	<rdf:li rdf:resource="http://identifiers.org/kegg.compound/C00562"/>
	</rdf:Bag>
	</bqbiol:isVersionOf>
	</rdf:Description>
	
          </rdf:RDF>
        </annotation>
            </species>
      <species compartment="cyt" id="p2EpoRpJAK2" initialConcentration="0" metaid="_229123" name="p2EpoRpJAK2" sboTerm="SBO:0000297">
        <annotation>
          <rdf:RDF xmlns:rdf="http://www.w3.org/1999/02/22-rdf-syntax-ns#" xmlns:bqmodel="http://biomodels.net/model-qualifiers/" xmlns:bqbiol="http://biomodels.net/biology-qualifiers/">
            <rdf:Description rdf:about="#_229123">
              <bqbiol:hasPart>
	<rdf:Bag>
	<rdf:li rdf:resource="http://identifiers.org/uniprot/P14753"/>
	<rdf:li rdf:resource="http://identifiers.org/uniprot/Q62120"/>
	</rdf:Bag>
	</bqbiol:hasPart>
	
	<bqbiol:isVersionOf>
	<rdf:Bag>
	<rdf:li rdf:resource="http://identifiers.org/kegg.compound/C00562"/>
	</rdf:Bag>
	</bqbiol:isVersionOf>
	</rdf:Description>
	
          </rdf:RDF>
        </annotation>
            </species>
      <species compartment="cyt" id="p12EpoRpJAK2" initialConcentration="0" metaid="_229124" name="p12EpoRpJAK2" sboTerm="SBO:0000297">
        <annotation>
          <rdf:RDF xmlns:rdf="http://www.w3.org/1999/02/22-rdf-syntax-ns#" xmlns:bqmodel="http://biomodels.net/model-qualifiers/" xmlns:bqbiol="http://biomodels.net/biology-qualifiers/">
            <rdf:Description rdf:about="#_229124">
              <bqbiol:hasPart>
	<rdf:Bag>
	<rdf:li rdf:resource="http://identifiers.org/uniprot/P14753"/>
	<rdf:li rdf:resource="http://identifiers.org/uniprot/Q62120"/>
	</rdf:Bag>
	</bqbiol:hasPart>
	
	<bqbiol:isVersionOf>
	<rdf:Bag>
	<rdf:li rdf:resource="http://identifiers.org/kegg.compound/C00562"/>
	</rdf:Bag>
	</bqbiol:isVersionOf>
	</rdf:Description>
	
          </rdf:RDF>
        </annotation>
            </species>
      <species compartment="cyt" id="EpoRJAK2_CIS" initialConcentration="0" metaid="_229126" name="EpoRJAK2_CIS" sboTerm="SBO:0000297">
        <annotation>
          <rdf:RDF xmlns:rdf="http://www.w3.org/1999/02/22-rdf-syntax-ns#" xmlns:bqmodel="http://biomodels.net/model-qualifiers/" xmlns:bqbiol="http://biomodels.net/biology-qualifiers/">
            <rdf:Description rdf:about="#_229126">
	<bqbiol:hasPart>
	<rdf:Bag>
	<rdf:li rdf:resource="http://identifiers.org/uniprot/P14753"/>
	<rdf:li rdf:resource="http://identifiers.org/uniprot/Q62120"/>
	<rdf:li rdf:resource="http://identifiers.org/uniprot/Q62225"/>
	</rdf:Bag>
	</bqbiol:hasPart>
	</rdf:Description>
	
          </rdf:RDF>
        </annotation>
            </species>
      <species compartment="cyt" id="SHP1" initialConcentration="26.7251" metaid="_229127" name="SHP1" sboTerm="SBO:0000252">
        <annotation>
          <rdf:RDF xmlns:rdf="http://www.w3.org/1999/02/22-rdf-syntax-ns#" xmlns:bqmodel="http://biomodels.net/model-qualifiers/" xmlns:bqbiol="http://biomodels.net/biology-qualifiers/">
            <rdf:Description rdf:about="#_229127">
	<bqbiol:isVersionOf>
	<rdf:Bag>
	<rdf:li rdf:resource="http://identifiers.org/uniprot/P29351"/>
	</rdf:Bag>
	</bqbiol:isVersionOf>
	</rdf:Description>
	
          </rdf:RDF>
        </annotation>
            </species>
      <species compartment="cyt" id="SHP1Act" initialConcentration="0" metaid="_229128" name="SHP1Act" sboTerm="SBO:0000252">
        <annotation>
          <rdf:RDF xmlns:rdf="http://www.w3.org/1999/02/22-rdf-syntax-ns#" xmlns:bqmodel="http://biomodels.net/model-qualifiers/" xmlns:bqbiol="http://biomodels.net/biology-qualifiers/">
            <rdf:Description rdf:about="#_229128">
	<bqbiol:isVersionOf>
	<rdf:Bag>
	<rdf:li rdf:resource="http://identifiers.org/uniprot/P29351"/>
	</rdf:Bag>
	</bqbiol:isVersionOf>
	</rdf:Description>
	
          </rdf:RDF>
        </annotation>
            </species>
      <species compartment="cyt" id="STAT5" initialConcentration="79.7535" metaid="_229130" name="STAT5" sboTerm="SBO:0000252">
        <annotation>
          <rdf:RDF xmlns:rdf="http://www.w3.org/1999/02/22-rdf-syntax-ns#" xmlns:bqmodel="http://biomodels.net/model-qualifiers/" xmlns:bqbiol="http://biomodels.net/biology-qualifiers/">
            <rdf:Description rdf:about="#_229130">
	<bqbiol:isVersionOf>
	<rdf:Bag>
	<rdf:li rdf:resource="http://identifiers.org/uniprot/P42230"/>
	</rdf:Bag>
	</bqbiol:isVersionOf>
	</rdf:Description>
	
          </rdf:RDF>
        </annotation>
            </species>
      <species compartment="cyt" id="pSTAT5" initialConcentration="0" metaid="_229131" name="pSTAT5" sboTerm="SBO:0000252">
        <annotation>
          <rdf:RDF xmlns:rdf="http://www.w3.org/1999/02/22-rdf-syntax-ns#" xmlns:bqmodel="http://biomodels.net/model-qualifiers/" xmlns:bqbiol="http://biomodels.net/biology-qualifiers/">
            <rdf:Description rdf:about="#_229131">
	<bqbiol:isVersionOf>
	<rdf:Bag>
	<rdf:li rdf:resource="http://identifiers.org/uniprot/P42230"/>
	<rdf:li rdf:resource="http://identifiers.org/kegg.compound/C00562"/>
	</rdf:Bag>
	</bqbiol:isVersionOf>
	</rdf:Description>
	
          </rdf:RDF>
        </annotation>
            </species>
      <species compartment="nuc" id="npSTAT5" initialConcentration="0" metaid="_229132" name="npSTAT5" sboTerm="SBO:0000252">
        <annotation>
          <rdf:RDF xmlns:rdf="http://www.w3.org/1999/02/22-rdf-syntax-ns#" xmlns:bqmodel="http://biomodels.net/model-qualifiers/" xmlns:bqbiol="http://biomodels.net/biology-qualifiers/">
            <rdf:Description rdf:about="#_229132">
	<bqbiol:isVersionOf>
	<rdf:Bag>
	<rdf:li rdf:resource="http://identifiers.org/uniprot/P42230"/>
	<rdf:li rdf:resource="http://identifiers.org/kegg.compound/C00562"/>
	</rdf:Bag>
	</bqbiol:isVersionOf>
	</rdf:Description>
	
          </rdf:RDF>
        </annotation>
            </species>
      <species compartment="nuc" id="CISnRNA1" initialConcentration="0" metaid="_229133" name="CISnRNA1" sboTerm="SBO:0000278">
        <annotation>
          <rdf:RDF xmlns:rdf="http://www.w3.org/1999/02/22-rdf-syntax-ns#" xmlns:bqmodel="http://biomodels.net/model-qualifiers/" xmlns:bqbiol="http://biomodels.net/biology-qualifiers/">
            <rdf:Description rdf:about="#_229133">
	<bqbiol:isVersionOf>
	<rdf:Bag>
	<rdf:li rdf:resource="http://identifiers.org/chebi/CHEBI:33699"/>
	</rdf:Bag>
	</bqbiol:isVersionOf>
	</rdf:Description>
	
          </rdf:RDF>
        </annotation>
            </species>
      <species compartment="nuc" id="CISnRNA2" initialConcentration="0" metaid="_229135" name="CISnRNA2" sboTerm="SBO:0000278">
        <annotation>
          <rdf:RDF xmlns:rdf="http://www.w3.org/1999/02/22-rdf-syntax-ns#" xmlns:bqmodel="http://biomodels.net/model-qualifiers/" xmlns:bqbiol="http://biomodels.net/biology-qualifiers/">
            <rdf:Description rdf:about="#_229135">
	<bqbiol:isVersionOf>
	<rdf:Bag>
	<rdf:li rdf:resource="http://identifiers.org/chebi/CHEBI:33699"/>
	</rdf:Bag>
	</bqbiol:isVersionOf>
	</rdf:Description>
	
          </rdf:RDF>
        </annotation>
            </species>
      <species compartment="nuc" id="CISnRNA3" initialConcentration="0" metaid="_229136" name="CISnRNA3" sboTerm="SBO:0000278">
        <annotation>
          <rdf:RDF xmlns:rdf="http://www.w3.org/1999/02/22-rdf-syntax-ns#" xmlns:bqmodel="http://biomodels.net/model-qualifiers/" xmlns:bqbiol="http://biomodels.net/biology-qualifiers/">
            <rdf:Description rdf:about="#_229136">
	<bqbiol:isVersionOf>
	<rdf:Bag>
	<rdf:li rdf:resource="http://identifiers.org/chebi/CHEBI:33699"/>
	</rdf:Bag>
	</bqbiol:isVersionOf>
	</rdf:Description>
	
          </rdf:RDF>
        </annotation>
            </species>
      <species compartment="nuc" id="CISnRNA4" initialConcentration="0" metaid="_229137" name="CISnRNA4" sboTerm="SBO:0000278">
        <annotation>
          <rdf:RDF xmlns:rdf="http://www.w3.org/1999/02/22-rdf-syntax-ns#" xmlns:bqmodel="http://biomodels.net/model-qualifiers/" xmlns:bqbiol="http://biomodels.net/biology-qualifiers/">
            <rdf:Description rdf:about="#_229137">
	<bqbiol:isVersionOf>
	<rdf:Bag>
	<rdf:li rdf:resource="http://identifiers.org/chebi/CHEBI:33699"/>
	</rdf:Bag>
	</bqbiol:isVersionOf>
	</rdf:Description>
	
          </rdf:RDF>
        </annotation>
            </species>
      <species compartment="nuc" id="CISnRNA5" initialConcentration="0" metaid="_229138" name="CISnRNA5" sboTerm="SBO:0000278">
        <annotation>
          <rdf:RDF xmlns:rdf="http://www.w3.org/1999/02/22-rdf-syntax-ns#" xmlns:bqmodel="http://biomodels.net/model-qualifiers/" xmlns:bqbiol="http://biomodels.net/biology-qualifiers/">
            <rdf:Description rdf:about="#_229138">
	<bqbiol:isVersionOf>
	<rdf:Bag>
	<rdf:li rdf:resource="http://identifiers.org/chebi/CHEBI:33699"/>
	</rdf:Bag>
	</bqbiol:isVersionOf>
	</rdf:Description>
	
          </rdf:RDF>
        </annotation>
            </species>
      <species compartment="cyt" id="CISRNA" initialConcentration="0" metaid="_229140" name="CISRNA" sboTerm="SBO:0000278">
        <annotation>
          <rdf:RDF xmlns:rdf="http://www.w3.org/1999/02/22-rdf-syntax-ns#" xmlns:bqmodel="http://biomodels.net/model-qualifiers/" xmlns:bqbiol="http://biomodels.net/biology-qualifiers/">
            <rdf:Description rdf:about="#_229140">
	<bqbiol:isVersionOf>
	<rdf:Bag>
	<rdf:li rdf:resource="http://identifiers.org/chebi/CHEBI:33699"/>
	</rdf:Bag>
	</bqbiol:isVersionOf>
	</rdf:Description>
	
          </rdf:RDF>
        </annotation>
            </species>
      <species compartment="cyt" id="CIS" initialConcentration="0" metaid="_229141" name="CIS" sboTerm="SBO:0000252">
        <annotation>
          <rdf:RDF xmlns:rdf="http://www.w3.org/1999/02/22-rdf-syntax-ns#" xmlns:bqmodel="http://biomodels.net/model-qualifiers/" xmlns:bqbiol="http://biomodels.net/biology-qualifiers/">
            <rdf:Description rdf:about="#_229141">
	<bqbiol:isVersionOf>
	<rdf:Bag>
	<rdf:li rdf:resource="http://identifiers.org/uniprot/Q62225"/>
	</rdf:Bag>
	</bqbiol:isVersionOf>
	</rdf:Description>
	
          </rdf:RDF>
        </annotation>
            </species>
      <species compartment="nuc" id="SOCS3nRNA1" initialConcentration="0" metaid="_229142" name="SOCS3nRNA1" sboTerm="SBO:0000278">
        <annotation>
          <rdf:RDF xmlns:rdf="http://www.w3.org/1999/02/22-rdf-syntax-ns#" xmlns:bqmodel="http://biomodels.net/model-qualifiers/" xmlns:bqbiol="http://biomodels.net/biology-qualifiers/">
            <rdf:Description rdf:about="#_229142">
	<bqbiol:isVersionOf>
	<rdf:Bag>
	<rdf:li rdf:resource="http://identifiers.org/chebi/CHEBI:33699"/>
	</rdf:Bag>
	</bqbiol:isVersionOf>
	</rdf:Description>
	
          </rdf:RDF>
        </annotation>
            </species>
      <species compartment="nuc" id="SOCS3nRNA2" initialConcentration="0" metaid="_229143" name="SOCS3nRNA2" sboTerm="SBO:0000278">
        <annotation>
          <rdf:RDF xmlns:rdf="http://www.w3.org/1999/02/22-rdf-syntax-ns#" xmlns:bqmodel="http://biomodels.net/model-qualifiers/" xmlns:bqbiol="http://biomodels.net/biology-qualifiers/">
            <rdf:Description rdf:about="#_229143">
	<bqbiol:isVersionOf>
	<rdf:Bag>
	<rdf:li rdf:resource="http://identifiers.org/chebi/CHEBI:33699"/>
	</rdf:Bag>
	</bqbiol:isVersionOf>
	</rdf:Description>
	
          </rdf:RDF>
        </annotation>
            </species>
      <species compartment="nuc" id="SOCS3nRNA3" initialConcentration="0" metaid="_229145" name="SOCS3nRNA3" sboTerm="SBO:0000278">
        <annotation>
          <rdf:RDF xmlns:rdf="http://www.w3.org/1999/02/22-rdf-syntax-ns#" xmlns:bqmodel="http://biomodels.net/model-qualifiers/" xmlns:bqbiol="http://biomodels.net/biology-qualifiers/">
            <rdf:Description rdf:about="#_229145">
	<bqbiol:isVersionOf>
	<rdf:Bag>
	<rdf:li rdf:resource="http://identifiers.org/chebi/CHEBI:33699"/>
	</rdf:Bag>
	</bqbiol:isVersionOf>
	</rdf:Description>
	
          </rdf:RDF>
        </annotation>
            </species>
      <species compartment="nuc" id="SOCS3nRNA4" initialConcentration="0" metaid="_229146" name="SOCS3nRNA4" sboTerm="SBO:0000278">
        <annotation>
          <rdf:RDF xmlns:rdf="http://www.w3.org/1999/02/22-rdf-syntax-ns#" xmlns:bqmodel="http://biomodels.net/model-qualifiers/" xmlns:bqbiol="http://biomodels.net/biology-qualifiers/">
            <rdf:Description rdf:about="#_229146">
	<bqbiol:isVersionOf>
	<rdf:Bag>
	<rdf:li rdf:resource="http://identifiers.org/chebi/CHEBI:33699"/>
	</rdf:Bag>
	</bqbiol:isVersionOf>
	</rdf:Description>
	
          </rdf:RDF>
        </annotation>
            </species>
      <species compartment="nuc" id="SOCS3nRNA5" initialConcentration="0" metaid="_229147" name="SOCS3nRNA5" sboTerm="SBO:0000278">
        <annotation>
          <rdf:RDF xmlns:rdf="http://www.w3.org/1999/02/22-rdf-syntax-ns#" xmlns:bqmodel="http://biomodels.net/model-qualifiers/" xmlns:bqbiol="http://biomodels.net/biology-qualifiers/">
            <rdf:Description rdf:about="#_229147">
	<bqbiol:isVersionOf>
	<rdf:Bag>
	<rdf:li rdf:resource="http://identifiers.org/chebi/CHEBI:33699"/>
	</rdf:Bag>
	</bqbiol:isVersionOf>
	</rdf:Description>
	
          </rdf:RDF>
        </annotation>
            </species>
      <species compartment="cyt" id="SOCS3RNA" initialConcentration="0" metaid="_229149" name="SOCS3RNA" sboTerm="SBO:0000278">
        <annotation>
          <rdf:RDF xmlns:rdf="http://www.w3.org/1999/02/22-rdf-syntax-ns#" xmlns:bqmodel="http://biomodels.net/model-qualifiers/" xmlns:bqbiol="http://biomodels.net/biology-qualifiers/">
            <rdf:Description rdf:about="#_229149">
	<bqbiol:isVersionOf>
	<rdf:Bag>
	<rdf:li rdf:resource="http://identifiers.org/chebi/CHEBI:33699"/>
	</rdf:Bag>
	</bqbiol:isVersionOf>
	</rdf:Description>
	
          </rdf:RDF>
        </annotation>
            </species>
      <species compartment="cyt" id="SOCS3" initialConcentration="0" metaid="_229150" name="SOCS3" sboTerm="SBO:0000252">
        <annotation>
          <rdf:RDF xmlns:rdf="http://www.w3.org/1999/02/22-rdf-syntax-ns#" xmlns:bqmodel="http://biomodels.net/model-qualifiers/" xmlns:bqbiol="http://biomodels.net/biology-qualifiers/">
            <rdf:Description rdf:about="#_229150">
	<bqbiol:isVersionOf>
	<rdf:Bag>
	<rdf:li rdf:resource="http://identifiers.org/uniprot/O35718"/>
	</rdf:Bag>
	</bqbiol:isVersionOf>
	</rdf:Description>
	
          </rdf:RDF>
        </annotation>
            </species>
      <species compartment="cyt" id="Epo" initialConcentration="1.24997E-7" metaid="_229151" name="Epo" sboTerm="SBO:0000252">
        <annotation>
          <rdf:RDF xmlns:rdf="http://www.w3.org/1999/02/22-rdf-syntax-ns#" xmlns:bqmodel="http://biomodels.net/model-qualifiers/" xmlns:bqbiol="http://biomodels.net/biology-qualifiers/">
            <rdf:Description rdf:about="#_229151">
	<bqbiol:isVersionOf>
	<rdf:Bag>
	<rdf:li rdf:resource="http://identifiers.org/uniprot/P07321"/>
	</rdf:Bag>
	</bqbiol:isVersionOf>
	</rdf:Description>
	
          </rdf:RDF>
        </annotation>
            </species>
    </listOfSpecies>
    <listOfParameters>
      <parameter id="ActD" metaid="_229228" sboTerm="SBO:0000363" value="0"/>
      <parameter id="CISEqc" metaid="_229229" sboTerm="SBO:0000281" value="432.871"/>
      <parameter id="CISEqcOE" metaid="_229231" sboTerm="SBO:0000281" value="0.530261"/>
      <parameter id="CISInh" metaid="_229232" sboTerm="SBO:0000261" value="784653000"/>
      <parameter id="CISRNADelay" metaid="_229233" sboTerm="SBO:0000225" value="0.144775"/>
      <parameter id="CISRNAEqc" metaid="_229234" sboTerm="SBO:0000281" value="1"/>
      <parameter id="CISRNATurn" metaid="_229236" sboTerm="SBO:0000009" value="1000"/>
      <parameter id="CISTurn" metaid="_229237" sboTerm="SBO:0000009" value="0.00839842"/>
      <parameter id="CISoe" metaid="_229238" sboTerm="SBO:0000009" value="0"/>
      <parameter id="EpoRActJAK2" metaid="_229240" sboTerm="SBO:0000363" value="0.267308"/>
      <parameter id="EpoRCISInh" metaid="_229241" sboTerm="SBO:0000261" value="1000000"/>
      <parameter id="EpoRCISRemove" metaid="_229242" sboTerm="SBO:0000009" value="5.42932"/>
      <parameter id="JAK2ActEpo" metaid="_229243" sboTerm="SBO:0000363" value="633253"/>
      <parameter id="JAK2EpoRDeaSHP1" metaid="_229245" sboTerm="SBO:0000009" value="142.722"/>
      <parameter id="SHP1ActEpoR" metaid="_229246" sboTerm="SBO:0000363" value="0.001"/>
      <parameter id="SHP1Dea" metaid="_229247" sboTerm="SBO:0000009" value="0.00816391"/>
      <parameter id="SOCS3Eqc" metaid="_229248" sboTerm="SBO:0000281" value="173.653"/>
      <parameter id="SOCS3EqcOE" metaid="_229250" sboTerm="SBO:0000281" value="0.679157"/>
      <parameter id="SOCS3Inh" metaid="_229251" sboTerm="SBO:0000261" value="10.408"/>
      <parameter id="SOCS3RNADelay" metaid="_229252" sboTerm="SBO:0000225" value="1.06465"/>
      <parameter id="SOCS3RNAEqc" metaid="_229254" sboTerm="SBO:0000281" value="1"/>
      <parameter id="SOCS3RNATurn" metaid="_229255" sboTerm="SBO:0000009" value="0.00830844"/>
      <parameter id="SOCS3Turn" metaid="_229256" sboTerm="SBO:0000009" value="10000"/>
      <parameter id="SOCS3oe" metaid="_229257" sboTerm="SBO:0000009" value="0"/>
      <parameter id="STAT5ActEpoR" metaid="_229259" value="38.9757"/>
      <parameter id="STAT5ActJAK2" metaid="_229260" sboTerm="SBO:0000363" value="0.0780965"/>
      <parameter id="STAT5Exp" metaid="_229261" sboTerm="SBO:0000009" value="0.0745155"/>
      <parameter id="STAT5Imp" metaid="_229262" sboTerm="SBO:0000009" value="0.0268889"/>
      <parameter id="epo_level" metaid="_229264" sboTerm="SBO:0000009" value="1.24997E-7"/>
      <parameter id="init_EpoRJAK2" metaid="_229265" sboTerm="SBO:0000009" value="3.97622"/>
      <parameter id="init_SHP1" metaid="_229266" sboTerm="SBO:0000009" value="26.7251"/>
      <parameter id="init_STAT5" metaid="_229267" sboTerm="SBO:0000009" value="79.7535"/>
    </listOfParameters>
    <listOfReactions>
      <reaction id="reaction_1" metaid="_229152" reversible="false" sboTerm="SBO:0000216">
        <annotation>
          <rdf:RDF xmlns:rdf="http://www.w3.org/1999/02/22-rdf-syntax-ns#" xmlns:bqmodel="http://biomodels.net/model-qualifiers/" xmlns:bqbiol="http://biomodels.net/biology-qualifiers/">
            <rdf:Description rdf:about="#_229152">
	<bqbiol:isVersionOf>
	<rdf:Bag>
	<rdf:li rdf:resource="http://identifiers.org/go/GO:0016310"/>
	</rdf:Bag>
	</bqbiol:isVersionOf>
	</rdf:Description>
	
          </rdf:RDF>
        </annotation>
              <listOfReactants>
          <speciesReference metaid="_372324" species="EpoRJAK2"/>
        </listOfReactants>
        <listOfProducts>
          <speciesReference metaid="_372336" species="EpoRpJAK2"/>
        </listOfProducts>
        <listOfModifiers>
          <modifierSpeciesReference metaid="_372348" species="Epo"/>
          <modifierSpeciesReference metaid="_372360" species="SOCS3"/>
        </listOfModifiers>
        <kineticLaw metaid="_372372">
          <math xmlns="http://www.w3.org/1998/Math/MathML">          
            <apply>
              <times/>
              <apply>
                <divide/>
                <apply>
                  <times/>
                  <ci> JAK2ActEpo </ci>
                  <ci> Epo </ci>
                  <ci> EpoRJAK2 </ci>
                </apply>
                <apply>
                  <plus/>
                  <apply>
                    <divide/>
                    <apply>
                      <times/>
                      <ci> SOCS3Inh </ci>
                      <ci> SOCS3 </ci>
                    </apply>
                    <ci> SOCS3Eqc </ci>
                  </apply>
                  <cn> 1 </cn>
                </apply>
              </apply>
              <ci> cyt </ci>
            </apply>
          </math>
                </kineticLaw>
      </reaction>
      <reaction id="reaction_2" metaid="_229153" reversible="false" sboTerm="SBO:0000330">
        <annotation>
          <rdf:RDF xmlns:rdf="http://www.w3.org/1999/02/22-rdf-syntax-ns#" xmlns:bqmodel="http://biomodels.net/model-qualifiers/" xmlns:bqbiol="http://biomodels.net/biology-qualifiers/">
            <rdf:Description rdf:about="#_229153">
	<bqbiol:isVersionOf>
	<rdf:Bag>
	<rdf:li rdf:resource="http://identifiers.org/go/GO:0016311"/>
	</rdf:Bag>
	</bqbiol:isVersionOf>
	</rdf:Description>
	
          </rdf:RDF>
        </annotation>
              <listOfReactants>
          <speciesReference metaid="_372384" species="EpoRpJAK2"/>
        </listOfReactants>
        <listOfProducts>
          <speciesReference metaid="_372396" species="EpoRJAK2"/>
        </listOfProducts>
        <listOfModifiers>
          <modifierSpeciesReference metaid="_372408" species="SHP1Act"/>
        </listOfModifiers>
        <kineticLaw metaid="_372420">
          <math xmlns="http://www.w3.org/1998/Math/MathML">          
            <apply>
              <times/>
              <apply>
                <divide/>
                <apply>
                  <times/>
                  <ci> JAK2EpoRDeaSHP1 </ci>
                  <ci> SHP1Act </ci>
                  <ci> EpoRpJAK2 </ci>
                </apply>
                <ci> init_SHP1 </ci>
              </apply>
              <ci> cyt </ci>
            </apply>
          </math>
                </kineticLaw>
      </reaction>
      <reaction id="reaction_3" metaid="_229154" reversible="false" sboTerm="SBO:0000216">
        <annotation>
          <rdf:RDF xmlns:rdf="http://www.w3.org/1999/02/22-rdf-syntax-ns#" xmlns:bqmodel="http://biomodels.net/model-qualifiers/" xmlns:bqbiol="http://biomodels.net/biology-qualifiers/">
            <rdf:Description rdf:about="#_229154">
	<bqbiol:isVersionOf>
	<rdf:Bag>
	<rdf:li rdf:resource="http://identifiers.org/go/GO:0016310"/>
	</rdf:Bag>
	</bqbiol:isVersionOf>
	</rdf:Description>
	
          </rdf:RDF>
        </annotation>
              <listOfReactants>
          <speciesReference metaid="_372432" species="EpoRpJAK2"/>
        </listOfReactants>
        <listOfProducts>
          <speciesReference metaid="_372444" species="p1EpoRpJAK2"/>
        </listOfProducts>
        <listOfModifiers>
          <modifierSpeciesReference metaid="_372457" species="SOCS3"/>
        </listOfModifiers>
        <kineticLaw metaid="_372469">
          <math xmlns="http://www.w3.org/1998/Math/MathML">          
            <apply>
              <times/>
              <apply>
                <divide/>
                <apply>
                  <times/>
                  <ci> EpoRActJAK2 </ci>
                  <ci> EpoRpJAK2 </ci>
                </apply>
                <apply>
                  <plus/>
                  <apply>
                    <divide/>
                    <apply>
                      <times/>
                      <ci> SOCS3Inh </ci>
                      <ci> SOCS3 </ci>
                    </apply>
                    <ci> SOCS3Eqc </ci>
                  </apply>
                  <cn> 1 </cn>
                </apply>
              </apply>
              <ci> cyt </ci>
            </apply>
          </math>
                </kineticLaw>
      </reaction>
      <reaction id="reaction_4" metaid="_229155" reversible="false" sboTerm="SBO:0000330">
        <annotation>
          <rdf:RDF xmlns:rdf="http://www.w3.org/1999/02/22-rdf-syntax-ns#" xmlns:bqmodel="http://biomodels.net/model-qualifiers/" xmlns:bqbiol="http://biomodels.net/biology-qualifiers/">
            <rdf:Description rdf:about="#_229155">
	<bqbiol:isVersionOf>
	<rdf:Bag>
	<rdf:li rdf:resource="http://identifiers.org/go/GO:0016310"/>
	</rdf:Bag>
	</bqbiol:isVersionOf>
	</rdf:Description>
	
          </rdf:RDF>
        </annotation>
              <listOfReactants>
          <speciesReference metaid="_372482" species="EpoRpJAK2"/>
        </listOfReactants>
        <listOfProducts>
          <speciesReference metaid="_372495" species="p2EpoRpJAK2"/>
        </listOfProducts>
        <listOfModifiers>
          <modifierSpeciesReference metaid="_372507" species="EpoRJAK2_CIS"/>
          <modifierSpeciesReference metaid="_372519" species="SOCS3"/>
        </listOfModifiers>
        <kineticLaw metaid="_372531">
          <math xmlns="http://www.w3.org/1998/Math/MathML">          
            <apply>
              <times/>
              <apply>
                <divide/>
                <apply>
                  <times/>
                  <cn> 3 </cn>
                  <ci> EpoRActJAK2 </ci>
                  <ci> EpoRpJAK2 </ci>
                </apply>
                <apply>
                  <times/>
                  <apply>
                    <plus/>
                    <apply>
                      <divide/>
                      <apply>
                        <times/>
                        <ci> SOCS3Inh </ci>
                        <ci> SOCS3 </ci>
                      </apply>
                      <ci> SOCS3Eqc </ci>
                    </apply>
                    <cn> 1 </cn>
                  </apply>
                  <apply>
                    <plus/>
                    <apply>
                      <times/>
                      <ci> EpoRCISInh </ci>
                      <ci> EpoRJAK2_CIS </ci>
                    </apply>
                    <cn> 1 </cn>
                  </apply>
                </apply>
              </apply>
              <ci> cyt </ci>
            </apply>
          </math>
                </kineticLaw>
      </reaction>
      <reaction id="reaction_5" metaid="_229156" reversible="false" sboTerm="SBO:0000216">
        <annotation>
          <rdf:RDF xmlns:rdf="http://www.w3.org/1999/02/22-rdf-syntax-ns#" xmlns:bqmodel="http://biomodels.net/model-qualifiers/" xmlns:bqbiol="http://biomodels.net/biology-qualifiers/">
            <rdf:Description rdf:about="#_229156">
	<bqbiol:isVersionOf>
	<rdf:Bag>
	<rdf:li rdf:resource="http://identifiers.org/go/GO:0016310"/>
	</rdf:Bag>
	</bqbiol:isVersionOf>
	</rdf:Description>
	
          </rdf:RDF>
        </annotation>
              <listOfReactants>
          <speciesReference metaid="_372543" species="p1EpoRpJAK2"/>
        </listOfReactants>
        <listOfProducts>
          <speciesReference metaid="_372555" species="p12EpoRpJAK2"/>
        </listOfProducts>
        <listOfModifiers>
          <modifierSpeciesReference metaid="_372567" species="EpoRJAK2_CIS"/>
          <modifierSpeciesReference metaid="_372579" species="SOCS3"/>
        </listOfModifiers>
        <kineticLaw metaid="_372591">
          <math xmlns="http://www.w3.org/1998/Math/MathML">          
            <apply>
              <times/>
              <apply>
                <divide/>
                <apply>
                  <times/>
                  <cn> 3 </cn>
                  <ci> EpoRActJAK2 </ci>
                  <ci> p1EpoRpJAK2 </ci>
                </apply>
                <apply>
                  <times/>
                  <apply>
                    <plus/>
                    <apply>
                      <divide/>
                      <apply>
                        <times/>
                        <ci> SOCS3Inh </ci>
                        <ci> SOCS3 </ci>
                      </apply>
                      <ci> SOCS3Eqc </ci>
                    </apply>
                    <cn> 1 </cn>
                  </apply>
                  <apply>
                    <plus/>
                    <apply>
                      <times/>
                      <ci> EpoRCISInh </ci>
                      <ci> EpoRJAK2_CIS </ci>
                    </apply>
                    <cn> 1 </cn>
                  </apply>
                </apply>
              </apply>
              <ci> cyt </ci>
            </apply>
          </math>
                </kineticLaw>
      </reaction>
      <reaction id="reaction_6" metaid="_229157" reversible="false" sboTerm="SBO:0000216">
        <annotation>
          <rdf:RDF xmlns:rdf="http://www.w3.org/1999/02/22-rdf-syntax-ns#" xmlns:bqmodel="http://biomodels.net/model-qualifiers/" xmlns:bqbiol="http://biomodels.net/biology-qualifiers/">
            <rdf:Description rdf:about="#_229157">
	<bqbiol:isVersionOf>
	<rdf:Bag>
	<rdf:li rdf:resource="http://identifiers.org/go/GO:0016310"/>
	</rdf:Bag>
	</bqbiol:isVersionOf>
	</rdf:Description>
	
          </rdf:RDF>
        </annotation>
              <listOfReactants>
          <speciesReference metaid="_372603" species="p2EpoRpJAK2"/>
        </listOfReactants>
        <listOfProducts>
          <speciesReference metaid="_372615" species="p12EpoRpJAK2"/>
        </listOfProducts>
        <listOfModifiers>
          <modifierSpeciesReference metaid="_372627" species="SOCS3"/>
        </listOfModifiers>
        <kineticLaw metaid="_372639">
          <math xmlns="http://www.w3.org/1998/Math/MathML">          
            <apply>
              <times/>
              <apply>
                <divide/>
                <apply>
                  <times/>
                  <ci> EpoRActJAK2 </ci>
                  <ci> p2EpoRpJAK2 </ci>
                </apply>
                <apply>
                  <plus/>
                  <apply>
                    <divide/>
                    <apply>
                      <times/>
                      <ci> SOCS3Inh </ci>
                      <ci> SOCS3 </ci>
                    </apply>
                    <ci> SOCS3Eqc </ci>
                  </apply>
                  <cn> 1 </cn>
                </apply>
              </apply>
              <ci> cyt </ci>
            </apply>
          </math>
                </kineticLaw>
      </reaction>
      <reaction id="reaction_7" metaid="_229159" reversible="false" sboTerm="SBO:0000330">
        <annotation>
          <rdf:RDF xmlns:rdf="http://www.w3.org/1999/02/22-rdf-syntax-ns#" xmlns:bqmodel="http://biomodels.net/model-qualifiers/" xmlns:bqbiol="http://biomodels.net/biology-qualifiers/">
            <rdf:Description rdf:about="#_229159">
	<bqbiol:isVersionOf>
	<rdf:Bag>
	<rdf:li rdf:resource="http://identifiers.org/go/GO:0016311"/>
	</rdf:Bag>
	</bqbiol:isVersionOf>
	</rdf:Description>
	
          </rdf:RDF>
        </annotation>
              <listOfReactants>
          <speciesReference metaid="_372651" species="p1EpoRpJAK2"/>
        </listOfReactants>
        <listOfProducts>
          <speciesReference metaid="_372663" species="EpoRJAK2"/>
        </listOfProducts>
        <listOfModifiers>
          <modifierSpeciesReference metaid="_372675" species="SHP1Act"/>
        </listOfModifiers>
        <kineticLaw metaid="_372687">
          <math xmlns="http://www.w3.org/1998/Math/MathML">          
            <apply>
              <times/>
              <apply>
                <divide/>
                <apply>
                  <times/>
                  <ci> JAK2EpoRDeaSHP1 </ci>
                  <ci> SHP1Act </ci>
                  <ci> p1EpoRpJAK2 </ci>
                </apply>
                <ci> init_SHP1 </ci>
              </apply>
              <ci> cyt </ci>
            </apply>
          </math>
                </kineticLaw>
      </reaction>
      <reaction id="reaction_8" metaid="_229160" reversible="false" sboTerm="SBO:0000330">
        <annotation>
          <rdf:RDF xmlns:rdf="http://www.w3.org/1999/02/22-rdf-syntax-ns#" xmlns:bqmodel="http://biomodels.net/model-qualifiers/" xmlns:bqbiol="http://biomodels.net/biology-qualifiers/">
            <rdf:Description rdf:about="#_229160">
	<bqbiol:isVersionOf>
	<rdf:Bag>
	<rdf:li rdf:resource="http://identifiers.org/go/GO:0016311"/>
	</rdf:Bag>
	</bqbiol:isVersionOf>
	</rdf:Description>
	
          </rdf:RDF>
        </annotation>
              <listOfReactants>
          <speciesReference metaid="_372699" species="p2EpoRpJAK2"/>
        </listOfReactants>
        <listOfProducts>
          <speciesReference metaid="_372711" species="EpoRJAK2"/>
        </listOfProducts>
        <listOfModifiers>
          <modifierSpeciesReference metaid="_372723" species="SHP1Act"/>
        </listOfModifiers>
        <kineticLaw metaid="_372735">
          <math xmlns="http://www.w3.org/1998/Math/MathML">          
            <apply>
              <times/>
              <apply>
                <divide/>
                <apply>
                  <times/>
                  <ci> JAK2EpoRDeaSHP1 </ci>
                  <ci> SHP1Act </ci>
                  <ci> p2EpoRpJAK2 </ci>
                </apply>
                <ci> init_SHP1 </ci>
              </apply>
              <ci> cyt </ci>
            </apply>
          </math>
                </kineticLaw>
      </reaction>
      <reaction id="reaction_9" metaid="_229161" reversible="false" sboTerm="SBO:0000330">
        <annotation>
          <rdf:RDF xmlns:rdf="http://www.w3.org/1999/02/22-rdf-syntax-ns#" xmlns:bqmodel="http://biomodels.net/model-qualifiers/" xmlns:bqbiol="http://biomodels.net/biology-qualifiers/">
            <rdf:Description rdf:about="#_229161">
	<bqbiol:isVersionOf>
	<rdf:Bag>
	<rdf:li rdf:resource="http://identifiers.org/go/GO:0016311"/>
	</rdf:Bag>
	</bqbiol:isVersionOf>
	</rdf:Description>
	
          </rdf:RDF>
        </annotation>
              <listOfReactants>
          <speciesReference metaid="_372747" species="p12EpoRpJAK2"/>
        </listOfReactants>
        <listOfProducts>
          <speciesReference metaid="_372759" species="EpoRJAK2"/>
        </listOfProducts>
        <listOfModifiers>
          <modifierSpeciesReference metaid="_372771" species="SHP1Act"/>
        </listOfModifiers>
        <kineticLaw metaid="_372783">
          <math xmlns="http://www.w3.org/1998/Math/MathML">          
            <apply>
              <times/>
              <apply>
                <divide/>
                <apply>
                  <times/>
                  <ci> JAK2EpoRDeaSHP1 </ci>
                  <ci> SHP1Act </ci>
                  <ci> p12EpoRpJAK2 </ci>
                </apply>
                <ci> init_SHP1 </ci>
              </apply>
              <ci> cyt </ci>
            </apply>
          </math>
                </kineticLaw>
      </reaction>
      <reaction id="reaction_10" metaid="_229163" reversible="false" sboTerm="SBO:0000179">
        <annotation>
          <rdf:RDF xmlns:rdf="http://www.w3.org/1999/02/22-rdf-syntax-ns#" xmlns:bqmodel="http://biomodels.net/model-qualifiers/" xmlns:bqbiol="http://biomodels.net/biology-qualifiers/">
            <rdf:Description rdf:about="#_229163">
	<bqbiol:isVersionOf>
	<rdf:Bag>
	<rdf:li rdf:resource="http://identifiers.org/go/GO:0009056"/>
	</rdf:Bag>
	</bqbiol:isVersionOf>
	</rdf:Description>
	
          </rdf:RDF>
        </annotation>
              <listOfReactants>
          <speciesReference metaid="_372795" species="EpoRJAK2_CIS"/>
        </listOfReactants>
        <listOfModifiers>
          <modifierSpeciesReference metaid="_372807" species="p12EpoRpJAK2"/>
          <modifierSpeciesReference metaid="_372819" species="p1EpoRpJAK2"/>
        </listOfModifiers>
        <kineticLaw metaid="_372831">
          <math xmlns="http://www.w3.org/1998/Math/MathML">          
            <apply>
              <times/>
              <apply>
                <divide/>
                <apply>
                  <times/>
                  <ci> EpoRCISRemove </ci>
                  <ci> EpoRJAK2_CIS </ci>
                  <apply>
                    <plus/>
                    <ci> p12EpoRpJAK2 </ci>
                    <ci> p1EpoRpJAK2 </ci>
                  </apply>
                </apply>
                <ci> init_EpoRJAK2 </ci>
              </apply>
              <ci> cyt </ci>
            </apply>
          </math>
                </kineticLaw>
      </reaction>
      <reaction id="reaction_11" metaid="_229164" reversible="false" sboTerm="SBO:0000181">
        <annotation>
          <rdf:RDF xmlns:rdf="http://www.w3.org/1999/02/22-rdf-syntax-ns#" xmlns:bqmodel="http://biomodels.net/model-qualifiers/" xmlns:bqbiol="http://biomodels.net/biology-qualifiers/">
            <rdf:Description rdf:about="#_229164">
	<bqbiol:isVersionOf>
	<rdf:Bag>
	<rdf:li rdf:resource="http://identifiers.org/mod/MOD:00000"/>
	</rdf:Bag>
	</bqbiol:isVersionOf>
	</rdf:Description>
	
          </rdf:RDF>
        </annotation>
              <listOfReactants>
          <speciesReference metaid="_372844" species="SHP1"/>
        </listOfReactants>
        <listOfProducts>
          <speciesReference metaid="_372856" species="SHP1Act"/>
        </listOfProducts>
        <listOfModifiers>
          <modifierSpeciesReference metaid="_372868" species="EpoRpJAK2"/>
          <modifierSpeciesReference metaid="_372881" species="p12EpoRpJAK2"/>
          <modifierSpeciesReference metaid="_372893" species="p1EpoRpJAK2"/>
          <modifierSpeciesReference metaid="_372905" species="p2EpoRpJAK2"/>
        </listOfModifiers>
        <kineticLaw metaid="_372917">
          <math xmlns="http://www.w3.org/1998/Math/MathML">          
            <apply>
              <times/>
              <apply>
                <divide/>
                <apply>
                  <times/>
                  <ci> SHP1ActEpoR </ci>
                  <ci> SHP1 </ci>
                  <apply>
                    <plus/>
                    <ci> EpoRpJAK2 </ci>
                    <ci> p12EpoRpJAK2 </ci>
                    <ci> p1EpoRpJAK2 </ci>
                    <ci> p2EpoRpJAK2 </ci>
                  </apply>
                </apply>
                <ci> init_EpoRJAK2 </ci>
              </apply>
              <ci> cyt </ci>
            </apply>
          </math>
                </kineticLaw>
      </reaction>
      <reaction id="reaction_12" metaid="_229165" reversible="false" sboTerm="SBO:0000181">
        <annotation>
          <rdf:RDF xmlns:rdf="http://www.w3.org/1999/02/22-rdf-syntax-ns#" xmlns:bqmodel="http://biomodels.net/model-qualifiers/" xmlns:bqbiol="http://biomodels.net/biology-qualifiers/">
            <rdf:Description rdf:about="#_229165">
	<bqbiol:isVersionOf>
	<rdf:Bag>
	<rdf:li rdf:resource="http://identifiers.org/mod/MOD:00000"/>
	</rdf:Bag>
	</bqbiol:isVersionOf>
	</rdf:Description>
	
          </rdf:RDF>
        </annotation>
              <listOfReactants>
          <speciesReference metaid="_372929" species="SHP1Act"/>
        </listOfReactants>
        <listOfProducts>
          <speciesReference metaid="_372941" species="SHP1"/>
        </listOfProducts>
        <kineticLaw metaid="_372954">
          <math xmlns="http://www.w3.org/1998/Math/MathML">          
            <apply>
              <times/>
              <ci> SHP1Dea </ci>
              <ci> SHP1Act </ci>
              <ci> cyt </ci>
            </apply>
          </math>
                </kineticLaw>
      </reaction>
      <reaction id="reaction_13" metaid="_229167" reversible="false" sboTerm="SBO:0000216">
        <annotation>
          <rdf:RDF xmlns:rdf="http://www.w3.org/1999/02/22-rdf-syntax-ns#" xmlns:bqmodel="http://biomodels.net/model-qualifiers/" xmlns:bqbiol="http://biomodels.net/biology-qualifiers/">
            <rdf:Description rdf:about="#_229167">
	<bqbiol:isVersionOf>
	<rdf:Bag>
	<rdf:li rdf:resource="http://identifiers.org/go/GO:0016310"/>
	</rdf:Bag>
	</bqbiol:isVersionOf>
	</rdf:Description>
	
          </rdf:RDF>
        </annotation>
              <listOfReactants>
          <speciesReference metaid="_372966" species="STAT5"/>
        </listOfReactants>
        <listOfProducts>
          <speciesReference metaid="_372978" species="pSTAT5"/>
        </listOfProducts>
        <listOfModifiers>
          <modifierSpeciesReference metaid="_372990" species="EpoRpJAK2"/>
          <modifierSpeciesReference metaid="_373002" species="SOCS3"/>
          <modifierSpeciesReference metaid="_373014" species="p12EpoRpJAK2"/>
          <modifierSpeciesReference metaid="_373026" species="p1EpoRpJAK2"/>
          <modifierSpeciesReference metaid="_373038" species="p2EpoRpJAK2"/>
        </listOfModifiers>
        <kineticLaw metaid="_373050">
          <math xmlns="http://www.w3.org/1998/Math/MathML">          
            <apply>
              <times/>
              <apply>
                <divide/>
                <apply>
                  <times/>
                  <ci> STAT5ActJAK2 </ci>
                  <ci> STAT5 </ci>
                  <apply>
                    <plus/>
                    <ci> EpoRpJAK2 </ci>
                    <ci> p12EpoRpJAK2 </ci>
                    <ci> p1EpoRpJAK2 </ci>
                    <ci> p2EpoRpJAK2 </ci>
                  </apply>
                </apply>
                <apply>
                  <times/>
                  <ci> init_EpoRJAK2 </ci>
                  <apply>
                    <plus/>
                    <apply>
                      <divide/>
                      <apply>
                        <times/>
                        <ci> SOCS3Inh </ci>
                        <ci> SOCS3 </ci>
                      </apply>
                      <ci> SOCS3Eqc </ci>
                    </apply>
                    <cn> 1 </cn>
                  </apply>
                </apply>
              </apply>
              <ci> cyt </ci>
            </apply>
          </math>
                </kineticLaw>
      </reaction>
      <reaction id="reaction_14" metaid="_229168" reversible="false" sboTerm="SBO:0000216">
        <annotation>
          <rdf:RDF xmlns:rdf="http://www.w3.org/1999/02/22-rdf-syntax-ns#" xmlns:bqmodel="http://biomodels.net/model-qualifiers/" xmlns:bqbiol="http://biomodels.net/biology-qualifiers/">
            <rdf:Description rdf:about="#_229168">
	<bqbiol:isVersionOf>
	<rdf:Bag>
	<rdf:li rdf:resource="http://identifiers.org/go/GO:0016310"/>
	</rdf:Bag>
	</bqbiol:isVersionOf>
	</rdf:Description>
	
          </rdf:RDF>
        </annotation>
              <listOfReactants>
          <speciesReference metaid="_373062" species="STAT5"/>
        </listOfReactants>
        <listOfProducts>
          <speciesReference metaid="_373075" species="pSTAT5"/>
        </listOfProducts>
        <listOfModifiers>
          <modifierSpeciesReference metaid="_373087" species="CIS"/>
          <modifierSpeciesReference metaid="_373099" species="SOCS3"/>
          <modifierSpeciesReference metaid="_373112" species="p12EpoRpJAK2"/>
          <modifierSpeciesReference metaid="_373124" species="p1EpoRpJAK2"/>
        </listOfModifiers>
        <kineticLaw metaid="_373136">
          <math xmlns="http://www.w3.org/1998/Math/MathML">          
            <apply>
              <times/>
              <apply>
                <divide/>
                <apply>
                  <times/>
                  <ci> STAT5ActEpoR </ci>
                  <ci> STAT5 </ci>
                  <apply>
                    <power/>
                    <apply>
                      <plus/>
                      <ci> p12EpoRpJAK2 </ci>
                      <ci> p1EpoRpJAK2 </ci>
                    </apply>
                    <cn> 2 </cn>
                  </apply>
                </apply>
                <apply>
                  <times/>
                  <apply>
                    <power/>
                    <ci> init_EpoRJAK2 </ci>
                    <cn> 2 </cn>
                  </apply>
                  <apply>
                    <plus/>
                    <apply>
                      <divide/>
                      <apply>
                        <times/>
                        <ci> CISInh </ci>
                        <ci> CIS </ci>
                      </apply>
                      <ci> CISEqc </ci>
                    </apply>
                    <cn> 1 </cn>
                  </apply>
                  <apply>
                    <plus/>
                    <apply>
                      <divide/>
                      <apply>
                        <times/>
                        <ci> SOCS3Inh </ci>
                        <ci> SOCS3 </ci>
                      </apply>
                      <ci> SOCS3Eqc </ci>
                    </apply>
                    <cn> 1 </cn>
                  </apply>
                </apply>
              </apply>
              <ci> cyt </ci>
            </apply>
          </math>
                </kineticLaw>
      </reaction>
      <reaction id="reaction_15" metaid="_229169" reversible="false" sboTerm="SBO:0000185">
        <annotation>
          <rdf:RDF xmlns:rdf="http://www.w3.org/1999/02/22-rdf-syntax-ns#" xmlns:bqmodel="http://biomodels.net/model-qualifiers/" xmlns:bqbiol="http://biomodels.net/biology-qualifiers/">
            <rdf:Description rdf:about="#_229169">
	<bqbiol:isVersionOf>
	<rdf:Bag>
	<rdf:li rdf:resource="http://identifiers.org/go/GO:0051169"/>
	</rdf:Bag>
	</bqbiol:isVersionOf>
	</rdf:Description>
	
          </rdf:RDF>
        </annotation>
              <listOfReactants>
          <speciesReference metaid="_373148" species="pSTAT5"/>
        </listOfReactants>
        <listOfProducts>
          <speciesReference metaid="_373160" species="npSTAT5"/>
        </listOfProducts>
        <kineticLaw metaid="_373172">
          <math xmlns="http://www.w3.org/1998/Math/MathML">          
            <apply>
              <times/>
              <ci> STAT5Imp </ci>
              <ci> pSTAT5 </ci>
              <ci> cyt </ci>
            </apply>
          </math>
                </kineticLaw>
      </reaction>
      <reaction id="reaction_16" metaid="_229171" reversible="false" sboTerm="SBO:0000330">
        <annotation>
          <rdf:RDF xmlns:rdf="http://www.w3.org/1999/02/22-rdf-syntax-ns#" xmlns:bqmodel="http://biomodels.net/model-qualifiers/" xmlns:bqbiol="http://biomodels.net/biology-qualifiers/">
            <rdf:Description rdf:about="#_229171">
	<bqbiol:isVersionOf>
	<rdf:Bag>
	<rdf:li rdf:resource="http://identifiers.org/go/GO:0016311"/>
	</rdf:Bag>
	</bqbiol:isVersionOf>
	</rdf:Description>
	
          </rdf:RDF>
        </annotation>
              <listOfReactants>
          <speciesReference metaid="_373184" species="npSTAT5"/>
        </listOfReactants>
        <listOfProducts>
          <speciesReference metaid="_373196" species="STAT5"/>
        </listOfProducts>
        <kineticLaw metaid="_373208">
          <math xmlns="http://www.w3.org/1998/Math/MathML">          
            <apply>
              <times/>
              <ci> STAT5Exp </ci>
              <ci> npSTAT5 </ci>
              <ci> nuc </ci>
            </apply>
          </math>
                </kineticLaw>
      </reaction>
      <reaction id="reaction_17" metaid="_229172" sboTerm="SBO:0000393">
        <annotation>
          <rdf:RDF xmlns:rdf="http://www.w3.org/1999/02/22-rdf-syntax-ns#" xmlns:bqmodel="http://biomodels.net/model-qualifiers/" xmlns:bqbiol="http://biomodels.net/biology-qualifiers/">
            <rdf:Description rdf:about="#_229172">
	<bqbiol:isVersionOf>
	<rdf:Bag>
	<rdf:li rdf:resource="http://identifiers.org/go/GO:0032774"/>
	</rdf:Bag>
	</bqbiol:isVersionOf>
	</rdf:Description>
	
          </rdf:RDF>
        </annotation>
              <listOfProducts>
          <speciesReference metaid="_373220" species="CISnRNA1"/>
        </listOfProducts>
        <listOfModifiers>
          <modifierSpeciesReference metaid="_373232" species="npSTAT5"/>
        </listOfModifiers>
        <kineticLaw metaid="_373245">
          <math xmlns="http://www.w3.org/1998/Math/MathML">          
            <apply>
              <minus/>
              <apply>
                <times/>
                <apply>
                  <divide/>
                  <apply>
                    <times/>
                    <ci> CISRNAEqc </ci>
                    <ci> CISRNATurn </ci>
                    <ci> npSTAT5 </ci>
                    <apply>
                      <minus/>
                      <ci> ActD </ci>
                      <cn> 1 </cn>
                    </apply>
                  </apply>
                  <ci> init_STAT5 </ci>
                </apply>
                <ci> nuc </ci>
              </apply>
            </apply>
          </math>
                </kineticLaw>
      </reaction>
      <reaction id="reaction_18" metaid="_229173" reversible="false" sboTerm="SBO:0000182">
        <annotation>
          <rdf:RDF xmlns:rdf="http://www.w3.org/1999/02/22-rdf-syntax-ns#" xmlns:bqmodel="http://biomodels.net/model-qualifiers/" xmlns:bqbiol="http://biomodels.net/biology-qualifiers/">
            <rdf:Description rdf:about="#_229173">
	<bqbiol:isVersionOf>
	<rdf:Bag>
	<rdf:li rdf:resource="http://identifiers.org/go/GO:0009451"/>
	</rdf:Bag>
	</bqbiol:isVersionOf>
	</rdf:Description>
	
          </rdf:RDF>
        </annotation>
              <listOfReactants>
          <speciesReference metaid="_373257" species="CISnRNA1"/>
        </listOfReactants>
        <listOfProducts>
          <speciesReference metaid="_373269" species="CISnRNA2"/>
        </listOfProducts>
        <kineticLaw metaid="_373281">
          <math xmlns="http://www.w3.org/1998/Math/MathML">          
            <apply>
              <times/>
              <ci> CISRNADelay </ci>
              <ci> CISnRNA1 </ci>
              <ci> nuc </ci>
            </apply>
          </math>
                </kineticLaw>
      </reaction>
      <reaction id="reaction_19" metaid="_229174" reversible="false" sboTerm="SBO:0000182">
        <annotation>
          <rdf:RDF xmlns:rdf="http://www.w3.org/1999/02/22-rdf-syntax-ns#" xmlns:bqmodel="http://biomodels.net/model-qualifiers/" xmlns:bqbiol="http://biomodels.net/biology-qualifiers/">
            <rdf:Description rdf:about="#_229174">
	<bqbiol:isVersionOf>
	<rdf:Bag>
	<rdf:li rdf:resource="http://identifiers.org/go/GO:0009451"/>
	</rdf:Bag>
	</bqbiol:isVersionOf>
	</rdf:Description>
	
          </rdf:RDF>
        </annotation>
              <listOfReactants>
          <speciesReference metaid="_373293" species="CISnRNA2"/>
        </listOfReactants>
        <listOfProducts>
          <speciesReference metaid="_373305" species="CISnRNA3"/>
        </listOfProducts>
        <kineticLaw metaid="_373317">
          <math xmlns="http://www.w3.org/1998/Math/MathML">          
            <apply>
              <times/>
              <ci> CISRNADelay </ci>
              <ci> CISnRNA2 </ci>
              <ci> nuc </ci>
            </apply>
          </math>
                </kineticLaw>
      </reaction>
      <reaction id="reaction_20" metaid="_229176" reversible="false" sboTerm="SBO:0000182">
        <annotation>
          <rdf:RDF xmlns:rdf="http://www.w3.org/1999/02/22-rdf-syntax-ns#" xmlns:bqmodel="http://biomodels.net/model-qualifiers/" xmlns:bqbiol="http://biomodels.net/biology-qualifiers/">
            <rdf:Description rdf:about="#_229176">
	<bqbiol:isVersionOf>
	<rdf:Bag>
	<rdf:li rdf:resource="http://identifiers.org/go/GO:0009451"/>
	</rdf:Bag>
	</bqbiol:isVersionOf>
	</rdf:Description>
	
          </rdf:RDF>
        </annotation>
              <listOfReactants>
          <speciesReference metaid="_373329" species="CISnRNA3"/>
        </listOfReactants>
        <listOfProducts>
          <speciesReference metaid="_373341" species="CISnRNA4"/>
        </listOfProducts>
        <kineticLaw metaid="_373353">
          <math xmlns="http://www.w3.org/1998/Math/MathML">          
            <apply>
              <times/>
              <ci> CISRNADelay </ci>
              <ci> CISnRNA3 </ci>
              <ci> nuc </ci>
            </apply>
          </math>
                </kineticLaw>
      </reaction>
      <reaction id="reaction_21" metaid="_229177" reversible="false" sboTerm="SBO:0000182">
        <annotation>
          <rdf:RDF xmlns:rdf="http://www.w3.org/1999/02/22-rdf-syntax-ns#" xmlns:bqmodel="http://biomodels.net/model-qualifiers/" xmlns:bqbiol="http://biomodels.net/biology-qualifiers/">
            <rdf:Description rdf:about="#_229177">
	<bqbiol:isVersionOf>
	<rdf:Bag>
	<rdf:li rdf:resource="http://identifiers.org/go/GO:0009451"/>
	</rdf:Bag>
	</bqbiol:isVersionOf>
	</rdf:Description>
	
          </rdf:RDF>
        </annotation>
              <listOfReactants>
          <speciesReference metaid="_373365" species="CISnRNA4"/>
        </listOfReactants>
        <listOfProducts>
          <speciesReference metaid="_373377" species="CISnRNA5"/>
        </listOfProducts>
        <kineticLaw metaid="_373389">
          <math xmlns="http://www.w3.org/1998/Math/MathML">          
            <apply>
              <times/>
              <ci> CISRNADelay </ci>
              <ci> CISnRNA4 </ci>
              <ci> nuc </ci>
            </apply>
          </math>
                </kineticLaw>
      </reaction>
      <reaction id="reaction_22" metaid="_229178" reversible="false" sboTerm="SBO:0000182">
        <annotation>
          <rdf:RDF xmlns:rdf="http://www.w3.org/1999/02/22-rdf-syntax-ns#" xmlns:bqmodel="http://biomodels.net/model-qualifiers/" xmlns:bqbiol="http://biomodels.net/biology-qualifiers/">
            <rdf:Description rdf:about="#_229178">
	<bqbiol:isVersionOf>
	<rdf:Bag>
	<rdf:li rdf:resource="http://identifiers.org/go/GO:0009451"/>
	</rdf:Bag>
	</bqbiol:isVersionOf>
	</rdf:Description>
	
          </rdf:RDF>
        </annotation>
              <listOfReactants>
          <speciesReference metaid="_373401" species="CISnRNA5"/>
        </listOfReactants>
        <listOfProducts>
          <speciesReference metaid="_373413" species="CISRNA"/>
        </listOfProducts>
        <kineticLaw metaid="_373426">
          <math xmlns="http://www.w3.org/1998/Math/MathML">          
            <apply>
              <times/>
              <ci> CISRNADelay </ci>
              <ci> CISnRNA5 </ci>
              <ci> nuc </ci>
            </apply>
          </math>
                </kineticLaw>
      </reaction>
      <reaction id="reaction_23" metaid="_229179" reversible="false" sboTerm="SBO:0000179">
        <annotation>
          <rdf:RDF xmlns:rdf="http://www.w3.org/1999/02/22-rdf-syntax-ns#" xmlns:bqmodel="http://biomodels.net/model-qualifiers/" xmlns:bqbiol="http://biomodels.net/biology-qualifiers/">
            <rdf:Description rdf:about="#_229179">
	<bqbiol:isVersionOf>
	<rdf:Bag>
	<rdf:li rdf:resource="http://identifiers.org/go/GO:0006401"/>
	</rdf:Bag>
	</bqbiol:isVersionOf>
	</rdf:Description>
	
          </rdf:RDF>
        </annotation>
              <listOfReactants>
          <speciesReference metaid="_373438" species="CISRNA"/>
        </listOfReactants>
        <kineticLaw metaid="_373450">
          <math xmlns="http://www.w3.org/1998/Math/MathML">          
            <apply>
              <times/>
              <ci> CISRNATurn </ci>
              <ci> CISRNA </ci>
              <ci> cyt </ci>
            </apply>
          </math>
                </kineticLaw>
      </reaction>
      <reaction id="reaction_24" metaid="_229181" reversible="false" sboTerm="SBO:0000393">
        <annotation>
          <rdf:RDF xmlns:rdf="http://www.w3.org/1999/02/22-rdf-syntax-ns#" xmlns:bqmodel="http://biomodels.net/model-qualifiers/" xmlns:bqbiol="http://biomodels.net/biology-qualifiers/">
            <rdf:Description rdf:about="#_229181">
	<bqbiol:isVersionOf>
	<rdf:Bag>
	<rdf:li rdf:resource="http://identifiers.org/go/GO:0009058"/>
	</rdf:Bag>
	</bqbiol:isVersionOf>
	</rdf:Description>
	
          </rdf:RDF>
        </annotation>
              <listOfProducts>
          <speciesReference metaid="_373462" species="CIS"/>
        </listOfProducts>
        <listOfModifiers>
          <modifierSpeciesReference metaid="_373474" species="CISRNA"/>
        </listOfModifiers>
        <kineticLaw metaid="_373486">
          <math xmlns="http://www.w3.org/1998/Math/MathML">          
            <apply>
              <times/>
              <apply>
                <divide/>
                <apply>
                  <times/>
                  <ci> CISEqc </ci>
                  <ci> CISTurn </ci>
                  <ci> CISRNA </ci>
                </apply>
                <ci> CISRNAEqc </ci>
              </apply>
              <ci> cyt </ci>
            </apply>
          </math>
                </kineticLaw>
      </reaction>
      <reaction id="reaction_25" metaid="_229182" reversible="false" sboTerm="SBO:0000179">
        <annotation>
          <rdf:RDF xmlns:rdf="http://www.w3.org/1999/02/22-rdf-syntax-ns#" xmlns:bqmodel="http://biomodels.net/model-qualifiers/" xmlns:bqbiol="http://biomodels.net/biology-qualifiers/">
            <rdf:Description rdf:about="#_229182">
	<bqbiol:isVersionOf>
	<rdf:Bag>
	<rdf:li rdf:resource="http://identifiers.org/go/GO:0006401"/>
	</rdf:Bag>
	</bqbiol:isVersionOf>
	</rdf:Description>
	
          </rdf:RDF>
        </annotation>
              <listOfReactants>
          <speciesReference metaid="_373498" species="CIS"/>
        </listOfReactants>
        <kineticLaw metaid="_373510">
          <math xmlns="http://www.w3.org/1998/Math/MathML">          
            <apply>
              <times/>
              <ci> CISTurn </ci>
              <ci> CIS </ci>
              <ci> cyt </ci>
            </apply>
          </math>
                </kineticLaw>
      </reaction>
      <reaction id="reaction_26" metaid="_229183" reversible="false" sboTerm="SBO:0000393">
        <annotation>
          <rdf:RDF xmlns:rdf="http://www.w3.org/1999/02/22-rdf-syntax-ns#" xmlns:bqmodel="http://biomodels.net/model-qualifiers/" xmlns:bqbiol="http://biomodels.net/biology-qualifiers/">
            <rdf:Description rdf:about="#_229183">
	<bqbiol:isVersionOf>
	<rdf:Bag>
	<rdf:li rdf:resource="http://identifiers.org/go/GO:0009058"/>
	</rdf:Bag>
	</bqbiol:isVersionOf>
	</rdf:Description>
	
          </rdf:RDF>
        </annotation>
              <listOfProducts>
          <speciesReference metaid="_373522" species="CIS"/>
        </listOfProducts>
        <kineticLaw metaid="_373534">
          <math xmlns="http://www.w3.org/1998/Math/MathML">          
            <apply>
              <times/>
              <ci> CISoe </ci>
              <ci> CISEqc </ci>
              <ci> CISTurn </ci>
              <ci> CISEqcOE </ci>
            </apply>
          </math>
                </kineticLaw>
      </reaction>
      <reaction id="reaction_27" metaid="_229185" sboTerm="SBO:0000393">
        <annotation>
          <rdf:RDF xmlns:rdf="http://www.w3.org/1999/02/22-rdf-syntax-ns#" xmlns:bqmodel="http://biomodels.net/model-qualifiers/" xmlns:bqbiol="http://biomodels.net/biology-qualifiers/">
            <rdf:Description rdf:about="#_229185">
	<bqbiol:isVersionOf>
	<rdf:Bag>
	<rdf:li rdf:resource="http://identifiers.org/go/GO:0032774"/>
	</rdf:Bag>
	</bqbiol:isVersionOf>
	</rdf:Description>
	
          </rdf:RDF>
        </annotation>
              <listOfProducts>
          <speciesReference metaid="_373546" species="SOCS3nRNA1"/>
        </listOfProducts>
        <listOfModifiers>
          <modifierSpeciesReference metaid="_373558" species="npSTAT5"/>
        </listOfModifiers>
        <kineticLaw metaid="_373571">
          <math xmlns="http://www.w3.org/1998/Math/MathML">          
            <apply>
              <minus/>
              <apply>
                <times/>
                <apply>
                  <divide/>
                  <apply>
                    <times/>
                    <ci> SOCS3RNAEqc </ci>
                    <ci> SOCS3RNATurn </ci>
                    <ci> npSTAT5 </ci>
                    <apply>
                      <minus/>
                      <ci> ActD </ci>
                      <cn> 1 </cn>
                    </apply>
                  </apply>
                  <ci> init_STAT5 </ci>
                </apply>
                <ci> nuc </ci>
              </apply>
            </apply>
          </math>
                </kineticLaw>
      </reaction>
      <reaction id="reaction_28" metaid="_229186" reversible="false" sboTerm="SBO:0000182">
        <annotation>
          <rdf:RDF xmlns:rdf="http://www.w3.org/1999/02/22-rdf-syntax-ns#" xmlns:bqmodel="http://biomodels.net/model-qualifiers/" xmlns:bqbiol="http://biomodels.net/biology-qualifiers/">
            <rdf:Description rdf:about="#_229186">
	<bqbiol:isVersionOf>
	<rdf:Bag>
	<rdf:li rdf:resource="http://identifiers.org/go/GO:0009451"/>
	</rdf:Bag>
	</bqbiol:isVersionOf>
	</rdf:Description>
	
          </rdf:RDF>
        </annotation>
              <listOfReactants>
          <speciesReference metaid="_373583" species="SOCS3nRNA1"/>
        </listOfReactants>
        <listOfProducts>
          <speciesReference metaid="_373595" species="SOCS3nRNA2"/>
        </listOfProducts>
        <kineticLaw metaid="_373607">
          <math xmlns="http://www.w3.org/1998/Math/MathML">          
            <apply>
              <times/>
              <ci> SOCS3RNADelay </ci>
              <ci> SOCS3nRNA1 </ci>
              <ci> nuc </ci>
            </apply>
          </math>
                </kineticLaw>
      </reaction>
      <reaction id="reaction_29" metaid="_229187" reversible="false" sboTerm="SBO:0000182">
        <annotation>
          <rdf:RDF xmlns:rdf="http://www.w3.org/1999/02/22-rdf-syntax-ns#" xmlns:bqmodel="http://biomodels.net/model-qualifiers/" xmlns:bqbiol="http://biomodels.net/biology-qualifiers/">
            <rdf:Description rdf:about="#_229187">
	<bqbiol:isVersionOf>
	<rdf:Bag>
	<rdf:li rdf:resource="http://identifiers.org/go/GO:0009451"/>
	</rdf:Bag>
	</bqbiol:isVersionOf>
	</rdf:Description>
	
          </rdf:RDF>
        </annotation>
              <listOfReactants>
          <speciesReference metaid="_373619" species="SOCS3nRNA2"/>
        </listOfReactants>
        <listOfProducts>
          <speciesReference metaid="_373631" species="SOCS3nRNA3"/>
        </listOfProducts>
        <kineticLaw metaid="_373643">
          <math xmlns="http://www.w3.org/1998/Math/MathML">          
            <apply>
              <times/>
              <ci> SOCS3RNADelay </ci>
              <ci> SOCS3nRNA2 </ci>
              <ci> nuc </ci>
            </apply>
          </math>
                </kineticLaw>
      </reaction>
      <reaction id="reaction_30" metaid="_229189" reversible="false" sboTerm="SBO:0000182">
        <annotation>
          <rdf:RDF xmlns:rdf="http://www.w3.org/1999/02/22-rdf-syntax-ns#" xmlns:bqmodel="http://biomodels.net/model-qualifiers/" xmlns:bqbiol="http://biomodels.net/biology-qualifiers/">
            <rdf:Description rdf:about="#_229189">
	<bqbiol:isVersionOf>
	<rdf:Bag>
	<rdf:li rdf:resource="http://identifiers.org/go/GO:0009451"/>
	</rdf:Bag>
	</bqbiol:isVersionOf>
	</rdf:Description>
	
          </rdf:RDF>
        </annotation>
              <listOfReactants>
          <speciesReference metaid="_373655" species="SOCS3nRNA3"/>
        </listOfReactants>
        <listOfProducts>
          <speciesReference metaid="_373667" species="SOCS3nRNA4"/>
        </listOfProducts>
        <kineticLaw metaid="_373680">
          <math xmlns="http://www.w3.org/1998/Math/MathML">          
            <apply>
              <times/>
              <ci> SOCS3RNADelay </ci>
              <ci> SOCS3nRNA3 </ci>
              <ci> nuc </ci>
            </apply>
          </math>
                </kineticLaw>
      </reaction>
      <reaction id="reaction_31" metaid="_229190" reversible="false" sboTerm="SBO:0000182">
        <annotation>
          <rdf:RDF xmlns:rdf="http://www.w3.org/1999/02/22-rdf-syntax-ns#" xmlns:bqmodel="http://biomodels.net/model-qualifiers/" xmlns:bqbiol="http://biomodels.net/biology-qualifiers/">
            <rdf:Description rdf:about="#_229190">
	<bqbiol:isVersionOf>
	<rdf:Bag>
	<rdf:li rdf:resource="http://identifiers.org/go/GO:0009451"/>
	</rdf:Bag>
	</bqbiol:isVersionOf>
	</rdf:Description>
	
          </rdf:RDF>
        </annotation>
              <listOfReactants>
          <speciesReference metaid="_373692" species="SOCS3nRNA4"/>
        </listOfReactants>
        <listOfProducts>
          <speciesReference metaid="_373704" species="SOCS3nRNA5"/>
        </listOfProducts>
        <kineticLaw metaid="_373716">
          <math xmlns="http://www.w3.org/1998/Math/MathML">          
            <apply>
              <times/>
              <ci> SOCS3RNADelay </ci>
              <ci> SOCS3nRNA4 </ci>
              <ci> nuc </ci>
            </apply>
          </math>
                </kineticLaw>
      </reaction>
      <reaction id="reaction_32" metaid="_229191" reversible="false" sboTerm="SBO:0000182">
        <annotation>
          <rdf:RDF xmlns:rdf="http://www.w3.org/1999/02/22-rdf-syntax-ns#" xmlns:bqmodel="http://biomodels.net/model-qualifiers/" xmlns:bqbiol="http://biomodels.net/biology-qualifiers/">
            <rdf:Description rdf:about="#_229191">
	<bqbiol:isVersionOf>
	<rdf:Bag>
	<rdf:li rdf:resource="http://identifiers.org/go/GO:0009451"/>
	</rdf:Bag>
	</bqbiol:isVersionOf>
	</rdf:Description>
	
          </rdf:RDF>
        </annotation>
              <listOfReactants>
          <speciesReference metaid="_373728" species="SOCS3nRNA5"/>
        </listOfReactants>
        <listOfProducts>
          <speciesReference metaid="_373740" species="SOCS3RNA"/>
        </listOfProducts>
        <kineticLaw metaid="_373752">
          <math xmlns="http://www.w3.org/1998/Math/MathML">          
            <apply>
              <times/>
              <ci> SOCS3RNADelay </ci>
              <ci> SOCS3nRNA5 </ci>
              <ci> nuc </ci>
            </apply>
          </math>
                </kineticLaw>
      </reaction>
      <reaction id="reaction_33" metaid="_229193" reversible="false" sboTerm="SBO:0000179">
        <annotation>
          <rdf:RDF xmlns:rdf="http://www.w3.org/1999/02/22-rdf-syntax-ns#" xmlns:bqmodel="http://biomodels.net/model-qualifiers/" xmlns:bqbiol="http://biomodels.net/biology-qualifiers/">
            <rdf:Description rdf:about="#_229193">
	<bqbiol:isVersionOf>
	<rdf:Bag>
	<rdf:li rdf:resource="http://identifiers.org/go/GO:0006401"/>
	</rdf:Bag>
	</bqbiol:isVersionOf>
	</rdf:Description>
	
          </rdf:RDF>
        </annotation>
              <listOfReactants>
          <speciesReference metaid="_373764" species="SOCS3RNA"/>
        </listOfReactants>
        <kineticLaw metaid="_373776">
          <math xmlns="http://www.w3.org/1998/Math/MathML">          
            <apply>
              <times/>
              <ci> SOCS3RNATurn </ci>
              <ci> SOCS3RNA </ci>
              <ci> cyt </ci>
            </apply>
          </math>
                </kineticLaw>
      </reaction>
      <reaction id="reaction_34" metaid="_229194" reversible="false" sboTerm="SBO:0000393">
        <annotation>
          <rdf:RDF xmlns:rdf="http://www.w3.org/1999/02/22-rdf-syntax-ns#" xmlns:bqmodel="http://biomodels.net/model-qualifiers/" xmlns:bqbiol="http://biomodels.net/biology-qualifiers/">
            <rdf:Description rdf:about="#_229194">
	<bqbiol:isVersionOf>
	<rdf:Bag>
	<rdf:li rdf:resource="http://identifiers.org/go/GO:0009058"/>
	</rdf:Bag>
	</bqbiol:isVersionOf>
	</rdf:Description>
	
          </rdf:RDF>
        </annotation>
              <listOfProducts>
          <speciesReference metaid="_373788" species="SOCS3"/>
        </listOfProducts>
        <listOfModifiers>
          <modifierSpeciesReference metaid="_373800" species="SOCS3RNA"/>
        </listOfModifiers>
        <kineticLaw metaid="_373813">
          <math xmlns="http://www.w3.org/1998/Math/MathML">          
            <apply>
              <times/>
              <apply>
                <divide/>
                <apply>
                  <times/>
                  <ci> SOCS3Eqc </ci>
                  <ci> SOCS3Turn </ci>
                  <ci> SOCS3RNA </ci>
                </apply>
                <ci> SOCS3RNAEqc </ci>
              </apply>
              <ci> cyt </ci>
            </apply>
          </math>
                </kineticLaw>
      </reaction>
      <reaction id="reaction_35" metaid="_229195" reversible="false" sboTerm="SBO:0000179">
        <annotation>
          <rdf:RDF xmlns:rdf="http://www.w3.org/1999/02/22-rdf-syntax-ns#" xmlns:bqmodel="http://biomodels.net/model-qualifiers/" xmlns:bqbiol="http://biomodels.net/biology-qualifiers/">
            <rdf:Description rdf:about="#_229195">
	<bqbiol:isVersionOf>
	<rdf:Bag>
	<rdf:li rdf:resource="http://identifiers.org/go/GO:0006401"/>
	</rdf:Bag>
	</bqbiol:isVersionOf>
	</rdf:Description>
	
          </rdf:RDF>
        </annotation>
              <listOfReactants>
          <speciesReference metaid="_373825" species="SOCS3"/>
        </listOfReactants>
        <kineticLaw metaid="_373837">
          <math xmlns="http://www.w3.org/1998/Math/MathML">          
            <apply>
              <times/>
              <ci> SOCS3Turn </ci>
              <ci> SOCS3 </ci>
              <ci> cyt </ci>
            </apply>
          </math>
                </kineticLaw>
      </reaction>
      <reaction id="reaction_36" metaid="_229196" reversible="false" sboTerm="SBO:0000393">
        <annotation>
          <rdf:RDF xmlns:rdf="http://www.w3.org/1999/02/22-rdf-syntax-ns#" xmlns:bqmodel="http://biomodels.net/model-qualifiers/" xmlns:bqbiol="http://biomodels.net/biology-qualifiers/">
            <rdf:Description rdf:about="#_229196">
	<bqbiol:isVersionOf>
	<rdf:Bag>
	<rdf:li rdf:resource="http://identifiers.org/go/GO:0009058"/>
	</rdf:Bag>
	</bqbiol:isVersionOf>
	</rdf:Description>
	
          </rdf:RDF>
        </annotation>
              <listOfProducts>
          <speciesReference metaid="_373849" species="SOCS3"/>
        </listOfProducts>
        <kineticLaw metaid="_373861">
          <math xmlns="http://www.w3.org/1998/Math/MathML">          
            <apply>
              <times/>
              <ci> SOCS3oe </ci>
              <ci> SOCS3Eqc </ci>
              <ci> SOCS3Turn </ci>
              <ci> SOCS3EqcOE </ci>
            </apply>
          </math>
                </kineticLaw>
      </reaction>
    </listOfReactions>
  </model>
</sbml>