<?xml version='1.0' encoding='UTF-8' standalone='no'?>
<sbml xmlns="http://www.sbml.org/sbml/level2/version4" level="2" metaid="metaid_0000001" version="4">
  <model metaid="_361428" name="Arnold2011_Zhu2009_CalvinCycle">
    <notes>
      <body xmlns="http://www.w3.org/1999/xhtml">
        <p>This model is from the article:      <br/>
                <strong>A quantitative comparison of Calvin–Benson cycle models</strong>
                <br/>
          Anne Arnold, Zoran Nikoloski      <em>Trends in Plant Science</em>
          2011 Oct 14.      <a href="http://www.ncbi.nlm.nih.gov/pubmed/22001849">22001849</a>
          ,      <br/>
                <strong>Abstract:</strong>
                <br/>
          The Calvin-Benson cycle (CBC) provides the precursors for biomass synthesis necessary for plant growth. The dynamic behavior and yield of the CBC depend on the environmental conditions and regulation of the cellular state. Accurate quantitative models hold the promise of identifying the key determinants of the tightly regulated CBC function and their effects on the responses in future climates. We provide an integrative analysis of the largest compendium of existing models for photosynthetic processes. Based on the proposed ranking, our framework facilitates the discovery of best-performing models with regard to metabolomics data and of candidates for metabolic engineering.      </p>
            <p>      <b>Note:</b>
          Model of the Calvin cycle by Zhu et al. (2009,      <a href="http://dx.doi.org/10.1016/j.nonrwa.2008.01.021">DOI:10.1016/j.nonrwa.2008.01.021</a>
          ).      </p>
        The initial metabolite values are chosen from the data set of Zhu et al. (2007,    <a href="http://dx.doi.org/10.1104/pp.107.103713">DOI:10.1104/pp.107.103713</a>
        ).A detailed description of all modifications is given in the model described by Arnold and Nikoloski (2011,    <a href="http://www.ncbi.nlm.nih.gov/pubmed/22001849">PMID:22001849</a>
        .    </body>
      
    </notes>
    <annotation>
      <rdf:RDF xmlns:rdf="http://www.w3.org/1999/02/22-rdf-syntax-ns#" xmlns:bqmodel="http://biomodels.net/model-qualifiers/" xmlns:vCard="http://www.w3.org/2001/vcard-rdf/3.0#" xmlns:dc="http://purl.org/dc/elements/1.1/" xmlns:dcterms="http://purl.org/dc/terms/" xmlns:bqbiol="http://biomodels.net/biology-qualifiers/">
        <rdf:Description rdf:about="#_361428">
	<dc:creator>
	<rdf:Bag>
	<rdf:li rdf:parseType="Resource">
	<vCard:N rdf:parseType="Resource">
	<vCard:Family>Chelliah</vCard:Family>
	<vCard:Given>Vijayalakshmi</vCard:Given>
	</vCard:N>
	<vCard:EMAIL>viji@ebi.ac.uk</vCard:EMAIL>
	<vCard:ORG rdf:parseType="Resource">
	<vCard:Orgname>EMBL-EBI</vCard:Orgname>
	</vCard:ORG>
	</rdf:li>
	
	<rdf:li rdf:parseType="Resource">
	<vCard:N rdf:parseType="Resource">
	<vCard:Family>Nikoloski</vCard:Family>
	<vCard:Given>Zoran</vCard:Given>
	</vCard:N>
	<vCard:EMAIL>nikoloski@mpimp-golm.mpg.de</vCard:EMAIL>
	<vCard:ORG rdf:parseType="Resource">
	<vCard:Orgname>Institute  of Biochemistry and Biology, University of Potsdam, 14476 Potsdam, Germany</vCard:Orgname>
	</vCard:ORG>
	</rdf:li>
	<rdf:li rdf:parseType="Resource">
	<vCard:N rdf:parseType="Resource">
	<vCard:Family>Arnold</vCard:Family>
	<vCard:Given>Anne</vCard:Given>
	</vCard:N>
	<vCard:EMAIL>arnold@mpimp-golm.mpg.de</vCard:EMAIL>
	<vCard:ORG rdf:parseType="Resource">
	<vCard:Orgname>Max-Planck-Institute of Molecular Plant Physiology</vCard:Orgname>
	</vCard:ORG>
	</rdf:li>
	</rdf:Bag>
	</dc:creator>
	<dcterms:created rdf:parseType="Resource">
	<dcterms:W3CDTF>2011-10-19T14:52:42Z</dcterms:W3CDTF>
	</dcterms:created>
	<dcterms:modified rdf:parseType="Resource">
	<dcterms:W3CDTF>2012-04-20T19:51:44Z</dcterms:W3CDTF>
	</dcterms:modified>
	<bqmodel:is>
	<rdf:Bag>
	<rdf:li rdf:resource="http://identifiers.org/biomodels.db/MODEL1109270004"/>
	</rdf:Bag>
	</bqmodel:is>
	<bqmodel:is>
	<rdf:Bag>
	<rdf:li rdf:resource="http://identifiers.org/biomodels.db/BIOMD0000000388"/>
	</rdf:Bag>
	</bqmodel:is>
	<bqmodel:isDescribedBy>
	<rdf:Bag>
	<rdf:li rdf:resource="http://identifiers.org/pubmed/22001849"/>
	</rdf:Bag>
	</bqmodel:isDescribedBy>
	<bqmodel:is>
	<rdf:Bag>
	<rdf:li rdf:resource="http://identifiers.org/kegg.pathway/ko00710"/>
	<rdf:li rdf:resource="http://identifiers.org/go/GO:0019253"/>
	</rdf:Bag>
	</bqmodel:is>
	<bqbiol:hasTaxon>
	<rdf:Bag>
	<rdf:li rdf:resource="http://identifiers.org/taxonomy/33090"/>
	</rdf:Bag>
	</bqbiol:hasTaxon>
	</rdf:Description>
	
      </rdf:RDF>
    </annotation>
      <listOfFunctionDefinitions>
      <functionDefinition id="function_1" metaid="metaid_0000003" name="Henri-Michaelis-Menten (irreversible)">
        <math xmlns="http://www.w3.org/1998/Math/MathML">        
          <lambda>
            <bvar>
              <ci> substrate </ci>
            </bvar>
            <bvar>
              <ci> Km </ci>
            </bvar>
            <bvar>
              <ci> V </ci>
            </bvar>
            <apply>
              <divide/>
              <apply>
                <times/>
                <ci> V </ci>
                <ci> substrate </ci>
              </apply>
              <apply>
                <plus/>
                <ci> Km </ci>
                <ci> substrate </ci>
              </apply>
            </apply>
          </lambda>
        </math>
            </functionDefinition>
      <functionDefinition id="function_2" metaid="metaid_0000004" name="MM s2 - reg">
        <math xmlns="http://www.w3.org/1998/Math/MathML">        
          <lambda>
            <bvar>
              <ci> Vm </ci>
            </bvar>
            <bvar>
              <ci> s1 </ci>
            </bvar>
            <bvar>
              <ci> s2 </ci>
            </bvar>
            <bvar>
              <ci> K1 </ci>
            </bvar>
            <bvar>
              <ci> K2 </ci>
            </bvar>
            <apply>
              <divide/>
              <apply>
                <times/>
                <ci> Vm </ci>
                <ci> s1 </ci>
                <ci> s2 </ci>
              </apply>
              <apply>
                <times/>
                <apply>
                  <plus/>
                  <ci> s1 </ci>
                  <ci> K1 </ci>
                </apply>
                <apply>
                  <plus/>
                  <ci> s2 </ci>
                  <ci> K2 </ci>
                </apply>
              </apply>
            </apply>
          </lambda>
        </math>
            </functionDefinition>
    </listOfFunctionDefinitions>
    <listOfUnitDefinitions>
      <unitDefinition id="volume" metaid="metaid_0000005">
        <listOfUnits>
          <unit kind="litre" metaid="_049516"/>
        </listOfUnits>
      </unitDefinition>
      <unitDefinition id="substance" metaid="metaid_0000006">
        <listOfUnits>
          <unit kind="mole" metaid="_049528" scale="-3"/>
        </listOfUnits>
      </unitDefinition>
    </listOfUnitDefinitions>
    <listOfCompartments>
      <compartment id="chloroplast" metaid="metaid_0000007" name="chloroplast" size="1"/>
    </listOfCompartments>
    <listOfSpecies>
      <species compartment="chloroplast" id="RuBP" initialConcentration="2" metaid="metaid_0000008" name="RuBP">
        <annotation>
          <rdf:RDF xmlns:rdf="http://www.w3.org/1999/02/22-rdf-syntax-ns#" xmlns:bqmodel="http://biomodels.net/model-qualifiers/" xmlns:bqbiol="http://biomodels.net/biology-qualifiers/">
            <rdf:Description rdf:about="#metaid_0000008">
	<bqbiol:isVersionOf>
	<rdf:Bag>
	<rdf:li rdf:resource="http://identifiers.org/chebi/CHEBI:16710"/>
	</rdf:Bag>
	</bqbiol:isVersionOf>
	</rdf:Description>
	
          </rdf:RDF>
        </annotation>
            </species>
      <species compartment="chloroplast" id="PGA" initialConcentration="2.4" metaid="metaid_0000009" name="PGA">
        <annotation>
          <rdf:RDF xmlns:rdf="http://www.w3.org/1999/02/22-rdf-syntax-ns#" xmlns:bqmodel="http://biomodels.net/model-qualifiers/" xmlns:bqbiol="http://biomodels.net/biology-qualifiers/">
            <rdf:Description rdf:about="#metaid_0000009">
	<bqbiol:isVersionOf>
	<rdf:Bag>
	<rdf:li rdf:resource="http://identifiers.org/chebi/CHEBI:17050"/>
	</rdf:Bag>
	</bqbiol:isVersionOf>
	</rdf:Description>
	
          </rdf:RDF>
        </annotation>
            </species>
      <species compartment="chloroplast" id="DPGA" initialConcentration="0.0011" metaid="metaid_0000010" name="DPGA">
        <annotation>
          <rdf:RDF xmlns:rdf="http://www.w3.org/1999/02/22-rdf-syntax-ns#" xmlns:bqmodel="http://biomodels.net/model-qualifiers/" xmlns:bqbiol="http://biomodels.net/biology-qualifiers/">
            <rdf:Description rdf:about="#metaid_0000010">
	<bqbiol:isVersionOf>
	<rdf:Bag>
	<rdf:li rdf:resource="http://identifiers.org/chebi/CHEBI:22902"/>
	</rdf:Bag>
	</bqbiol:isVersionOf>
	</rdf:Description>
	
          </rdf:RDF>
        </annotation>
            </species>
      <species compartment="chloroplast" id="GAP" initialConcentration="0.02" metaid="metaid_0000011" name="GAP">
        <annotation>
          <rdf:RDF xmlns:rdf="http://www.w3.org/1999/02/22-rdf-syntax-ns#" xmlns:bqmodel="http://biomodels.net/model-qualifiers/" xmlns:bqbiol="http://biomodels.net/biology-qualifiers/">
            <rdf:Description rdf:about="#metaid_0000011">
	<bqbiol:isVersionOf>
	<rdf:Bag>
	<rdf:li rdf:resource="http://identifiers.org/chebi/CHEBI:17138"/>
	</rdf:Bag>
	</bqbiol:isVersionOf>
	</rdf:Description>
	
          </rdf:RDF>
        </annotation>
            </species>
      <species compartment="chloroplast" id="Ru5P" initialConcentration="0.0501" metaid="metaid_0000012" name="Ru5P">
        <annotation>
          <rdf:RDF xmlns:rdf="http://www.w3.org/1999/02/22-rdf-syntax-ns#" xmlns:bqmodel="http://biomodels.net/model-qualifiers/" xmlns:bqbiol="http://biomodels.net/biology-qualifiers/">
            <rdf:Description rdf:about="#metaid_0000012">
	<bqbiol:isVersionOf>
	<rdf:Bag>
	<rdf:li rdf:resource="http://identifiers.org/chebi/CHEBI:17363"/>
	</rdf:Bag>
	</bqbiol:isVersionOf>
	</rdf:Description>
	
          </rdf:RDF>
        </annotation>
            </species>
      <species boundaryCondition="true" compartment="chloroplast" constant="true" id="ADP" initialConcentration="0.82" metaid="metaid_0000013" name="ADP">
        <annotation>
          <rdf:RDF xmlns:rdf="http://www.w3.org/1999/02/22-rdf-syntax-ns#" xmlns:bqmodel="http://biomodels.net/model-qualifiers/" xmlns:bqbiol="http://biomodels.net/biology-qualifiers/">
            <rdf:Description rdf:about="#metaid_0000013">
	<bqbiol:isVersionOf>
	<rdf:Bag>
	<rdf:li rdf:resource="http://identifiers.org/chebi/CHEBI:16761"/>
	</rdf:Bag>
	</bqbiol:isVersionOf>
	</rdf:Description>
	
          </rdf:RDF>
        </annotation>
            </species>
      <species boundaryCondition="true" compartment="chloroplast" constant="true" id="ATP" initialConcentration="0.68" metaid="metaid_0000014" name="ATP">
        <annotation>
          <rdf:RDF xmlns:rdf="http://www.w3.org/1999/02/22-rdf-syntax-ns#" xmlns:bqmodel="http://biomodels.net/model-qualifiers/" xmlns:bqbiol="http://biomodels.net/biology-qualifiers/">
            <rdf:Description rdf:about="#metaid_0000014">
	<bqbiol:isVersionOf>
	<rdf:Bag>
	<rdf:li rdf:resource="http://identifiers.org/chebi/CHEBI:15422"/>
	</rdf:Bag>
	</bqbiol:isVersionOf>
	</rdf:Description>
	
          </rdf:RDF>
        </annotation>
            </species>
      <species boundaryCondition="true" compartment="chloroplast" id="Pi" initialConcentration="6.3477" metaid="metaid_0000015" name="Pi">
        <annotation>
          <rdf:RDF xmlns:rdf="http://www.w3.org/1999/02/22-rdf-syntax-ns#" xmlns:bqmodel="http://biomodels.net/model-qualifiers/" xmlns:bqbiol="http://biomodels.net/biology-qualifiers/">
            <rdf:Description rdf:about="#metaid_0000015">
	<bqbiol:isVersionOf>
	<rdf:Bag>
	<rdf:li rdf:resource="http://identifiers.org/chebi/CHEBI:43474"/>
	</rdf:Bag>
	</bqbiol:isVersionOf>
	</rdf:Description>
	
          </rdf:RDF>
        </annotation>
            </species>
    </listOfSpecies>
    <listOfRules>
      <assignmentRule metaid="metaid_0000016" variable="Pi">
        <math xmlns="http://www.w3.org/1998/Math/MathML">        
          <apply>
            <minus/>
            <apply>
              <minus/>
              <cn> 15 </cn>
              <apply>
                <times/>
                <cn> 2 </cn>
                <apply>
                  <plus/>
                  <ci> RuBP </ci>
                  <ci> DPGA </ci>
                  <ci> ATP </ci>
                </apply>
              </apply>
            </apply>
            <apply>
              <plus/>
              <ci> PGA </ci>
              <ci> GAP </ci>
              <ci> Ru5P </ci>
              <ci> ADP </ci>
            </apply>
          </apply>
        </math>
            </assignmentRule>
    </listOfRules>
    <listOfReactions>
      <reaction id="RuBisCO" metaid="metaid_0000017" name="RuBisCO" reversible="false">
        <listOfReactants>
          <speciesReference metaid="_049540" species="RuBP"/>
        </listOfReactants>
        <listOfProducts>
          <speciesReference metaid="_049552" species="PGA" stoichiometry="2"/>
        </listOfProducts>
        <kineticLaw metaid="_049564">
          <math xmlns="http://www.w3.org/1998/Math/MathML">          
            <apply>
              <times/>
              <ci> chloroplast </ci>
              <apply>
                <ci> function_1 </ci>
                <ci> RuBP </ci>
                <ci> Km </ci>
                <ci> V </ci>
              </apply>
            </apply>
          </math>
                  <listOfParameters>
            <parameter id="Km" metaid="_361442" name="Km" sboTerm="SBO:0000027" value="1"/>
            <parameter id="V" metaid="_361443" name="V" sboTerm="SBO:0000009" value="3.78"/>
          </listOfParameters>
        </kineticLaw>
      </reaction>
      <reaction id="PGA_K" metaid="metaid_0000018" name="PGA kinase" reversible="false">
        <listOfReactants>
          <speciesReference metaid="_049576" species="PGA"/>
          <speciesReference metaid="_049588" species="ATP"/>
        </listOfReactants>
        <listOfProducts>
          <speciesReference metaid="_049600" species="ADP"/>
          <speciesReference metaid="_049612" species="DPGA"/>
        </listOfProducts>
        <kineticLaw metaid="_049625">
          <math xmlns="http://www.w3.org/1998/Math/MathML">          
            <apply>
              <times/>
              <ci> chloroplast </ci>
              <apply>
                <ci> function_2 </ci>
                <ci> Vm </ci>
                <ci> PGA </ci>
                <ci> ATP </ci>
                <ci> K1 </ci>
                <ci> K2 </ci>
              </apply>
            </apply>
          </math>
                  <listOfParameters>
            <parameter id="Vm" metaid="_361444" name="Vm" sboTerm="SBO:0000009" value="11.75"/>
            <parameter id="K1" metaid="_361445" name="K1" sboTerm="SBO:0000009" value="0.24"/>
            <parameter id="K2" metaid="_361446" name="K2" sboTerm="SBO:0000009" value="0.39"/>
          </listOfParameters>
        </kineticLaw>
      </reaction>
      <reaction id="GAP_DH" metaid="metaid_0000019" name="GAP dehydrogenase" reversible="false">
        <listOfReactants>
          <speciesReference metaid="_049637" species="DPGA"/>
        </listOfReactants>
        <listOfProducts>
          <speciesReference metaid="_049649" species="GAP"/>
          <speciesReference metaid="_049661" species="Pi"/>
        </listOfProducts>
        <kineticLaw metaid="_049674">
          <math xmlns="http://www.w3.org/1998/Math/MathML">          
            <apply>
              <times/>
              <ci> chloroplast </ci>
              <apply>
                <ci> function_1 </ci>
                <ci> DPGA </ci>
                <ci> Km </ci>
                <ci> V </ci>
              </apply>
            </apply>
          </math>
                  <listOfParameters>
            <parameter id="Km" metaid="_361447" name="Km" sboTerm="SBO:0000027" value="0.5"/>
            <parameter id="V" metaid="_361448" name="V" sboTerm="SBO:0000009" value="5.04"/>
          </listOfParameters>
        </kineticLaw>
      </reaction>
      <reaction id="GAP2Ru5P" metaid="metaid_0000020" name="GAP to Ru5P" reversible="false">
        <listOfReactants>
          <speciesReference metaid="_049686" species="GAP"/>
        </listOfReactants>
        <listOfProducts>
          <speciesReference metaid="_049698" species="Ru5P" stoichiometry="0.6"/>
        </listOfProducts>
        <kineticLaw metaid="_049710">
          <math xmlns="http://www.w3.org/1998/Math/MathML">          
            <apply>
              <times/>
              <ci> chloroplast </ci>
              <apply>
                <ci> function_1 </ci>
                <ci> GAP </ci>
                <ci> Km </ci>
                <ci> V </ci>
              </apply>
            </apply>
          </math>
                  <listOfParameters>
            <parameter id="Km" metaid="_361449" name="Km" sboTerm="SBO:0000027" value="0.84"/>
            <parameter id="V" metaid="_361450" name="V" sboTerm="SBO:0000009" value="3.05"/>
          </listOfParameters>
        </kineticLaw>
      </reaction>
      <reaction id="Ru5P_K" metaid="metaid_0000021" name="Ru5P kinase" reversible="false">
        <listOfReactants>
          <speciesReference metaid="_049722" species="Ru5P"/>
          <speciesReference metaid="_049734" species="ATP"/>
        </listOfReactants>
        <listOfProducts>
          <speciesReference metaid="_049746" species="RuBP"/>
          <speciesReference metaid="_049758" species="ADP"/>
        </listOfProducts>
        <kineticLaw metaid="_049770">
          <math xmlns="http://www.w3.org/1998/Math/MathML">          
            <apply>
              <times/>
              <ci> chloroplast </ci>
              <apply>
                <ci> function_2 </ci>
                <ci> Vm </ci>
                <ci> Ru5P </ci>
                <ci> ATP </ci>
                <ci> K1 </ci>
                <ci> K2 </ci>
              </apply>
            </apply>
          </math>
                  <listOfParameters>
            <parameter id="Vm" metaid="_361451" name="Vm" sboTerm="SBO:0000009" value="8"/>
            <parameter id="K1" metaid="_361452" name="K1" sboTerm="SBO:0000009" value="0.15"/>
            <parameter id="K2" metaid="_361454" name="K2" sboTerm="SBO:0000009" value="0.059"/>
          </listOfParameters>
        </kineticLaw>
      </reaction>
      <reaction id="PGA2sink" metaid="metaid_0000022" name="PGA to sink" reversible="false">
        <notes>
          <body xmlns="http://www.w3.org/1999/xhtml">
                <p>changed velocity in accordance with the authors (Lei et al. (2011))</p>
                    </body>
          
        </notes>
        <listOfReactants>
          <speciesReference metaid="_049782" species="PGA"/>
        </listOfReactants>
        <kineticLaw metaid="_049794">
          <math xmlns="http://www.w3.org/1998/Math/MathML">          
            <apply>
              <times/>
              <ci> chloroplast </ci>
              <apply>
                <ci> function_1 </ci>
                <ci> PGA </ci>
                <ci> Km </ci>
                <ci> V </ci>
              </apply>
            </apply>
          </math>
                  <listOfParameters>
            <parameter id="Km" metaid="_361455" name="Km" sboTerm="SBO:0000027" value="0.75"/>
            <parameter id="V" metaid="_361456" name="V" sboTerm="SBO:0000009" value="3"/>
          </listOfParameters>
        </kineticLaw>
      </reaction>
      <reaction id="GAP2sink" metaid="metaid_0000023" name="GAP to sink" reversible="false">
        <listOfReactants>
          <speciesReference metaid="_049806" species="GAP"/>
        </listOfReactants>
        <kineticLaw metaid="_049818">
          <math xmlns="http://www.w3.org/1998/Math/MathML">          
            <apply>
              <times/>
              <ci> chloroplast </ci>
              <apply>
                <ci> function_1 </ci>
                <ci> GAP </ci>
                <ci> Km </ci>
                <ci> V </ci>
              </apply>
            </apply>
          </math>
                  <listOfParameters>
            <parameter id="Km" metaid="_361457" name="Km" sboTerm="SBO:0000027" value="5"/>
            <parameter id="V" metaid="_361458" name="V" sboTerm="SBO:0000009" value="0.1"/>
          </listOfParameters>
        </kineticLaw>
      </reaction>
    </listOfReactions>
  </model>
</sbml>