<?xml version="1.0" encoding="UTF-8"?>
<sbml xmlns="http://www.sbml.org/sbml/level2/version4" metaid="metaid_0000001" level="2" version="4">
  <model metaid="metaid_0000002" id="SmithAE2002_RanTransport" name="SmithAE2002_RanTransport">
    <notes>
      <body xmlns="http://www.w3.org/1999/xhtml">
        <p>The model reproduces the compartmental model for Ran transport as depicted in Fig 3 of the paper. Model reproduced using MathSBML.</p>
        <br/>
        <p>To the extent possible under law, all copyright and related or neighbouring rights to this encoded model have been dedicated to the public domain worldwide. Please refer to      <a href="http://creativecommons.org/publicdomain/zero/1.0/" title="Creative Commons CC0">CC0 Public Domain Dedication</a>
          for more information.      </p>
        <p>In summary, you are entitled to use this encoded model in absolutely any manner you deem suitable, verbatim, or with modification, alone or embedded it in a larger context, redistribute it, commercially or not, in a restricted way or not.</p>
        <br/>
        <p>To cite BioModels Database, please use:      <a href="http://www.ncbi.nlm.nih.gov/pubmed/20587024" target="_blank">Li C, Donizelli M, Rodriguez N, Dharuri H, Endler L, Chelliah V, Li L, He E, Henry A, Stefan MI, Snoep JL, Hucka M, Le Novère N, Laibe C (2010) BioModels Database: An enhanced, curated and annotated resource for published quantitative kinetic models. BMC Syst Biol., 4:92.</a></p>
      </body>
    </notes>
    <annotation>
      <rdf:RDF xmlns:rdf="http://www.w3.org/1999/02/22-rdf-syntax-ns#" xmlns:dc="http://purl.org/dc/elements/1.1/" xmlns:vCard="http://www.w3.org/2001/vcard-rdf/3.0#" xmlns:dcterms="http://purl.org/dc/terms/" xmlns:bqmodel="http://biomodels.net/model-qualifiers/" xmlns:bqbiol="http://biomodels.net/biology-qualifiers/">
        <rdf:Description rdf:about="#metaid_0000002">
          <dc:creator>
            <rdf:Bag>
              <rdf:li rdf:parseType="Resource">
                <vCard:N rdf:parseType="Resource">
                  <vCard:Family>Dharuri</vCard:Family>
                  <vCard:Given>Harish</vCard:Given>
                </vCard:N>
                <vCard:EMAIL>hdharuri@cds.caltech.edu</vCard:EMAIL>
                <vCard:ORG rdf:parseType="Resource">
                  <vCard:Orgname>California Institute of Technology</vCard:Orgname>
                </vCard:ORG>
              </rdf:li>
            </rdf:Bag>
          </dc:creator>
          <dcterms:created rdf:parseType="Resource">
            <dcterms:W3CDTF>2008-01-31T20:56:18Z</dcterms:W3CDTF>
          </dcterms:created>
          <dcterms:modified rdf:parseType="Resource">
            <dcterms:W3CDTF>2014-04-07T00:12:30Z</dcterms:W3CDTF>
          </dcterms:modified>
          <bqmodel:is>
            <rdf:Bag>
              <rdf:li rdf:resource="http://identifiers.org/biomodels.db/MODEL1886921294"/>
            </rdf:Bag>
          </bqmodel:is>
          <bqmodel:is>
            <rdf:Bag>
              <rdf:li rdf:resource="http://identifiers.org/biomodels.db/BIOMD0000000164"/>
            </rdf:Bag>
          </bqmodel:is>
          <bqmodel:isDescribedBy>
            <rdf:Bag>
              <rdf:li rdf:resource="http://identifiers.org/pubmed/11799242"/>
            </rdf:Bag>
          </bqmodel:isDescribedBy>
          <bqbiol:hasTaxon>
            <rdf:Bag>
              <rdf:li rdf:resource="http://identifiers.org/taxonomy/40674"/>
            </rdf:Bag>
          </bqbiol:hasTaxon>
          <bqbiol:hasProperty>
            <rdf:Bag>
              <rdf:li rdf:resource="http://identifiers.org/mamo/MAMO_0000046"/>
            </rdf:Bag>
          </bqbiol:hasProperty>
          <bqbiol:isVersionOf>
            <rdf:Bag>
              <rdf:li rdf:resource="http://identifiers.org/go/GO:0031291"/>
              <rdf:li rdf:resource="http://identifiers.org/go/GO:0006913"/>
            </rdf:Bag>
          </bqbiol:isVersionOf>
        </rdf:Description>
      </rdf:RDF>
    </annotation>
    <listOfUnitDefinitions>
      <unitDefinition metaid="metaid_0000003" id="substance">
        <listOfUnits>
          <unit metaid="_090413" kind="mole" scale="-6"/>
        </listOfUnits>
      </unitDefinition>
      <unitDefinition metaid="metaid_0000005" id="area">
        <listOfUnits>
          <unit metaid="_090425" kind="metre" exponent="2" scale="-6"/>
        </listOfUnits>
      </unitDefinition>
      <unitDefinition metaid="metaid_0000006" id="molecules">
        <listOfUnits>
          <unit metaid="_090437" kind="item"/>
        </listOfUnits>
      </unitDefinition>
      <unitDefinition metaid="metaid_0000007" id="umol_litre_um_3">
        <listOfUnits>
          <unit metaid="_090449" kind="mole" scale="-21"/>
        </listOfUnits>
      </unitDefinition>
      <unitDefinition metaid="metaid_0000008" id="um2">
        <listOfUnits>
          <unit metaid="_090462" kind="metre" exponent="2" scale="-6"/>
        </listOfUnits>
      </unitDefinition>
      <unitDefinition metaid="metaid_0000009" id="uM_s_1">
        <listOfUnits>
          <unit metaid="_090473" kind="dimensionless" multiplier="0.001"/>
          <unit metaid="_090485" kind="metre" exponent="-3"/>
          <unit metaid="_090497" kind="mole"/>
          <unit metaid="_090510" kind="second" exponent="-1"/>
        </listOfUnits>
      </unitDefinition>
      <unitDefinition metaid="metaid_0000010" id="uM_1_s_1">
        <listOfUnits>
          <unit metaid="_090521" kind="dimensionless" multiplier="1000"/>
          <unit metaid="_090533" kind="metre" exponent="3"/>
          <unit metaid="_090545" kind="mole" exponent="-1"/>
          <unit metaid="_090557" kind="second" exponent="-1"/>
        </listOfUnits>
      </unitDefinition>
      <unitDefinition metaid="metaid_0000011" id="s_1">
        <listOfUnits>
          <unit metaid="_090569" kind="second" exponent="-1"/>
        </listOfUnits>
      </unitDefinition>
      <unitDefinition metaid="metaid_0000012" id="uM">
        <listOfUnits>
          <unit metaid="_090581" kind="dimensionless" multiplier="0.001"/>
          <unit metaid="_090593" kind="metre" exponent="-3"/>
          <unit metaid="_090605" kind="mole"/>
        </listOfUnits>
      </unitDefinition>
      <unitDefinition metaid="metaid_0000013" id="s">
        <listOfUnits>
          <unit metaid="_090617" kind="second"/>
        </listOfUnits>
      </unitDefinition>
      <unitDefinition metaid="metaid_0000014" id="uM_um_s_1">
        <listOfUnits>
          <unit metaid="_090629" kind="dimensionless" multiplier="1e-09"/>
          <unit metaid="_090641" kind="metre" exponent="-2"/>
          <unit metaid="_090653" kind="mole"/>
          <unit metaid="_090666" kind="second" exponent="-1"/>
        </listOfUnits>
      </unitDefinition>
      <unitDefinition metaid="metaid_0000015" id="pA_um_2">
        <listOfUnits>
          <unit metaid="_090677" kind="dimensionless"/>
          <unit metaid="_090689" kind="ampere"/>
          <unit metaid="_090701" kind="metre" exponent="-2"/>
        </listOfUnits>
      </unitDefinition>
      <unitDefinition metaid="metaid_0000016" id="um_s_1">
        <listOfUnits>
          <unit metaid="_090713" kind="dimensionless" multiplier="1e-06"/>
          <unit metaid="_090725" kind="metre"/>
          <unit metaid="_090737" kind="second" exponent="-1"/>
        </listOfUnits>
      </unitDefinition>
      <unitDefinition metaid="metaid_0000095" id="um3" name="um3">
        <listOfUnits>
          <unit metaid="_090749" kind="metre" exponent="3" scale="-6"/>
        </listOfUnits>
      </unitDefinition>
    </listOfUnitDefinitions>
    <listOfCompartments>
      <compartment metaid="metaid_0000029" id="Cytosol" name="Cytosol" size="1" units="um3" outside="PM"/>
      <compartment metaid="metaid_0000030" id="EC" name="EC" size="1.40845070422535" units="um3"/>
      <compartment metaid="metaid_0000031" id="Nucleus" name="Nucleus" size="0.408450704225352" units="um3" outside="Nuc_membrane"/>
      <compartment metaid="metaid_0000032" id="Nuc_membrane" name="Nuc_membrane" spatialDimensions="2" size="0.245070422535211" units="um2" outside="Cytosol"/>
      <compartment metaid="metaid_0000033" id="PM" name="PM" spatialDimensions="2" size="1.40845070422535" units="um2" outside="EC"/>
    </listOfCompartments>
    <listOfSpecies>
      <species metaid="metaid_0000034" id="Carrier_Cytosol" name="Carrier_Cytosol" compartment="Cytosol" initialConcentration="11.8952664327711">
        <annotation>
          <VCellInfo xmlns="http://www.sbml.org/2001/ns/vcell">
            <Compound Name="Carrier"/>
          </VCellInfo>
        </annotation>
      </species>
      <species metaid="metaid_0000035" id="Carrier_RanGTP_Cytosol" name="Carrier_RanGTP_Cytosol" compartment="Cytosol" initialConcentration="0.00182967434742422">
        <annotation>
          <VCellInfo xmlns="http://www.sbml.org/2001/ns/vcell">
            <Compound Name="Carrier_RanGTP"/>
          </VCellInfo>
          <rdf:RDF xmlns:rdf="http://www.w3.org/1999/02/22-rdf-syntax-ns#" xmlns:dc="http://purl.org/dc/elements/1.1/" xmlns:dcterms="http://purl.org/dc/terms/" xmlns:vCard="http://www.w3.org/2001/vcard-rdf/3.0#" xmlns:bqbiol="http://biomodels.net/biology-qualifiers/" xmlns:bqmodel="http://biomodels.net/model-qualifiers/">
            <rdf:Description rdf:about="#metaid_0000035">
              <bqbiol:hasPart>
                <rdf:Bag>
                  <rdf:li rdf:resource="http://identifiers.org/chebi/CHEBI:15996"/>
                  <rdf:li rdf:resource="http://identifiers.org/uniprot/P62826"/>
                </rdf:Bag>
              </bqbiol:hasPart>
              <bqbiol:hasPart>
                <rdf:Bag>
                  <rdf:li rdf:resource="http://identifiers.org/uniprot/P62826"/>
                  <rdf:li rdf:resource="http://identifiers.org/kegg.compound/C00044"/>
                  <rdf:li rdf:resource="http://identifiers.org/chebi/CHEBI:15996"/>
                </rdf:Bag>
              </bqbiol:hasPart>
            </rdf:Description>
          </rdf:RDF>
        </annotation>
      </species>
      <species metaid="metaid_0000036" id="RanGAP_Cytosol" name="RanGAP_Cytosol" compartment="Cytosol" initialConcentration="0.5">
        <annotation>
          <VCellInfo xmlns="http://www.sbml.org/2001/ns/vcell">
            <Compound Name="RanGAP"/>
          </VCellInfo>
        </annotation>
      </species>
      <species metaid="metaid_0000037" id="RanBP1_Cytosol" name="RanBP1_Cytosol" compartment="Cytosol" initialConcentration="2.91577340630959">
        <annotation>
          <VCellInfo xmlns="http://www.sbml.org/2001/ns/vcell">
            <Compound Name="RanBP1"/>
          </VCellInfo>
        </annotation>
      </species>
      <species metaid="metaid_0000038" id="RanBP1_Carrier_RanGTP_Cytosol" name="RanBP1_Carrier_RanGTP_Cytosol" compartment="Cytosol" initialConcentration="0.0842265936904004">
        <annotation>
          <VCellInfo xmlns="http://www.sbml.org/2001/ns/vcell">
            <Compound Name="RanBP1_Carrier_RanGTP"/>
          </VCellInfo>
          <rdf:RDF xmlns:rdf="http://www.w3.org/1999/02/22-rdf-syntax-ns#" xmlns:bqmodel="http://biomodels.net/model-qualifiers/" xmlns:bqbiol="http://biomodels.net/biology-qualifiers/">
            <rdf:Description rdf:about="#metaid_0000038">
              <bqbiol:hasPart>
                <rdf:Bag>
                  <rdf:li rdf:resource="http://identifiers.org/chebi/CHEBI:15996"/>
                  <rdf:li rdf:resource="http://identifiers.org/uniprot/P62826"/>
                  <rdf:li rdf:resource="http://identifiers.org/kegg.compound/C00044"/>
                </rdf:Bag>
              </bqbiol:hasPart>
            </rdf:Description>
          </rdf:RDF>
        </annotation>
      </species>
      <species metaid="metaid_0000039" id="NTF2_Nucleus" name="NTF2_Nucleus" compartment="Nucleus" initialConcentration="0.560888580955963">
        <annotation>
          <VCellInfo xmlns="http://www.sbml.org/2001/ns/vcell">
            <Compound Name="NTF2"/>
          </VCellInfo>
          <rdf:RDF xmlns:rdf="http://www.w3.org/1999/02/22-rdf-syntax-ns#" xmlns:bqmodel="http://biomodels.net/model-qualifiers/" xmlns:bqbiol="http://biomodels.net/biology-qualifiers/">
            <rdf:Description rdf:about="#metaid_0000039">
              <bqbiol:isVersionOf>
                <rdf:Bag>
                  <rdf:li rdf:resource="http://identifiers.org/uniprot/P61970"/>
                </rdf:Bag>
              </bqbiol:isVersionOf>
            </rdf:Description>
          </rdf:RDF>
        </annotation>
      </species>
      <species metaid="metaid_0000040" id="RanGDP_Nucleus" name="RanGDP_Nucleus" compartment="Nucleus" initialConcentration="0.0466849733424111">
        <annotation>
          <VCellInfo xmlns="http://www.sbml.org/2001/ns/vcell">
            <Compound Name="RanGDP"/>
          </VCellInfo>
          <rdf:RDF xmlns:rdf="http://www.w3.org/1999/02/22-rdf-syntax-ns#" xmlns:dc="http://purl.org/dc/elements/1.1/" xmlns:dcterms="http://purl.org/dc/terms/" xmlns:vCard="http://www.w3.org/2001/vcard-rdf/3.0#" xmlns:bqbiol="http://biomodels.net/biology-qualifiers/" xmlns:bqmodel="http://biomodels.net/model-qualifiers/">
            <rdf:Description rdf:about="#metaid_0000040">
              <bqbiol:hasPart>
                <rdf:Bag>
                  <rdf:li rdf:resource="http://identifiers.org/uniprot/P62826"/>
                  <rdf:li rdf:resource="http://identifiers.org/kegg.compound/C00035"/>
                  <rdf:li rdf:resource="http://identifiers.org/chebi/CHEBI:17552"/>
                </rdf:Bag>
              </bqbiol:hasPart>
            </rdf:Description>
          </rdf:RDF>
        </annotation>
      </species>
      <species metaid="metaid_0000041" id="RCC1_Nucleus" name="RCC1_Nucleus" compartment="Nucleus" initialConcentration="0.4">
        <annotation>
          <VCellInfo xmlns="http://www.sbml.org/2001/ns/vcell">
            <Compound Name="RCC1"/>
          </VCellInfo>
        </annotation>
      </species>
      <species metaid="metaid_0000042" id="RanGTP_Nucleus" name="RanGTP_Nucleus" compartment="Nucleus" initialConcentration="0.0118032373274648">
        <annotation>
          <VCellInfo xmlns="http://www.sbml.org/2001/ns/vcell">
            <Compound Name="RanGTP"/>
          </VCellInfo>
          <rdf:RDF xmlns:rdf="http://www.w3.org/1999/02/22-rdf-syntax-ns#" xmlns:dc="http://purl.org/dc/elements/1.1/" xmlns:dcterms="http://purl.org/dc/terms/" xmlns:vCard="http://www.w3.org/2001/vcard-rdf/3.0#" xmlns:bqbiol="http://biomodels.net/biology-qualifiers/" xmlns:bqmodel="http://biomodels.net/model-qualifiers/">
            <rdf:Description rdf:about="#metaid_0000042">
              <bqbiol:hasPart>
                <rdf:Bag>
                  <rdf:li rdf:resource="http://identifiers.org/chebi/CHEBI:15996"/>
                  <rdf:li rdf:resource="http://identifiers.org/uniprot/P62826"/>
                </rdf:Bag>
              </bqbiol:hasPart>
              <bqbiol:hasPart>
                <rdf:Bag>
                  <rdf:li rdf:resource="http://identifiers.org/uniprot/P62826"/>
                  <rdf:li rdf:resource="http://identifiers.org/kegg.compound/C00044"/>
                  <rdf:li rdf:resource="http://identifiers.org/chebi/CHEBI:15996"/>
                </rdf:Bag>
              </bqbiol:hasPart>
            </rdf:Description>
          </rdf:RDF>
        </annotation>
      </species>
      <species metaid="metaid_0000043" id="NTF2_RanGDP_Nucleus" name="NTF2_RanGDP_Nucleus" compartment="Nucleus" initialConcentration="0.939111419044037">
        <annotation>
          <VCellInfo xmlns="http://www.sbml.org/2001/ns/vcell">
            <Compound Name="NTF2_RanGDP"/>
          </VCellInfo>
          <rdf:RDF xmlns:rdf="http://www.w3.org/1999/02/22-rdf-syntax-ns#" xmlns:dc="http://purl.org/dc/elements/1.1/" xmlns:dcterms="http://purl.org/dc/terms/" xmlns:vCard="http://www.w3.org/2001/vcard-rdf/3.0#" xmlns:bqbiol="http://biomodels.net/biology-qualifiers/" xmlns:bqmodel="http://biomodels.net/model-qualifiers/">
            <rdf:Description rdf:about="#metaid_0000043">
              <bqbiol:hasPart>
                <rdf:Bag>
                  <rdf:li rdf:resource="http://identifiers.org/uniprot/P62826"/>
                  <rdf:li rdf:resource="http://identifiers.org/uniprot/P61970"/>
                  <rdf:li rdf:resource="http://identifiers.org/kegg.compound/C00035"/>
                  <rdf:li rdf:resource="http://identifiers.org/chebi/CHEBI:17552"/>
                </rdf:Bag>
              </bqbiol:hasPart>
            </rdf:Description>
          </rdf:RDF>
        </annotation>
      </species>
      <species metaid="metaid_0000044" id="Carrier_Nucleus" name="Carrier_Nucleus" compartment="Nucleus" initialConcentration="10.8211328580636">
        <annotation>
          <VCellInfo xmlns="http://www.sbml.org/2001/ns/vcell">
            <Compound Name="Carrier"/>
          </VCellInfo>
        </annotation>
      </species>
      <species metaid="metaid_0000045" id="RanGDP_Cytosol" name="RanGDP_Cytosol" compartment="Cytosol" initialConcentration="1.75546095870568">
        <annotation>
          <VCellInfo xmlns="http://www.sbml.org/2001/ns/vcell">
            <Compound Name="RanGDP"/>
          </VCellInfo>
          <rdf:RDF xmlns:rdf="http://www.w3.org/1999/02/22-rdf-syntax-ns#" xmlns:dc="http://purl.org/dc/elements/1.1/" xmlns:dcterms="http://purl.org/dc/terms/" xmlns:vCard="http://www.w3.org/2001/vcard-rdf/3.0#" xmlns:bqbiol="http://biomodels.net/biology-qualifiers/" xmlns:bqmodel="http://biomodels.net/model-qualifiers/">
            <rdf:Description rdf:about="#metaid_0000045">
              <bqbiol:hasPart>
                <rdf:Bag>
                  <rdf:li rdf:resource="http://identifiers.org/uniprot/P62826"/>
                  <rdf:li rdf:resource="http://identifiers.org/kegg.compound/C00035"/>
                  <rdf:li rdf:resource="http://identifiers.org/chebi/CHEBI:17552"/>
                </rdf:Bag>
              </bqbiol:hasPart>
            </rdf:Description>
          </rdf:RDF>
        </annotation>
      </species>
      <species metaid="metaid_0000046" id="Carrier_RanGTP_Nucleus" name="Carrier_RanGTP_Nucleus" compartment="Nucleus" initialConcentration="11.5694219089212">
        <annotation>
          <VCellInfo xmlns="http://www.sbml.org/2001/ns/vcell">
            <Compound Name="Carrier_RanGTP"/>
          </VCellInfo>
          <rdf:RDF xmlns:rdf="http://www.w3.org/1999/02/22-rdf-syntax-ns#" xmlns:dc="http://purl.org/dc/elements/1.1/" xmlns:dcterms="http://purl.org/dc/terms/" xmlns:vCard="http://www.w3.org/2001/vcard-rdf/3.0#" xmlns:bqbiol="http://biomodels.net/biology-qualifiers/" xmlns:bqmodel="http://biomodels.net/model-qualifiers/">
            <rdf:Description rdf:about="#metaid_0000046">
              <bqbiol:hasPart>
                <rdf:Bag>
                  <rdf:li rdf:resource="http://identifiers.org/chebi/CHEBI:15996"/>
                  <rdf:li rdf:resource="http://identifiers.org/uniprot/P62826"/>
                </rdf:Bag>
              </bqbiol:hasPart>
              <bqbiol:hasPart>
                <rdf:Bag>
                  <rdf:li rdf:resource="http://identifiers.org/uniprot/P62826"/>
                  <rdf:li rdf:resource="http://identifiers.org/kegg.compound/C00044"/>
                  <rdf:li rdf:resource="http://identifiers.org/chebi/CHEBI:15996"/>
                </rdf:Bag>
              </bqbiol:hasPart>
            </rdf:Description>
          </rdf:RDF>
        </annotation>
      </species>
      <species metaid="metaid_0000047" id="NTF2_RanGDP_Cytosol" name="NTF2_RanGDP_Cytosol" compartment="Cytosol" initialConcentration="1.47617820113791">
        <annotation>
          <VCellInfo xmlns="http://www.sbml.org/2001/ns/vcell">
            <Compound Name="NTF2_RanGDP"/>
          </VCellInfo>
          <rdf:RDF xmlns:rdf="http://www.w3.org/1999/02/22-rdf-syntax-ns#" xmlns:dc="http://purl.org/dc/elements/1.1/" xmlns:dcterms="http://purl.org/dc/terms/" xmlns:vCard="http://www.w3.org/2001/vcard-rdf/3.0#" xmlns:bqbiol="http://biomodels.net/biology-qualifiers/" xmlns:bqmodel="http://biomodels.net/model-qualifiers/">
            <rdf:Description rdf:about="#metaid_0000047">
              <bqbiol:hasPart>
                <rdf:Bag>
                  <rdf:li rdf:resource="http://identifiers.org/uniprot/P61970"/>
                  <rdf:li rdf:resource="http://identifiers.org/uniprot/P62826"/>
                  <rdf:li rdf:resource="http://identifiers.org/kegg.compound/C00035"/>
                  <rdf:li rdf:resource="http://identifiers.org/chebi/CHEBI:17552"/>
                </rdf:Bag>
              </bqbiol:hasPart>
            </rdf:Description>
          </rdf:RDF>
        </annotation>
      </species>
      <species metaid="metaid_0000048" id="FRanGTP_Cytosol" name="FRanGTP_Cytosol" compartment="Cytosol" initialConcentration="0">
        <annotation>
          <VCellInfo xmlns="http://www.sbml.org/2001/ns/vcell">
            <Compound Name="FRanGTP"/>
          </VCellInfo>
          <rdf:RDF xmlns:rdf="http://www.w3.org/1999/02/22-rdf-syntax-ns#" xmlns:dc="http://purl.org/dc/elements/1.1/" xmlns:dcterms="http://purl.org/dc/terms/" xmlns:vCard="http://www.w3.org/2001/vcard-rdf/3.0#" xmlns:bqbiol="http://biomodels.net/biology-qualifiers/" xmlns:bqmodel="http://biomodels.net/model-qualifiers/">
            <rdf:Description rdf:about="#metaid_0000048">
              <bqbiol:hasPart>
                <rdf:Bag>
                  <rdf:li rdf:resource="http://identifiers.org/chebi/CHEBI:15996"/>
                  <rdf:li rdf:resource="http://identifiers.org/uniprot/P62826"/>
                </rdf:Bag>
              </bqbiol:hasPart>
              <bqbiol:hasPart>
                <rdf:Bag>
                  <rdf:li rdf:resource="http://identifiers.org/uniprot/P62826"/>
                  <rdf:li rdf:resource="http://identifiers.org/kegg.compound/C00044"/>
                  <rdf:li rdf:resource="http://identifiers.org/chebi/CHEBI:15996"/>
                </rdf:Bag>
              </bqbiol:hasPart>
            </rdf:Description>
          </rdf:RDF>
        </annotation>
      </species>
      <species metaid="metaid_0000049" id="FCarrier_RanGTP_Cytosol" name="FCarrier_RanGTP_Cytosol" compartment="Cytosol" initialConcentration="0">
        <annotation>
          <VCellInfo xmlns="http://www.sbml.org/2001/ns/vcell">
            <Compound Name="FCarrier_RanGTP"/>
          </VCellInfo>
          <rdf:RDF xmlns:rdf="http://www.w3.org/1999/02/22-rdf-syntax-ns#" xmlns:dc="http://purl.org/dc/elements/1.1/" xmlns:dcterms="http://purl.org/dc/terms/" xmlns:vCard="http://www.w3.org/2001/vcard-rdf/3.0#" xmlns:bqbiol="http://biomodels.net/biology-qualifiers/" xmlns:bqmodel="http://biomodels.net/model-qualifiers/">
            <rdf:Description rdf:about="#metaid_0000049">
              <bqbiol:hasPart>
                <rdf:Bag>
                  <rdf:li rdf:resource="http://identifiers.org/chebi/CHEBI:15996"/>
                  <rdf:li rdf:resource="http://identifiers.org/uniprot/P62826"/>
                </rdf:Bag>
              </bqbiol:hasPart>
              <bqbiol:hasPart>
                <rdf:Bag>
                  <rdf:li rdf:resource="http://identifiers.org/uniprot/P62826"/>
                  <rdf:li rdf:resource="http://identifiers.org/kegg.compound/C00044"/>
                  <rdf:li rdf:resource="http://identifiers.org/chebi/CHEBI:15996"/>
                </rdf:Bag>
              </bqbiol:hasPart>
            </rdf:Description>
          </rdf:RDF>
        </annotation>
      </species>
      <species metaid="metaid_0000050" id="FRanGDP_Cytosol" name="FRanGDP_Cytosol" compartment="Cytosol" initialConcentration="1">
        <annotation>
          <VCellInfo xmlns="http://www.sbml.org/2001/ns/vcell">
            <Compound Name="FRanGDP"/>
          </VCellInfo>
          <rdf:RDF xmlns:rdf="http://www.w3.org/1999/02/22-rdf-syntax-ns#" xmlns:dc="http://purl.org/dc/elements/1.1/" xmlns:dcterms="http://purl.org/dc/terms/" xmlns:vCard="http://www.w3.org/2001/vcard-rdf/3.0#" xmlns:bqbiol="http://biomodels.net/biology-qualifiers/" xmlns:bqmodel="http://biomodels.net/model-qualifiers/">
            <rdf:Description rdf:about="#metaid_0000050">
              <bqbiol:hasPart>
                <rdf:Bag>
                  <rdf:li rdf:resource="http://identifiers.org/uniprot/P62826"/>
                  <rdf:li rdf:resource="http://identifiers.org/kegg.compound/C00035"/>
                  <rdf:li rdf:resource="http://identifiers.org/chebi/CHEBI:17552"/>
                </rdf:Bag>
              </bqbiol:hasPart>
            </rdf:Description>
          </rdf:RDF>
        </annotation>
      </species>
      <species metaid="metaid_0000051" id="FNTF2_RanGDP_Cytosol" name="FNTF2_RanGDP_Cytosol" compartment="Cytosol" initialConcentration="0">
        <annotation>
          <VCellInfo xmlns="http://www.sbml.org/2001/ns/vcell">
            <Compound Name="FNTF2_RanGDP"/>
          </VCellInfo>
          <rdf:RDF xmlns:rdf="http://www.w3.org/1999/02/22-rdf-syntax-ns#" xmlns:dc="http://purl.org/dc/elements/1.1/" xmlns:dcterms="http://purl.org/dc/terms/" xmlns:vCard="http://www.w3.org/2001/vcard-rdf/3.0#" xmlns:bqbiol="http://biomodels.net/biology-qualifiers/" xmlns:bqmodel="http://biomodels.net/model-qualifiers/">
            <rdf:Description rdf:about="#metaid_0000051">
              <bqbiol:hasPart>
                <rdf:Bag>
                  <rdf:li rdf:resource="http://identifiers.org/uniprot/P61970"/>
                  <rdf:li rdf:resource="http://identifiers.org/uniprot/P62826"/>
                  <rdf:li rdf:resource="http://identifiers.org/kegg.compound/C00035"/>
                  <rdf:li rdf:resource="http://identifiers.org/chebi/CHEBI:17552"/>
                </rdf:Bag>
              </bqbiol:hasPart>
            </rdf:Description>
          </rdf:RDF>
        </annotation>
      </species>
      <species metaid="metaid_0000052" id="FRanBP1_Carrier_RanGTP_Cytosol" name="FRanBP1_Carrier_RanGTP_Cytosol" compartment="Cytosol" initialConcentration="0">
        <annotation>
          <VCellInfo xmlns="http://www.sbml.org/2001/ns/vcell">
            <Compound Name="FRanBP1_Carrier_RanGTP"/>
          </VCellInfo>
          <rdf:RDF xmlns:rdf="http://www.w3.org/1999/02/22-rdf-syntax-ns#" xmlns:dc="http://purl.org/dc/elements/1.1/" xmlns:dcterms="http://purl.org/dc/terms/" xmlns:vCard="http://www.w3.org/2001/vcard-rdf/3.0#" xmlns:bqbiol="http://biomodels.net/biology-qualifiers/" xmlns:bqmodel="http://biomodels.net/model-qualifiers/">
            <rdf:Description rdf:about="#metaid_0000052">
              <bqbiol:hasPart>
                <rdf:Bag>
                  <rdf:li rdf:resource="http://identifiers.org/chebi/CHEBI:15996"/>
                  <rdf:li rdf:resource="http://identifiers.org/uniprot/P62826"/>
                </rdf:Bag>
              </bqbiol:hasPart>
              <bqbiol:hasPart>
                <rdf:Bag>
                  <rdf:li rdf:resource="http://identifiers.org/uniprot/P62826"/>
                  <rdf:li rdf:resource="http://identifiers.org/kegg.compound/C00044"/>
                  <rdf:li rdf:resource="http://identifiers.org/chebi/CHEBI:15996"/>
                </rdf:Bag>
              </bqbiol:hasPart>
            </rdf:Description>
          </rdf:RDF>
        </annotation>
      </species>
      <species metaid="metaid_0000053" id="FCarrier_RanGTP_Nucleus" name="FCarrier_RanGTP_Nucleus" compartment="Nucleus" initialConcentration="0">
        <annotation>
          <VCellInfo xmlns="http://www.sbml.org/2001/ns/vcell">
            <Compound Name="FCarrier_RanGTP"/>
          </VCellInfo>
          <rdf:RDF xmlns:rdf="http://www.w3.org/1999/02/22-rdf-syntax-ns#" xmlns:dc="http://purl.org/dc/elements/1.1/" xmlns:dcterms="http://purl.org/dc/terms/" xmlns:vCard="http://www.w3.org/2001/vcard-rdf/3.0#" xmlns:bqbiol="http://biomodels.net/biology-qualifiers/" xmlns:bqmodel="http://biomodels.net/model-qualifiers/">
            <rdf:Description rdf:about="#metaid_0000053">
              <bqbiol:hasPart>
                <rdf:Bag>
                  <rdf:li rdf:resource="http://identifiers.org/chebi/CHEBI:15996"/>
                  <rdf:li rdf:resource="http://identifiers.org/uniprot/P62826"/>
                </rdf:Bag>
              </bqbiol:hasPart>
              <bqbiol:hasPart>
                <rdf:Bag>
                  <rdf:li rdf:resource="http://identifiers.org/uniprot/P62826"/>
                  <rdf:li rdf:resource="http://identifiers.org/kegg.compound/C00044"/>
                  <rdf:li rdf:resource="http://identifiers.org/chebi/CHEBI:15996"/>
                </rdf:Bag>
              </bqbiol:hasPart>
            </rdf:Description>
          </rdf:RDF>
        </annotation>
      </species>
      <species metaid="metaid_0000054" id="FRanGDP_Nucleus" name="FRanGDP_Nucleus" compartment="Nucleus" initialConcentration="0">
        <annotation>
          <VCellInfo xmlns="http://www.sbml.org/2001/ns/vcell">
            <Compound Name="FRanGDP"/>
          </VCellInfo>
          <rdf:RDF xmlns:rdf="http://www.w3.org/1999/02/22-rdf-syntax-ns#" xmlns:dc="http://purl.org/dc/elements/1.1/" xmlns:dcterms="http://purl.org/dc/terms/" xmlns:vCard="http://www.w3.org/2001/vcard-rdf/3.0#" xmlns:bqbiol="http://biomodels.net/biology-qualifiers/" xmlns:bqmodel="http://biomodels.net/model-qualifiers/">
            <rdf:Description rdf:about="#metaid_0000054">
              <bqbiol:hasPart>
                <rdf:Bag>
                  <rdf:li rdf:resource="http://identifiers.org/uniprot/P62826"/>
                  <rdf:li rdf:resource="http://identifiers.org/kegg.compound/C00035"/>
                  <rdf:li rdf:resource="http://identifiers.org/chebi/CHEBI:17552"/>
                </rdf:Bag>
              </bqbiol:hasPart>
            </rdf:Description>
          </rdf:RDF>
        </annotation>
      </species>
      <species metaid="metaid_0000055" id="FNTF2_RanGDP_Nucleus" name="FNTF2_RanGDP_Nucleus" compartment="Nucleus" initialConcentration="0">
        <annotation>
          <VCellInfo xmlns="http://www.sbml.org/2001/ns/vcell">
            <Compound Name="FNTF2_RanGDP"/>
          </VCellInfo>
          <rdf:RDF xmlns:rdf="http://www.w3.org/1999/02/22-rdf-syntax-ns#" xmlns:dc="http://purl.org/dc/elements/1.1/" xmlns:dcterms="http://purl.org/dc/terms/" xmlns:vCard="http://www.w3.org/2001/vcard-rdf/3.0#" xmlns:bqbiol="http://biomodels.net/biology-qualifiers/" xmlns:bqmodel="http://biomodels.net/model-qualifiers/">
            <rdf:Description rdf:about="#metaid_0000055">
              <bqbiol:hasPart>
                <rdf:Bag>
                  <rdf:li rdf:resource="http://identifiers.org/uniprot/P61970"/>
                  <rdf:li rdf:resource="http://identifiers.org/uniprot/P62826"/>
                  <rdf:li rdf:resource="http://identifiers.org/kegg.compound/C00035"/>
                  <rdf:li rdf:resource="http://identifiers.org/chebi/CHEBI:17552"/>
                </rdf:Bag>
              </bqbiol:hasPart>
            </rdf:Description>
          </rdf:RDF>
        </annotation>
      </species>
      <species metaid="metaid_0000056" id="FRanGTP_Nucleus" name="FRanGTP_Nucleus" compartment="Nucleus" initialConcentration="0">
        <annotation>
          <VCellInfo xmlns="http://www.sbml.org/2001/ns/vcell">
            <Compound Name="FRanGTP"/>
          </VCellInfo>
          <rdf:RDF xmlns:rdf="http://www.w3.org/1999/02/22-rdf-syntax-ns#" xmlns:dc="http://purl.org/dc/elements/1.1/" xmlns:dcterms="http://purl.org/dc/terms/" xmlns:vCard="http://www.w3.org/2001/vcard-rdf/3.0#" xmlns:bqbiol="http://biomodels.net/biology-qualifiers/" xmlns:bqmodel="http://biomodels.net/model-qualifiers/">
            <rdf:Description rdf:about="#metaid_0000056">
              <bqbiol:hasPart>
                <rdf:Bag>
                  <rdf:li rdf:resource="http://identifiers.org/chebi/CHEBI:15996"/>
                  <rdf:li rdf:resource="http://identifiers.org/uniprot/P62826"/>
                </rdf:Bag>
              </bqbiol:hasPart>
              <bqbiol:hasPart>
                <rdf:Bag>
                  <rdf:li rdf:resource="http://identifiers.org/uniprot/P62826"/>
                  <rdf:li rdf:resource="http://identifiers.org/kegg.compound/C00044"/>
                  <rdf:li rdf:resource="http://identifiers.org/chebi/CHEBI:15996"/>
                </rdf:Bag>
              </bqbiol:hasPart>
            </rdf:Description>
          </rdf:RDF>
        </annotation>
      </species>
      <species metaid="metaid_0000057" id="NTF2_Cytosol" name="NTF2_Cytosol" compartment="Cytosol" initialConcentration="0.023821798862085">
        <annotation>
          <VCellInfo xmlns="http://www.sbml.org/2001/ns/vcell">
            <Compound Name="NTF2"/>
          </VCellInfo>
          <rdf:RDF xmlns:rdf="http://www.w3.org/1999/02/22-rdf-syntax-ns#" xmlns:bqmodel="http://biomodels.net/model-qualifiers/" xmlns:bqbiol="http://biomodels.net/biology-qualifiers/">
            <rdf:Description rdf:about="#metaid_0000057">
              <bqbiol:isVersionOf>
                <rdf:Bag>
                  <rdf:li rdf:resource="http://identifiers.org/uniprot/P61970"/>
                </rdf:Bag>
              </bqbiol:isVersionOf>
            </rdf:Description>
          </rdf:RDF>
        </annotation>
      </species>
      <species metaid="metaid_0000058" id="Pipet_Cytosol" name="Pipet_Cytosol" compartment="Cytosol" initialConcentration="0">
        <annotation>
          <VCellInfo xmlns="http://www.sbml.org/2001/ns/vcell">
            <Compound Name="Pipet"/>
          </VCellInfo>
        </annotation>
      </species>
      <species metaid="metaid_0000059" id="RanGTP_Cytosol" name="RanGTP_Cytosol" compartment="Cytosol" initialConcentration="0">
        <annotation>
          <VCellInfo xmlns="http://www.sbml.org/2001/ns/vcell">
            <Compound Name="RanGTP"/>
          </VCellInfo>
          <rdf:RDF xmlns:rdf="http://www.w3.org/1999/02/22-rdf-syntax-ns#" xmlns:dc="http://purl.org/dc/elements/1.1/" xmlns:dcterms="http://purl.org/dc/terms/" xmlns:vCard="http://www.w3.org/2001/vcard-rdf/3.0#" xmlns:bqbiol="http://biomodels.net/biology-qualifiers/" xmlns:bqmodel="http://biomodels.net/model-qualifiers/">
            <rdf:Description rdf:about="#metaid_0000059">
              <bqbiol:hasPart>
                <rdf:Bag>
                  <rdf:li rdf:resource="http://identifiers.org/chebi/CHEBI:15996"/>
                  <rdf:li rdf:resource="http://identifiers.org/uniprot/P62826"/>
                </rdf:Bag>
              </bqbiol:hasPart>
              <bqbiol:hasPart>
                <rdf:Bag>
                  <rdf:li rdf:resource="http://identifiers.org/uniprot/P62826"/>
                  <rdf:li rdf:resource="http://identifiers.org/kegg.compound/C00044"/>
                  <rdf:li rdf:resource="http://identifiers.org/chebi/CHEBI:15996"/>
                </rdf:Bag>
              </bqbiol:hasPart>
            </rdf:Description>
          </rdf:RDF>
        </annotation>
      </species>
    </listOfSpecies>
    <listOfParameters>
      <parameter metaid="metaid_0000017" id="RanGAP_Kcat_FRanGTP_dephosphorylation" value="6" units="s_1"/>
      <parameter metaid="metaid_0000018" id="Vmax_RanGTP_dephosphorylation_FRanGTP_dephosphorylation" units="uM_s_1" constant="false"/>
      <parameter metaid="metaid_0000019" id="RanGAP_Kcat_dephosphorylationF" value="6" units="s_1"/>
      <parameter metaid="metaid_0000020" id="Vmax_dephosphorylation_dephosphorylationF" units="uM_s_1" constant="false"/>
      <parameter metaid="metaid_0000021" id="RanGAP_Kcat_RanGTP_dephosphorylation" value="6" units="s_1"/>
      <parameter metaid="metaid_0000022" id="Vmax_RanGTP_dephosphorylation_RanGTP_dephosphorylation" units="uM_s_1" constant="false"/>
      <parameter metaid="metaid_0000023" id="RanGAP_Kcat_dephosphorylation" value="6" units="s_1"/>
      <parameter metaid="metaid_0000024" id="Vmax_dephosphorylation_dephosphorylation" units="uM_s_1" constant="false"/>
      <parameter metaid="metaid_0000025" id="kinj" value="25" units="s_1"/>
      <parameter metaid="metaid_0000026" id="start" value="1" units="s"/>
      <parameter metaid="metaid_0000027" id="tau" value="0.4" units="s"/>
      <parameter metaid="metaid_0000028" id="ar_for_Microinj" value="0" constant="false"/>
    </listOfParameters>
    <listOfRules>
      <assignmentRule metaid="metaid_0000060" variable="Vmax_RanGTP_dephosphorylation_FRanGTP_dephosphorylation">
        <math xmlns="http://www.w3.org/1998/Math/MathML">
          <apply>
            <times/>
            <ci> RanGAP_Kcat_FRanGTP_dephosphorylation </ci>
            <ci> RanGAP_Cytosol </ci>
          </apply>
        </math>
      </assignmentRule>
      <assignmentRule metaid="metaid_0000061" variable="Vmax_dephosphorylation_dephosphorylationF">
        <math xmlns="http://www.w3.org/1998/Math/MathML">
          <apply>
            <times/>
            <ci> RanGAP_Cytosol </ci>
            <ci> RanGAP_Kcat_dephosphorylationF </ci>
          </apply>
        </math>
      </assignmentRule>
      <assignmentRule metaid="metaid_0000062" variable="Vmax_RanGTP_dephosphorylation_RanGTP_dephosphorylation">
        <math xmlns="http://www.w3.org/1998/Math/MathML">
          <apply>
            <times/>
            <ci> RanGAP_Kcat_RanGTP_dephosphorylation </ci>
            <ci> RanGAP_Cytosol </ci>
          </apply>
        </math>
      </assignmentRule>
      <assignmentRule metaid="metaid_0000063" variable="Vmax_dephosphorylation_dephosphorylation">
        <math xmlns="http://www.w3.org/1998/Math/MathML">
          <apply>
            <times/>
            <ci> RanGAP_Cytosol </ci>
            <ci> RanGAP_Kcat_dephosphorylation </ci>
          </apply>
        </math>
      </assignmentRule>
      <assignmentRule metaid="metaid_0000064" variable="ar_for_Microinj">
        <math xmlns="http://www.w3.org/1998/Math/MathML">
          <piecewise>
            <piece>
              <apply>
                <times/>
                <ci> kinj </ci>
                <cn> 0.0016611295681 </cn>
                <ci> Pipet_Cytosol </ci>
              </apply>
              <apply>
                <and/>
                <apply>
                  <gt/>
                  <csymbol encoding="text" definitionURL="http://www.sbml.org/sbml/symbols/time"> t </csymbol>
                  <ci> start </ci>
                </apply>
                <apply>
                  <lt/>
                  <csymbol encoding="text" definitionURL="http://www.sbml.org/sbml/symbols/time"> t </csymbol>
                  <apply>
                    <plus/>
                    <ci> start </ci>
                    <ci> tau </ci>
                  </apply>
                </apply>
              </apply>
            </piece>
            <otherwise>
              <cn type="integer"> 0 </cn>
            </otherwise>
          </piecewise>
        </math>
      </assignmentRule>
    </listOfRules>
    <listOfReactions>
      <reaction metaid="metaid_0000065" id="Carrier_FRanGTP_binding" name="Carrier FRanGTP binding">
        <annotation>
          <VCellInfo xmlns="http://www.sbml.org/2001/ns/vcell">
            <SimpleReaction Structure="Cytosol"/>
            <ReactionRate Name="J"/>
          </VCellInfo>
        </annotation>
        <listOfReactants>
          <speciesReference metaid="_090762" species="Carrier_Cytosol"/>
          <speciesReference metaid="_090776" species="FRanGTP_Cytosol"/>
        </listOfReactants>
        <listOfProducts>
          <speciesReference metaid="_090788" species="FCarrier_RanGTP_Cytosol"/>
        </listOfProducts>
        <kineticLaw metaid="_090800">
          <math xmlns="http://www.w3.org/1998/Math/MathML">
            <apply>
              <times/>
              <apply>
                <plus/>
                <apply>
                  <times/>
                  <ci> Kon_Carrier_RanGTP_binding </ci>
                  <ci> Carrier_Cytosol </ci>
                  <ci> FRanGTP_Cytosol </ci>
                </apply>
                <apply>
                  <minus/>
                  <apply>
                    <times/>
                    <ci> Koff_Carrier_RanGTP_binding </ci>
                    <ci> FCarrier_RanGTP_Cytosol </ci>
                  </apply>
                </apply>
              </apply>
              <ci> Cytosol </ci>
            </apply>
          </math>
          <listOfParameters>
            <parameter metaid="_090812" id="Kon_Carrier_RanGTP_binding" value="0" units="uM_1_s_1"/>
            <parameter metaid="_090824" id="Koff_Carrier_RanGTP_binding" value="0" units="s_1"/>
          </listOfParameters>
        </kineticLaw>
      </reaction>
      <reaction metaid="metaid_0000066" id="FRanGTP_dephosphorylation" name="FRanGTP dephosphorylation">
        <annotation>
          <VCellInfo xmlns="http://www.sbml.org/2001/ns/vcell">
            <SimpleReaction Structure="Cytosol"/>
            <ReactionRate Name="J"/>
          </VCellInfo>
          <rdf:RDF xmlns:rdf="http://www.w3.org/1999/02/22-rdf-syntax-ns#" xmlns:bqmodel="http://biomodels.net/model-qualifiers/" xmlns:bqbiol="http://biomodels.net/biology-qualifiers/">
            <rdf:Description rdf:about="#metaid_0000066">
              <bqbiol:isVersionOf>
                <rdf:Bag>
                  <rdf:li rdf:resource="http://identifiers.org/go/GO:0016311"/>
                </rdf:Bag>
              </bqbiol:isVersionOf>
            </rdf:Description>
          </rdf:RDF>
        </annotation>
        <listOfReactants>
          <speciesReference metaid="_090836" species="FRanGTP_Cytosol"/>
        </listOfReactants>
        <listOfProducts>
          <speciesReference metaid="_090852" species="FRanGDP_Cytosol"/>
        </listOfProducts>
        <listOfModifiers>
          <modifierSpeciesReference metaid="_090864" species="RanGAP_Cytosol"/>
        </listOfModifiers>
        <kineticLaw metaid="_090876">
          <math xmlns="http://www.w3.org/1998/Math/MathML">
            <apply>
              <times/>
              <ci> Vmax_RanGTP_dephosphorylation_FRanGTP_dephosphorylation </ci>
              <ci> FRanGTP_Cytosol </ci>
              <apply>
                <divide/>
                <cn> 1 </cn>
                <apply>
                  <plus/>
                  <ci> Km_RanGTP_dephosphorylation </ci>
                  <ci> FRanGTP_Cytosol </ci>
                </apply>
              </apply>
              <ci> Cytosol </ci>
            </apply>
          </math>
          <listOfParameters>
            <parameter metaid="_090888" id="Km_RanGTP_dephosphorylation" value="0.43" units="uM"/>
          </listOfParameters>
        </kineticLaw>
      </reaction>
      <reaction metaid="metaid_0000067" id="dephosphorylationF" name="dephosphorylationF">
        <annotation>
          <VCellInfo xmlns="http://www.sbml.org/2001/ns/vcell">
            <SimpleReaction Structure="Cytosol"/>
            <ReactionRate Name="J"/>
          </VCellInfo>
          <rdf:RDF xmlns:rdf="http://www.w3.org/1999/02/22-rdf-syntax-ns#" xmlns:bqmodel="http://biomodels.net/model-qualifiers/" xmlns:bqbiol="http://biomodels.net/biology-qualifiers/">
            <rdf:Description rdf:about="#metaid_0000067">
              <bqbiol:isVersionOf>
                <rdf:Bag>
                  <rdf:li rdf:resource="http://identifiers.org/go/GO:0016311"/>
                </rdf:Bag>
              </bqbiol:isVersionOf>
            </rdf:Description>
          </rdf:RDF>
        </annotation>
        <listOfReactants>
          <speciesReference metaid="_090900" species="FRanBP1_Carrier_RanGTP_Cytosol"/>
        </listOfReactants>
        <listOfProducts>
          <speciesReference metaid="_090912" species="FRanGDP_Cytosol"/>
          <speciesReference metaid="_090924" species="RanBP1_Cytosol"/>
          <speciesReference metaid="_090936" species="Carrier_Cytosol"/>
        </listOfProducts>
        <listOfModifiers>
          <modifierSpeciesReference metaid="_090948" species="RanGAP_Cytosol"/>
        </listOfModifiers>
        <kineticLaw metaid="_090960">
          <math xmlns="http://www.w3.org/1998/Math/MathML">
            <apply>
              <times/>
              <ci> Vmax_dephosphorylation_dephosphorylationF </ci>
              <ci> FRanBP1_Carrier_RanGTP_Cytosol </ci>
              <apply>
                <divide/>
                <cn> 1 </cn>
                <apply>
                  <plus/>
                  <ci> Km_dephosphorylation </ci>
                  <ci> FRanBP1_Carrier_RanGTP_Cytosol </ci>
                </apply>
              </apply>
              <ci> Cytosol </ci>
            </apply>
          </math>
          <listOfParameters>
            <parameter metaid="_090972" id="Km_dephosphorylation" value="0.43" units="uM"/>
          </listOfParameters>
        </kineticLaw>
      </reaction>
      <reaction metaid="metaid_0000068" id="FRanGTP_Carrier_binding" name="FRanGTP Carrier binding">
        <annotation>
          <VCellInfo xmlns="http://www.sbml.org/2001/ns/vcell">
            <SimpleReaction Structure="Nucleus"/>
            <ReactionRate Name="J"/>
          </VCellInfo>
        </annotation>
        <listOfReactants>
          <speciesReference metaid="_090984" species="Carrier_Nucleus"/>
          <speciesReference metaid="_090996" species="FRanGTP_Nucleus"/>
        </listOfReactants>
        <listOfProducts>
          <speciesReference metaid="_091008" species="FCarrier_RanGTP_Nucleus"/>
        </listOfProducts>
        <kineticLaw metaid="_091020">
          <math xmlns="http://www.w3.org/1998/Math/MathML">
            <apply>
              <times/>
              <apply>
                <plus/>
                <apply>
                  <times/>
                  <ci> Kon_RanGTP_Carrier_binding </ci>
                  <ci> Carrier_Nucleus </ci>
                  <ci> FRanGTP_Nucleus </ci>
                </apply>
                <apply>
                  <minus/>
                  <apply>
                    <times/>
                    <ci> Koff_RanGTP_Carrier_binding </ci>
                    <ci> FCarrier_RanGTP_Nucleus </ci>
                  </apply>
                </apply>
              </apply>
              <ci> Nucleus </ci>
            </apply>
          </math>
          <listOfParameters>
            <parameter metaid="_091032" id="Kon_RanGTP_Carrier_binding" value="100" units="uM_1_s_1"/>
            <parameter metaid="_091044" id="Koff_RanGTP_Carrier_binding" value="1" units="s_1"/>
          </listOfParameters>
        </kineticLaw>
      </reaction>
      <reaction metaid="metaid_0000069" id="NTF2_FRanGDP_Unbinding" name="NTF2_FRanGDP Unbinding">
        <annotation>
          <VCellInfo xmlns="http://www.sbml.org/2001/ns/vcell">
            <SimpleReaction Structure="Cytosol"/>
            <ReactionRate Name="J"/>
          </VCellInfo>
        </annotation>
        <listOfReactants>
          <speciesReference metaid="_091056" species="NTF2_Cytosol"/>
          <speciesReference metaid="_091068" species="FRanGDP_Cytosol"/>
        </listOfReactants>
        <listOfProducts>
          <speciesReference metaid="_091080" species="FNTF2_RanGDP_Cytosol"/>
        </listOfProducts>
        <kineticLaw metaid="_091092">
          <math xmlns="http://www.w3.org/1998/Math/MathML">
            <apply>
              <times/>
              <apply>
                <plus/>
                <apply>
                  <times/>
                  <ci> Kon_NTF2_RanGDP_binding </ci>
                  <ci> NTF2_Cytosol </ci>
                  <ci> FRanGDP_Cytosol </ci>
                </apply>
                <apply>
                  <minus/>
                  <apply>
                    <times/>
                    <ci> Koff_NTF2_RanGDP_binding </ci>
                    <ci> FNTF2_RanGDP_Cytosol </ci>
                  </apply>
                </apply>
              </apply>
              <ci> Cytosol </ci>
            </apply>
          </math>
          <listOfParameters>
            <parameter metaid="_091104" id="Kon_NTF2_RanGDP_binding" value="100" units="uM_1_s_1"/>
            <parameter metaid="_091116" id="Koff_NTF2_RanGDP_binding" value="2.5" units="s_1"/>
          </listOfParameters>
        </kineticLaw>
      </reaction>
      <reaction metaid="metaid_0000070" id="RanBP1_bindingF" name="RanBP1 bindingF">
        <annotation>
          <VCellInfo xmlns="http://www.sbml.org/2001/ns/vcell">
            <SimpleReaction Structure="Cytosol"/>
            <ReactionRate Name="J"/>
          </VCellInfo>
        </annotation>
        <listOfReactants>
          <speciesReference metaid="_091128" species="FCarrier_RanGTP_Cytosol"/>
          <speciesReference metaid="_091140" species="RanBP1_Cytosol"/>
        </listOfReactants>
        <listOfProducts>
          <speciesReference metaid="_091152" species="FRanBP1_Carrier_RanGTP_Cytosol"/>
        </listOfProducts>
        <kineticLaw metaid="_091164">
          <math xmlns="http://www.w3.org/1998/Math/MathML">
            <apply>
              <times/>
              <apply>
                <plus/>
                <apply>
                  <times/>
                  <ci> Kon_RanBP1_binding </ci>
                  <ci> FCarrier_RanGTP_Cytosol </ci>
                  <ci> RanBP1_Cytosol </ci>
                </apply>
                <apply>
                  <minus/>
                  <apply>
                    <times/>
                    <ci> Koff_RanBP1_binding </ci>
                    <ci> FRanBP1_Carrier_RanGTP_Cytosol </ci>
                  </apply>
                </apply>
              </apply>
              <ci> Cytosol </ci>
            </apply>
          </math>
          <listOfParameters>
            <parameter metaid="_091176" id="Kon_RanBP1_binding" value="100" units="uM_1_s_1"/>
            <parameter metaid="_091188" id="Koff_RanBP1_binding" value="0.5" units="s_1"/>
          </listOfParameters>
        </kineticLaw>
      </reaction>
      <reaction metaid="metaid_0000071" id="NTF2_FRanGDP_unbinding" name="NTF2_FRanGDP unbinding">
        <annotation>
          <VCellInfo xmlns="http://www.sbml.org/2001/ns/vcell">
            <SimpleReaction Structure="Nucleus"/>
            <ReactionRate Name="J"/>
          </VCellInfo>
        </annotation>
        <listOfReactants>
          <speciesReference metaid="_091200" species="FNTF2_RanGDP_Nucleus"/>
        </listOfReactants>
        <listOfProducts>
          <speciesReference metaid="_091212" species="NTF2_Nucleus"/>
          <speciesReference metaid="_091224" species="FRanGDP_Nucleus"/>
        </listOfProducts>
        <kineticLaw metaid="_091236">
          <math xmlns="http://www.w3.org/1998/Math/MathML">
            <apply>
              <times/>
              <apply>
                <plus/>
                <apply>
                  <times/>
                  <ci> Koff_NTF2_RanGDP_unbinding </ci>
                  <ci> FNTF2_RanGDP_Nucleus </ci>
                </apply>
                <apply>
                  <minus/>
                  <apply>
                    <times/>
                    <ci> Kon_NTF2_RanGDP_unbinding </ci>
                    <ci> NTF2_Nucleus </ci>
                    <ci> FRanGDP_Nucleus </ci>
                  </apply>
                </apply>
              </apply>
              <ci> Nucleus </ci>
            </apply>
          </math>
          <listOfParameters>
            <parameter metaid="_091248" id="Koff_NTF2_RanGDP_unbinding" value="2.5" units="s_1"/>
            <parameter metaid="_091260" id="Kon_NTF2_RanGDP_unbinding" value="100" units="uM_1_s_1"/>
          </listOfParameters>
        </kineticLaw>
      </reaction>
      <reaction metaid="metaid_0000072" id="Microinj" name="Microinj">
        <annotation>
          <VCellInfo xmlns="http://www.sbml.org/2001/ns/vcell">
            <SimpleReaction Structure="Cytosol"/>
            <ReactionRate Name="J"/>
          </VCellInfo>
        </annotation>
        <listOfProducts>
          <speciesReference metaid="_091272" species="FRanGDP_Cytosol"/>
        </listOfProducts>
        <listOfModifiers>
          <modifierSpeciesReference metaid="_091284" species="Pipet_Cytosol"/>
        </listOfModifiers>
        <kineticLaw metaid="_091296">
          <math xmlns="http://www.w3.org/1998/Math/MathML">
            <apply>
              <times/>
              <ci> ar_for_Microinj </ci>
              <ci> Cytosol </ci>
              <cn type="integer"> 1 </cn>
            </apply>
          </math>
        </kineticLaw>
      </reaction>
      <reaction metaid="metaid_0000073" id="FRanGDP_to_FRanGTP" name="FRanGDP to FRanGTP">
        <annotation>
          <VCellInfo xmlns="http://www.sbml.org/2001/ns/vcell">
            <SimpleReaction Structure="Nucleus"/>
            <ReactionRate Name="J_RanGDP_GEF"/>
          </VCellInfo>
          <rdf:RDF xmlns:rdf="http://www.w3.org/1999/02/22-rdf-syntax-ns#" xmlns:bqmodel="http://biomodels.net/model-qualifiers/" xmlns:bqbiol="http://biomodels.net/biology-qualifiers/">
            <rdf:Description rdf:about="#metaid_0000073">
              <bqbiol:isVersionOf>
                <rdf:Bag>
                  <rdf:li rdf:resource="http://identifiers.org/go/GO:0042325"/>
                </rdf:Bag>
              </bqbiol:isVersionOf>
            </rdf:Description>
          </rdf:RDF>
        </annotation>
        <listOfReactants>
          <speciesReference metaid="_091308" species="FRanGDP_Nucleus"/>
        </listOfReactants>
        <listOfProducts>
          <speciesReference metaid="_091320" species="FRanGTP_Nucleus"/>
        </listOfProducts>
        <listOfModifiers>
          <modifierSpeciesReference metaid="_091332" species="RCC1_Nucleus"/>
          <modifierSpeciesReference metaid="_091344" species="NTF2_RanGDP_Nucleus"/>
          <modifierSpeciesReference metaid="_091356" species="RanGDP_Nucleus"/>
        </listOfModifiers>
        <kineticLaw metaid="_091368">
          <math xmlns="http://www.w3.org/1998/Math/MathML">
            <apply>
              <times/>
              <cn> 0.75 </cn>
              <ci> RCC1Kcat </ci>
              <ci> RCC1_Nucleus </ci>
              <ci> FRanGDP_Nucleus </ci>
              <apply>
                <divide/>
                <cn> 1 </cn>
                <apply>
                  <plus/>
                  <ci> RCC1Km </ci>
                  <ci> FRanGDP_Nucleus </ci>
                  <ci> NTF2_RanGDP_Nucleus </ci>
                </apply>
              </apply>
              <ci> Nucleus </ci>
            </apply>
          </math>
          <listOfParameters>
            <parameter metaid="_091380" id="RCC1Kcat" value="8.5" units="s_1"/>
            <parameter metaid="_091392" id="RCC1Km" value="1.1" units="uM"/>
          </listOfParameters>
        </kineticLaw>
      </reaction>
      <reaction metaid="metaid_0000074" id="RanGTP_dephosphorylation" name="RanGTP dephosphorylation">
        <annotation>
          <VCellInfo xmlns="http://www.sbml.org/2001/ns/vcell">
            <SimpleReaction Structure="Cytosol"/>
            <ReactionRate Name="J"/>
          </VCellInfo>
          <rdf:RDF xmlns:rdf="http://www.w3.org/1999/02/22-rdf-syntax-ns#" xmlns:bqmodel="http://biomodels.net/model-qualifiers/" xmlns:bqbiol="http://biomodels.net/biology-qualifiers/">
            <rdf:Description rdf:about="#metaid_0000074">
              <bqbiol:isVersionOf>
                <rdf:Bag>
                  <rdf:li rdf:resource="http://identifiers.org/go/GO:0016311"/>
                </rdf:Bag>
              </bqbiol:isVersionOf>
            </rdf:Description>
          </rdf:RDF>
        </annotation>
        <listOfReactants>
          <speciesReference metaid="_091404" species="RanGTP_Cytosol"/>
        </listOfReactants>
        <listOfProducts>
          <speciesReference metaid="_091416" species="RanGDP_Cytosol"/>
        </listOfProducts>
        <listOfModifiers>
          <modifierSpeciesReference metaid="_091428" species="RanGAP_Cytosol"/>
        </listOfModifiers>
        <kineticLaw metaid="_091440">
          <math xmlns="http://www.w3.org/1998/Math/MathML">
            <apply>
              <times/>
              <ci> Vmax_RanGTP_dephosphorylation_RanGTP_dephosphorylation </ci>
              <ci> RanGTP_Cytosol </ci>
              <apply>
                <divide/>
                <cn> 1 </cn>
                <apply>
                  <plus/>
                  <ci> Km_RanGTP_dephosphorylation </ci>
                  <ci> RanGTP_Cytosol </ci>
                </apply>
              </apply>
              <ci> Cytosol </ci>
            </apply>
          </math>
          <listOfParameters>
            <parameter metaid="_091452" id="Km_RanGTP_dephosphorylation" value="0.43" units="uM"/>
          </listOfParameters>
        </kineticLaw>
      </reaction>
      <reaction metaid="metaid_0000075" id="RanGTP_Carrier_binding" name="RanGTP Carrier binding">
        <annotation>
          <VCellInfo xmlns="http://www.sbml.org/2001/ns/vcell">
            <SimpleReaction Structure="Nucleus"/>
            <ReactionRate Name="J"/>
          </VCellInfo>
        </annotation>
        <listOfReactants>
          <speciesReference metaid="_091464" species="RanGTP_Nucleus"/>
          <speciesReference metaid="_091476" species="Carrier_Nucleus"/>
        </listOfReactants>
        <listOfProducts>
          <speciesReference metaid="_091488" species="Carrier_RanGTP_Nucleus"/>
        </listOfProducts>
        <kineticLaw metaid="_091500">
          <math xmlns="http://www.w3.org/1998/Math/MathML">
            <apply>
              <times/>
              <apply>
                <plus/>
                <apply>
                  <times/>
                  <ci> Kon_RanGTP_Carrier_binding </ci>
                  <ci> RanGTP_Nucleus </ci>
                  <ci> Carrier_Nucleus </ci>
                </apply>
                <apply>
                  <minus/>
                  <apply>
                    <times/>
                    <ci> Koff_RanGTP_Carrier_binding </ci>
                    <ci> Carrier_RanGTP_Nucleus </ci>
                  </apply>
                </apply>
              </apply>
              <ci> Nucleus </ci>
            </apply>
          </math>
          <listOfParameters>
            <parameter metaid="_091512" id="Kon_RanGTP_Carrier_binding" value="100" units="uM_1_s_1"/>
            <parameter metaid="_091524" id="Koff_RanGTP_Carrier_binding" value="1" units="s_1"/>
          </listOfParameters>
        </kineticLaw>
      </reaction>
      <reaction metaid="metaid_0000076" id="NTF2_RanGDP_Unbinding" name="NTF2_RanGDP Unbinding">
        <annotation>
          <VCellInfo xmlns="http://www.sbml.org/2001/ns/vcell">
            <SimpleReaction Structure="Cytosol"/>
            <ReactionRate Name="J"/>
          </VCellInfo>
        </annotation>
        <listOfReactants>
          <speciesReference metaid="_091536" species="RanGDP_Cytosol"/>
          <speciesReference metaid="_091548" species="NTF2_Cytosol"/>
        </listOfReactants>
        <listOfProducts>
          <speciesReference metaid="_091560" species="NTF2_RanGDP_Cytosol"/>
        </listOfProducts>
        <kineticLaw metaid="_091572">
          <math xmlns="http://www.w3.org/1998/Math/MathML">
            <apply>
              <times/>
              <apply>
                <plus/>
                <apply>
                  <times/>
                  <ci> Kon_NTF2_RanGDP_binding </ci>
                  <ci> RanGDP_Cytosol </ci>
                  <ci> NTF2_Cytosol </ci>
                </apply>
                <apply>
                  <minus/>
                  <apply>
                    <times/>
                    <ci> Koff_NTF2_RanGDP_binding </ci>
                    <ci> NTF2_RanGDP_Cytosol </ci>
                  </apply>
                </apply>
              </apply>
              <ci> Cytosol </ci>
            </apply>
          </math>
          <listOfParameters>
            <parameter metaid="_091584" id="Kon_NTF2_RanGDP_binding" value="100" units="uM_1_s_1"/>
            <parameter metaid="_091596" id="Koff_NTF2_RanGDP_binding" value="2.5" units="s_1"/>
          </listOfParameters>
        </kineticLaw>
      </reaction>
      <reaction metaid="metaid_0000077" id="dephosphorylation" name="dephosphorylation">
        <annotation>
          <VCellInfo xmlns="http://www.sbml.org/2001/ns/vcell">
            <SimpleReaction Structure="Cytosol"/>
            <ReactionRate Name="J"/>
          </VCellInfo>
          <rdf:RDF xmlns:rdf="http://www.w3.org/1999/02/22-rdf-syntax-ns#" xmlns:bqmodel="http://biomodels.net/model-qualifiers/" xmlns:bqbiol="http://biomodels.net/biology-qualifiers/">
            <rdf:Description rdf:about="#metaid_0000077">
              <bqbiol:isVersionOf>
                <rdf:Bag>
                  <rdf:li rdf:resource="http://identifiers.org/go/GO:0016311"/>
                </rdf:Bag>
              </bqbiol:isVersionOf>
            </rdf:Description>
          </rdf:RDF>
        </annotation>
        <listOfReactants>
          <speciesReference metaid="_091608" species="RanBP1_Carrier_RanGTP_Cytosol"/>
        </listOfReactants>
        <listOfProducts>
          <speciesReference metaid="_091620" species="RanGDP_Cytosol"/>
          <speciesReference metaid="_091632" species="Carrier_Cytosol"/>
          <speciesReference metaid="_091644" species="RanBP1_Cytosol"/>
        </listOfProducts>
        <listOfModifiers>
          <modifierSpeciesReference metaid="_091656" species="RanGAP_Cytosol"/>
        </listOfModifiers>
        <kineticLaw metaid="_091668">
          <math xmlns="http://www.w3.org/1998/Math/MathML">
            <apply>
              <times/>
              <ci> Vmax_dephosphorylation_dephosphorylation </ci>
              <ci> RanBP1_Carrier_RanGTP_Cytosol </ci>
              <apply>
                <divide/>
                <cn> 1 </cn>
                <apply>
                  <plus/>
                  <ci> Km_dephosphorylation </ci>
                  <ci> RanBP1_Carrier_RanGTP_Cytosol </ci>
                </apply>
              </apply>
              <ci> Cytosol </ci>
            </apply>
          </math>
          <listOfParameters>
            <parameter metaid="_091680" id="Km_dephosphorylation" value="0.43" units="uM"/>
          </listOfParameters>
        </kineticLaw>
      </reaction>
      <reaction metaid="metaid_0000078" id="RanGDP_to_RanGTP" name="RanGDP to RanGTP">
        <annotation>
          <VCellInfo xmlns="http://www.sbml.org/2001/ns/vcell">
            <SimpleReaction Structure="Nucleus"/>
            <ReactionRate Name="J_RanGDP_GEF"/>
          </VCellInfo>
          <rdf:RDF xmlns:rdf="http://www.w3.org/1999/02/22-rdf-syntax-ns#" xmlns:bqmodel="http://biomodels.net/model-qualifiers/" xmlns:bqbiol="http://biomodels.net/biology-qualifiers/">
            <rdf:Description rdf:about="#metaid_0000078">
              <bqbiol:isVersionOf>
                <rdf:Bag>
                  <rdf:li rdf:resource="http://identifiers.org/go/GO:0042325"/>
                </rdf:Bag>
              </bqbiol:isVersionOf>
            </rdf:Description>
          </rdf:RDF>
        </annotation>
        <listOfReactants>
          <speciesReference metaid="_091692" species="RanGDP_Nucleus"/>
        </listOfReactants>
        <listOfProducts>
          <speciesReference metaid="_091704" species="RanGTP_Nucleus"/>
        </listOfProducts>
        <listOfModifiers>
          <modifierSpeciesReference metaid="_091716" species="RCC1_Nucleus"/>
          <modifierSpeciesReference metaid="_091728" species="NTF2_RanGDP_Nucleus"/>
        </listOfModifiers>
        <kineticLaw metaid="_091740">
          <math xmlns="http://www.w3.org/1998/Math/MathML">
            <apply>
              <times/>
              <cn> 0.75 </cn>
              <ci> RCC1Kcat </ci>
              <ci> RCC1_Nucleus </ci>
              <ci> RanGDP_Nucleus </ci>
              <apply>
                <divide/>
                <cn> 1 </cn>
                <apply>
                  <plus/>
                  <ci> RCC1Km </ci>
                  <ci> RanGDP_Nucleus </ci>
                  <ci> NTF2_RanGDP_Nucleus </ci>
                </apply>
              </apply>
              <ci> Nucleus </ci>
            </apply>
          </math>
          <listOfParameters>
            <parameter metaid="_091752" id="RCC1Kcat" value="8.5" units="s_1"/>
            <parameter metaid="_091764" id="RCC1Km" value="1.1" units="uM"/>
          </listOfParameters>
        </kineticLaw>
      </reaction>
      <reaction metaid="metaid_0000079" id="NTF2_RAN_Nuc_Exchange" name="NTF2_RAN_Nuc_Exchange">
        <annotation>
          <VCellInfo xmlns="http://www.sbml.org/2001/ns/vcell">
            <SimpleReaction Structure="Nucleus"/>
            <ReactionRate Name="J_RanGTP_fromNTF2_RanGDP"/>
          </VCellInfo>
        </annotation>
        <listOfReactants>
          <speciesReference metaid="_091776" species="NTF2_RanGDP_Nucleus" stoichiometry="4"/>
        </listOfReactants>
        <listOfProducts>
          <speciesReference metaid="_091788" species="NTF2_Nucleus" stoichiometry="4"/>
          <speciesReference metaid="_091800" species="RanGDP_Nucleus"/>
          <speciesReference metaid="_091812" species="RanGTP_Nucleus" stoichiometry="3"/>
        </listOfProducts>
        <listOfModifiers>
          <modifierSpeciesReference metaid="_091824" species="RCC1_Nucleus"/>
        </listOfModifiers>
        <kineticLaw metaid="_091836">
          <math xmlns="http://www.w3.org/1998/Math/MathML">
            <apply>
              <times/>
              <cn> 0.25 </cn>
              <ci> RCC1Kcat </ci>
              <ci> RCC1_Nucleus </ci>
              <ci> NTF2_RanGDP_Nucleus </ci>
              <apply>
                <divide/>
                <cn> 1 </cn>
                <apply>
                  <plus/>
                  <ci> RCC1Km </ci>
                  <ci> RanGDP_Nucleus </ci>
                  <ci> NTF2_RanGDP_Nucleus </ci>
                </apply>
              </apply>
              <ci> Nucleus </ci>
            </apply>
          </math>
          <listOfParameters>
            <parameter metaid="_091848" id="RCC1Kcat" value="8.5" units="s_1"/>
            <parameter metaid="_091860" id="RCC1Km" value="1.1" units="uM"/>
          </listOfParameters>
        </kineticLaw>
      </reaction>
      <reaction metaid="metaid_0000080" id="NTF2_RanGDP_unbinding" name="NTF2_RanGDP unbinding">
        <annotation>
          <VCellInfo xmlns="http://www.sbml.org/2001/ns/vcell">
            <SimpleReaction Structure="Nucleus"/>
            <ReactionRate Name="J"/>
          </VCellInfo>
        </annotation>
        <listOfReactants>
          <speciesReference metaid="_091872" species="NTF2_RanGDP_Nucleus"/>
        </listOfReactants>
        <listOfProducts>
          <speciesReference metaid="_091884" species="RanGDP_Nucleus"/>
          <speciesReference metaid="_091896" species="NTF2_Nucleus"/>
        </listOfProducts>
        <kineticLaw metaid="_091908">
          <math xmlns="http://www.w3.org/1998/Math/MathML">
            <apply>
              <times/>
              <apply>
                <plus/>
                <apply>
                  <times/>
                  <ci> Koff_NTF2_RanGDP_unbinding </ci>
                  <ci> NTF2_RanGDP_Nucleus </ci>
                </apply>
                <apply>
                  <minus/>
                  <apply>
                    <times/>
                    <ci> Kon_NTF2_RanGDP_unbinding </ci>
                    <ci> RanGDP_Nucleus </ci>
                    <ci> NTF2_Nucleus </ci>
                  </apply>
                </apply>
              </apply>
              <ci> Nucleus </ci>
            </apply>
          </math>
          <listOfParameters>
            <parameter metaid="_091920" id="Koff_NTF2_RanGDP_unbinding" value="2.5" units="s_1"/>
            <parameter metaid="_091932" id="Kon_NTF2_RanGDP_unbinding" value="100" units="uM_1_s_1"/>
          </listOfParameters>
        </kineticLaw>
      </reaction>
      <reaction metaid="metaid_0000081" id="Carrier_RanGTP_binding" name="Carrier RanGTP binding">
        <annotation>
          <VCellInfo xmlns="http://www.sbml.org/2001/ns/vcell">
            <SimpleReaction Structure="Cytosol"/>
            <ReactionRate Name="J"/>
          </VCellInfo>
          <rdf:RDF xmlns:rdf="http://www.w3.org/1999/02/22-rdf-syntax-ns#" xmlns:bqmodel="http://biomodels.net/model-qualifiers/" xmlns:bqbiol="http://biomodels.net/biology-qualifiers/">
            <rdf:Description rdf:about="#metaid_0000081">
              <bqbiol:isVersionOf>
                <rdf:Bag>
                  <rdf:li rdf:resource="http://identifiers.org/go/GO:0008536"/>
                </rdf:Bag>
              </bqbiol:isVersionOf>
            </rdf:Description>
          </rdf:RDF>
        </annotation>
        <listOfReactants>
          <speciesReference metaid="_091944" species="RanGTP_Cytosol"/>
          <speciesReference metaid="_091956" species="Carrier_Cytosol"/>
        </listOfReactants>
        <listOfProducts>
          <speciesReference metaid="_091968" species="Carrier_RanGTP_Cytosol"/>
        </listOfProducts>
        <kineticLaw metaid="_091980">
          <math xmlns="http://www.w3.org/1998/Math/MathML">
            <apply>
              <times/>
              <apply>
                <plus/>
                <apply>
                  <times/>
                  <ci> Kon_Carrier_RanGTP_binding </ci>
                  <ci> RanGTP_Cytosol </ci>
                  <ci> Carrier_Cytosol </ci>
                </apply>
                <apply>
                  <minus/>
                  <apply>
                    <times/>
                    <ci> Koff_Carrier_RanGTP_binding </ci>
                    <ci> Carrier_RanGTP_Cytosol </ci>
                  </apply>
                </apply>
              </apply>
              <ci> Cytosol </ci>
            </apply>
          </math>
          <listOfParameters>
            <parameter metaid="_091992" id="Kon_Carrier_RanGTP_binding" value="0" units="uM_1_s_1"/>
            <parameter metaid="_092004" id="Koff_Carrier_RanGTP_binding" value="0" units="s_1"/>
          </listOfParameters>
        </kineticLaw>
      </reaction>
      <reaction metaid="metaid_0000082" id="NTF2_FRAN_Nuc_Exchange" name="NTF2_FRAN_Nuc_Exchange">
        <annotation>
          <VCellInfo xmlns="http://www.sbml.org/2001/ns/vcell">
            <SimpleReaction Structure="Nucleus"/>
            <ReactionRate Name="J_RanGTP_fromNTF2_RanGDP"/>
          </VCellInfo>
        </annotation>
        <listOfReactants>
          <speciesReference metaid="_092016" species="FNTF2_RanGDP_Nucleus" stoichiometry="4"/>
        </listOfReactants>
        <listOfProducts>
          <speciesReference metaid="_092028" species="NTF2_Nucleus" stoichiometry="4"/>
          <speciesReference metaid="_092040" species="FRanGTP_Nucleus" stoichiometry="3"/>
          <speciesReference metaid="_092052" species="FRanGDP_Nucleus"/>
        </listOfProducts>
        <listOfModifiers>
          <modifierSpeciesReference metaid="_092064" species="RCC1_Nucleus"/>
          <modifierSpeciesReference metaid="_092076" species="NTF2_RanGDP_Nucleus"/>
          <modifierSpeciesReference metaid="_092088" species="RanGDP_Nucleus"/>
        </listOfModifiers>
        <kineticLaw metaid="_092100">
          <math xmlns="http://www.w3.org/1998/Math/MathML">
            <apply>
              <times/>
              <cn> 0.25 </cn>
              <ci> RCC1Kcat </ci>
              <ci> RCC1_Nucleus </ci>
              <ci> FNTF2_RanGDP_Nucleus </ci>
              <apply>
                <divide/>
                <cn> 1 </cn>
                <apply>
                  <plus/>
                  <ci> RCC1Km </ci>
                  <ci> RanGDP_Nucleus </ci>
                  <ci> FNTF2_RanGDP_Nucleus </ci>
                </apply>
              </apply>
              <ci> Nucleus </ci>
            </apply>
          </math>
          <listOfParameters>
            <parameter metaid="_092112" id="RCC1Kcat" value="8.5" units="s_1"/>
            <parameter metaid="_092124" id="RCC1Km" value="1.1" units="uM"/>
          </listOfParameters>
        </kineticLaw>
      </reaction>
      <reaction metaid="metaid_0000083" id="RanBP1_binding" name="RanBP1 binding">
        <annotation>
          <VCellInfo xmlns="http://www.sbml.org/2001/ns/vcell">
            <SimpleReaction Structure="Cytosol"/>
            <ReactionRate Name="J"/>
          </VCellInfo>
          <rdf:RDF xmlns:rdf="http://www.w3.org/1999/02/22-rdf-syntax-ns#" xmlns:bqmodel="http://biomodels.net/model-qualifiers/" xmlns:bqbiol="http://biomodels.net/biology-qualifiers/">
            <rdf:Description rdf:about="#metaid_0000083">
              <bqbiol:isVersionOf>
                <rdf:Bag>
                  <rdf:li rdf:resource="http://identifiers.org/go/GO:0008536"/>
                </rdf:Bag>
              </bqbiol:isVersionOf>
            </rdf:Description>
          </rdf:RDF>
        </annotation>
        <listOfReactants>
          <speciesReference metaid="_092136" species="RanBP1_Cytosol"/>
          <speciesReference metaid="_092148" species="Carrier_RanGTP_Cytosol"/>
        </listOfReactants>
        <listOfProducts>
          <speciesReference metaid="_092160" species="RanBP1_Carrier_RanGTP_Cytosol"/>
        </listOfProducts>
        <kineticLaw metaid="_092172">
          <math xmlns="http://www.w3.org/1998/Math/MathML">
            <apply>
              <times/>
              <apply>
                <plus/>
                <apply>
                  <times/>
                  <ci> Kon_RanBP1_binding </ci>
                  <ci> RanBP1_Cytosol </ci>
                  <ci> Carrier_RanGTP_Cytosol </ci>
                </apply>
                <apply>
                  <minus/>
                  <apply>
                    <times/>
                    <ci> Koff_RanBP1_binding </ci>
                    <ci> RanBP1_Carrier_RanGTP_Cytosol </ci>
                  </apply>
                </apply>
              </apply>
              <ci> Cytosol </ci>
            </apply>
          </math>
          <listOfParameters>
            <parameter metaid="_092184" id="Kon_RanBP1_binding" value="100" units="uM_1_s_1"/>
            <parameter metaid="_092196" id="Koff_RanBP1_binding" value="0.5" units="s_1"/>
          </listOfParameters>
        </kineticLaw>
      </reaction>
      <reaction metaid="metaid_0000084" id="Carrier_RanGTP_flux" name="Carrier_RanGTP flux">
        <annotation>
          <VCellInfo xmlns="http://www.sbml.org/2001/ns/vcell">
            <FluxStep FluxCarrier="Carrier_RanGTP" FluxCarrierValence="0" FluxOption="MolecularOnly" Structure="Nuc_membrane"/>
            <ReactionRate Name="J_Carrier_RanGTP_flux"/>
          </VCellInfo>
          <rdf:RDF xmlns:rdf="http://www.w3.org/1999/02/22-rdf-syntax-ns#" xmlns:bqmodel="http://biomodels.net/model-qualifiers/" xmlns:bqbiol="http://biomodels.net/biology-qualifiers/">
            <rdf:Description rdf:about="#metaid_0000084">
              <bqbiol:isVersionOf>
                <rdf:Bag>
                  <rdf:li rdf:resource="http://identifiers.org/go/GO:0005487"/>
                </rdf:Bag>
              </bqbiol:isVersionOf>
            </rdf:Description>
          </rdf:RDF>
        </annotation>
        <listOfReactants>
          <speciesReference metaid="_092208" species="Carrier_RanGTP_Cytosol"/>
        </listOfReactants>
        <listOfProducts>
          <speciesReference metaid="_092220" species="Carrier_RanGTP_Nucleus"/>
        </listOfProducts>
        <kineticLaw metaid="_092232">
          <math xmlns="http://www.w3.org/1998/Math/MathML">
            <apply>
              <times/>
              <ci> Carrier_RanGTP_Kperm </ci>
              <apply>
                <plus/>
                <ci> Carrier_RanGTP_Cytosol </ci>
                <apply>
                  <minus/>
                  <ci> Carrier_RanGTP_Nucleus </ci>
                </apply>
              </apply>
              <ci> Nuc_membrane </ci>
            </apply>
          </math>
          <listOfParameters>
            <parameter metaid="_092244" id="I" value="0" units="pA_um_2"/>
            <parameter metaid="_092256" id="Carrier_RanGTP_Kperm" value="0.173333" units="um_s_1"/>
          </listOfParameters>
        </kineticLaw>
      </reaction>
      <reaction metaid="metaid_0000085" id="NTF2_flux" name="NTF2 flux">
        <annotation>
          <VCellInfo xmlns="http://www.sbml.org/2001/ns/vcell">
            <FluxStep FluxCarrier="NTF2" FluxCarrierValence="0" FluxOption="MolecularOnly" Structure="Nuc_membrane"/>
            <ReactionRate Name="NTF2_flux"/>
          </VCellInfo>
          <rdf:RDF xmlns:rdf="http://www.w3.org/1999/02/22-rdf-syntax-ns#" xmlns:bqmodel="http://biomodels.net/model-qualifiers/" xmlns:bqbiol="http://biomodels.net/biology-qualifiers/">
            <rdf:Description rdf:about="#metaid_0000085">
              <bqbiol:isVersionOf>
                <rdf:Bag>
                  <rdf:li rdf:resource="http://identifiers.org/go/GO:0005487"/>
                </rdf:Bag>
              </bqbiol:isVersionOf>
            </rdf:Description>
          </rdf:RDF>
        </annotation>
        <listOfReactants>
          <speciesReference metaid="_092268" species="NTF2_Cytosol"/>
        </listOfReactants>
        <listOfProducts>
          <speciesReference metaid="_092280" species="NTF2_Nucleus"/>
        </listOfProducts>
        <kineticLaw metaid="_092292">
          <math xmlns="http://www.w3.org/1998/Math/MathML">
            <apply>
              <times/>
              <ci> NTF2_Kperm </ci>
              <apply>
                <plus/>
                <ci> NTF2_Cytosol </ci>
                <apply>
                  <minus/>
                  <ci> NTF2_Nucleus </ci>
                </apply>
              </apply>
              <ci> Nuc_membrane </ci>
            </apply>
          </math>
          <listOfParameters>
            <parameter metaid="_092304" id="I" value="0" units="pA_um_2"/>
            <parameter metaid="_092316" id="NTF2_Kperm" value="3.73333" units="um_s_1"/>
          </listOfParameters>
        </kineticLaw>
      </reaction>
      <reaction metaid="metaid_0000086" id="NTF2_RanGDP_flux" name="NTF2_RanGDP flux">
        <annotation>
          <VCellInfo xmlns="http://www.sbml.org/2001/ns/vcell">
            <FluxStep FluxCarrier="NTF2_RanGDP" FluxCarrierValence="0" FluxOption="MolecularOnly" Structure="Nuc_membrane"/>
            <ReactionRate Name="J_flux_NTF2_RanGDP"/>
          </VCellInfo>
          <rdf:RDF xmlns:rdf="http://www.w3.org/1999/02/22-rdf-syntax-ns#" xmlns:bqmodel="http://biomodels.net/model-qualifiers/" xmlns:bqbiol="http://biomodels.net/biology-qualifiers/">
            <rdf:Description rdf:about="#metaid_0000086">
              <bqbiol:isVersionOf>
                <rdf:Bag>
                  <rdf:li rdf:resource="http://identifiers.org/go/GO:0005487"/>
                </rdf:Bag>
              </bqbiol:isVersionOf>
            </rdf:Description>
          </rdf:RDF>
        </annotation>
        <listOfReactants>
          <speciesReference metaid="_092328" species="NTF2_RanGDP_Cytosol"/>
        </listOfReactants>
        <listOfProducts>
          <speciesReference metaid="_092340" species="NTF2_RanGDP_Nucleus"/>
        </listOfProducts>
        <kineticLaw metaid="_092352">
          <math xmlns="http://www.w3.org/1998/Math/MathML">
            <apply>
              <times/>
              <ci> NTF2_RanGDP_Kperm </ci>
              <apply>
                <plus/>
                <ci> NTF2_RanGDP_Cytosol </ci>
                <apply>
                  <minus/>
                  <ci> NTF2_RanGDP_Nucleus </ci>
                </apply>
              </apply>
              <ci> Nuc_membrane </ci>
            </apply>
          </math>
          <listOfParameters>
            <parameter metaid="_092364" id="I" value="0" units="pA_um_2"/>
            <parameter metaid="_092376" id="NTF2_RanGDP_Kperm" value="3.73333" units="um_s_1"/>
          </listOfParameters>
        </kineticLaw>
      </reaction>
      <reaction metaid="metaid_0000087" id="Carrier_flux" name="Carrier flux">
        <annotation>
          <VCellInfo xmlns="http://www.sbml.org/2001/ns/vcell">
            <FluxStep FluxCarrier="Carrier" FluxCarrierValence="0" FluxOption="MolecularOnly" Structure="Nuc_membrane"/>
            <ReactionRate Name="C_flux"/>
          </VCellInfo>
          <rdf:RDF xmlns:rdf="http://www.w3.org/1999/02/22-rdf-syntax-ns#" xmlns:bqmodel="http://biomodels.net/model-qualifiers/" xmlns:bqbiol="http://biomodels.net/biology-qualifiers/">
            <rdf:Description rdf:about="#metaid_0000087">
              <bqbiol:isVersionOf>
                <rdf:Bag>
                  <rdf:li rdf:resource="http://identifiers.org/go/GO:0005487"/>
                </rdf:Bag>
              </bqbiol:isVersionOf>
            </rdf:Description>
          </rdf:RDF>
        </annotation>
        <listOfReactants>
          <speciesReference metaid="_092388" species="Carrier_Cytosol"/>
        </listOfReactants>
        <listOfProducts>
          <speciesReference metaid="_092400" species="Carrier_Nucleus"/>
        </listOfProducts>
        <kineticLaw metaid="_092412">
          <math xmlns="http://www.w3.org/1998/Math/MathML">
            <apply>
              <times/>
              <ci> Carrier_Kperm </ci>
              <apply>
                <plus/>
                <ci> Carrier_Cytosol </ci>
                <apply>
                  <minus/>
                  <ci> Carrier_Nucleus </ci>
                </apply>
              </apply>
              <ci> Nuc_membrane </ci>
            </apply>
          </math>
          <listOfParameters>
            <parameter metaid="_092424" id="I" value="0" units="pA_um_2"/>
            <parameter metaid="_092436" id="Carrier_Kperm" value="1.86667" units="um_s_1"/>
          </listOfParameters>
        </kineticLaw>
      </reaction>
      <reaction metaid="metaid_0000088" id="FRanGDP_flux" name="FRanGDP flux">
        <annotation>
          <VCellInfo xmlns="http://www.sbml.org/2001/ns/vcell">
            <FluxStep FluxCarrier="FRanGDP" FluxCarrierValence="0" FluxOption="MolecularOnly" Structure="Nuc_membrane"/>
            <ReactionRate Name="RanGDP_flux"/>
          </VCellInfo>
          <rdf:RDF xmlns:rdf="http://www.w3.org/1999/02/22-rdf-syntax-ns#" xmlns:bqmodel="http://biomodels.net/model-qualifiers/" xmlns:bqbiol="http://biomodels.net/biology-qualifiers/">
            <rdf:Description rdf:about="#metaid_0000088">
              <bqbiol:isVersionOf>
                <rdf:Bag>
                  <rdf:li rdf:resource="http://identifiers.org/go/GO:0005487"/>
                </rdf:Bag>
              </bqbiol:isVersionOf>
            </rdf:Description>
          </rdf:RDF>
        </annotation>
        <listOfReactants>
          <speciesReference metaid="_092448" species="FRanGDP_Cytosol"/>
        </listOfReactants>
        <listOfProducts>
          <speciesReference metaid="_092460" species="FRanGDP_Nucleus"/>
        </listOfProducts>
        <kineticLaw metaid="_092472">
          <math xmlns="http://www.w3.org/1998/Math/MathML">
            <apply>
              <times/>
              <ci> RanGDP_Kperm </ci>
              <apply>
                <plus/>
                <ci> FRanGDP_Cytosol </ci>
                <apply>
                  <minus/>
                  <ci> FRanGDP_Nucleus </ci>
                </apply>
              </apply>
              <ci> Nuc_membrane </ci>
            </apply>
          </math>
          <listOfParameters>
            <parameter metaid="_092484" id="I" value="0" units="pA_um_2"/>
            <parameter metaid="_092496" id="RanGDP_Kperm" value="0" units="um_s_1"/>
          </listOfParameters>
        </kineticLaw>
      </reaction>
      <reaction metaid="metaid_0000089" id="Carrier_FRanGTP_flux" name="Carrier_FRanGTP flux">
        <annotation>
          <VCellInfo xmlns="http://www.sbml.org/2001/ns/vcell">
            <FluxStep FluxCarrier="FCarrier_RanGTP" FluxCarrierValence="0" FluxOption="MolecularOnly" Structure="Nuc_membrane"/>
            <ReactionRate Name="J_FCarrier_RanGTP_flux"/>
          </VCellInfo>
          <rdf:RDF xmlns:rdf="http://www.w3.org/1999/02/22-rdf-syntax-ns#" xmlns:bqmodel="http://biomodels.net/model-qualifiers/" xmlns:bqbiol="http://biomodels.net/biology-qualifiers/">
            <rdf:Description rdf:about="#metaid_0000089">
              <bqbiol:isVersionOf>
                <rdf:Bag>
                  <rdf:li rdf:resource="http://identifiers.org/go/GO:0005487"/>
                </rdf:Bag>
              </bqbiol:isVersionOf>
            </rdf:Description>
          </rdf:RDF>
        </annotation>
        <listOfReactants>
          <speciesReference metaid="_092508" species="FCarrier_RanGTP_Cytosol"/>
        </listOfReactants>
        <listOfProducts>
          <speciesReference metaid="_092520" species="FCarrier_RanGTP_Nucleus"/>
        </listOfProducts>
        <kineticLaw metaid="_092532">
          <math xmlns="http://www.w3.org/1998/Math/MathML">
            <apply>
              <times/>
              <ci> Carrier_RanGTP_Kperm </ci>
              <apply>
                <plus/>
                <ci> FCarrier_RanGTP_Cytosol </ci>
                <apply>
                  <minus/>
                  <ci> FCarrier_RanGTP_Nucleus </ci>
                </apply>
              </apply>
              <ci> Nuc_membrane </ci>
            </apply>
          </math>
          <listOfParameters>
            <parameter metaid="_092544" id="I" value="0" units="pA_um_2"/>
            <parameter metaid="_092556" id="Carrier_RanGTP_Kperm" value="0.173333" units="um_s_1"/>
          </listOfParameters>
        </kineticLaw>
      </reaction>
      <reaction metaid="metaid_0000090" id="FNTF2_RanGDP_flux" name="FNTF2_RanGDP flux">
        <annotation>
          <VCellInfo xmlns="http://www.sbml.org/2001/ns/vcell">
            <FluxStep FluxCarrier="FNTF2_RanGDP" FluxCarrierValence="0" FluxOption="MolecularOnly" Structure="Nuc_membrane"/>
            <ReactionRate Name="J_flux_FNTF2_RanGDP"/>
          </VCellInfo>
          <rdf:RDF xmlns:rdf="http://www.w3.org/1999/02/22-rdf-syntax-ns#" xmlns:bqmodel="http://biomodels.net/model-qualifiers/" xmlns:bqbiol="http://biomodels.net/biology-qualifiers/">
            <rdf:Description rdf:about="#metaid_0000090">
              <bqbiol:isVersionOf>
                <rdf:Bag>
                  <rdf:li rdf:resource="http://identifiers.org/go/GO:0005487"/>
                </rdf:Bag>
              </bqbiol:isVersionOf>
            </rdf:Description>
          </rdf:RDF>
        </annotation>
        <listOfReactants>
          <speciesReference metaid="_092568" species="FNTF2_RanGDP_Cytosol"/>
        </listOfReactants>
        <listOfProducts>
          <speciesReference metaid="_092580" species="FNTF2_RanGDP_Nucleus"/>
        </listOfProducts>
        <kineticLaw metaid="_092592">
          <math xmlns="http://www.w3.org/1998/Math/MathML">
            <apply>
              <times/>
              <ci> NTF2_RanGDP_Kperm </ci>
              <apply>
                <plus/>
                <ci> FNTF2_RanGDP_Cytosol </ci>
                <apply>
                  <minus/>
                  <ci> FNTF2_RanGDP_Nucleus </ci>
                </apply>
              </apply>
              <ci> Nuc_membrane </ci>
            </apply>
          </math>
          <listOfParameters>
            <parameter metaid="_092604" id="I" value="0" units="pA_um_2"/>
            <parameter metaid="_092616" id="NTF2_RanGDP_Kperm" value="3.73333" units="um_s_1"/>
          </listOfParameters>
        </kineticLaw>
      </reaction>
      <reaction metaid="metaid_0000091" id="FRanGTP_flux" name="FRanGTP flux">
        <annotation>
          <VCellInfo xmlns="http://www.sbml.org/2001/ns/vcell">
            <FluxStep FluxCarrier="FRanGTP" FluxCarrierValence="0" FluxOption="MolecularOnly" Structure="Nuc_membrane"/>
            <ReactionRate Name="J_FRanGTP_Flux"/>
          </VCellInfo>
          <rdf:RDF xmlns:rdf="http://www.w3.org/1999/02/22-rdf-syntax-ns#" xmlns:bqmodel="http://biomodels.net/model-qualifiers/" xmlns:bqbiol="http://biomodels.net/biology-qualifiers/">
            <rdf:Description rdf:about="#metaid_0000091">
              <bqbiol:isVersionOf>
                <rdf:Bag>
                  <rdf:li rdf:resource="http://identifiers.org/go/GO:0005487"/>
                </rdf:Bag>
              </bqbiol:isVersionOf>
            </rdf:Description>
          </rdf:RDF>
        </annotation>
        <listOfReactants>
          <speciesReference metaid="_092628" species="FRanGTP_Cytosol"/>
        </listOfReactants>
        <listOfProducts>
          <speciesReference metaid="_092640" species="FRanGTP_Nucleus"/>
        </listOfProducts>
        <kineticLaw metaid="_092652">
          <math xmlns="http://www.w3.org/1998/Math/MathML">
            <apply>
              <times/>
              <ci> RanGTP_Kperm </ci>
              <apply>
                <plus/>
                <ci> FRanGTP_Cytosol </ci>
                <apply>
                  <minus/>
                  <ci> FRanGTP_Nucleus </ci>
                </apply>
              </apply>
              <ci> Nuc_membrane </ci>
            </apply>
          </math>
          <listOfParameters>
            <parameter metaid="_092664" id="I" value="0" units="pA_um_2"/>
            <parameter metaid="_092676" id="RanGTP_Kperm" value="0" units="um_s_1"/>
          </listOfParameters>
        </kineticLaw>
      </reaction>
      <reaction metaid="metaid_0000092" id="RanGDP_flux" name="RanGDP flux">
        <annotation>
          <VCellInfo xmlns="http://www.sbml.org/2001/ns/vcell">
            <FluxStep FluxCarrier="RanGDP" FluxCarrierValence="0" FluxOption="MolecularOnly" Structure="Nuc_membrane"/>
            <ReactionRate Name="RanGDP_flux"/>
          </VCellInfo>
          <rdf:RDF xmlns:rdf="http://www.w3.org/1999/02/22-rdf-syntax-ns#" xmlns:bqmodel="http://biomodels.net/model-qualifiers/" xmlns:bqbiol="http://biomodels.net/biology-qualifiers/">
            <rdf:Description rdf:about="#metaid_0000092">
              <bqbiol:isVersionOf>
                <rdf:Bag>
                  <rdf:li rdf:resource="http://identifiers.org/go/GO:0005487"/>
                </rdf:Bag>
              </bqbiol:isVersionOf>
            </rdf:Description>
          </rdf:RDF>
        </annotation>
        <listOfReactants>
          <speciesReference metaid="_092688" species="RanGDP_Cytosol"/>
        </listOfReactants>
        <listOfProducts>
          <speciesReference metaid="_092700" species="RanGDP_Nucleus"/>
        </listOfProducts>
        <kineticLaw metaid="_092712">
          <math xmlns="http://www.w3.org/1998/Math/MathML">
            <apply>
              <times/>
              <ci> RanGDP_Kperm </ci>
              <apply>
                <plus/>
                <ci> RanGDP_Cytosol </ci>
                <apply>
                  <minus/>
                  <ci> RanGDP_Nucleus </ci>
                </apply>
              </apply>
              <ci> Nuc_membrane </ci>
            </apply>
          </math>
          <listOfParameters>
            <parameter metaid="_092724" id="I" value="0" units="pA_um_2"/>
            <parameter metaid="_092736" id="RanGDP_Kperm" value="0" units="um_s_1"/>
          </listOfParameters>
        </kineticLaw>
      </reaction>
      <reaction metaid="metaid_0000093" id="RanGTP_flux" name="RanGTP flux">
        <annotation>
          <VCellInfo xmlns="http://www.sbml.org/2001/ns/vcell">
            <FluxStep FluxCarrier="RanGTP" FluxCarrierValence="0" FluxOption="MolecularOnly" Structure="Nuc_membrane"/>
            <ReactionRate Name="J_RanGTP_Flux"/>
          </VCellInfo>
          <rdf:RDF xmlns:rdf="http://www.w3.org/1999/02/22-rdf-syntax-ns#" xmlns:bqmodel="http://biomodels.net/model-qualifiers/" xmlns:bqbiol="http://biomodels.net/biology-qualifiers/">
            <rdf:Description rdf:about="#metaid_0000093">
              <bqbiol:isVersionOf>
                <rdf:Bag>
                  <rdf:li rdf:resource="http://identifiers.org/go/GO:0005487"/>
                </rdf:Bag>
              </bqbiol:isVersionOf>
            </rdf:Description>
          </rdf:RDF>
        </annotation>
        <listOfReactants>
          <speciesReference metaid="_092748" species="RanGTP_Cytosol"/>
        </listOfReactants>
        <listOfProducts>
          <speciesReference metaid="_092760" species="RanGTP_Nucleus"/>
        </listOfProducts>
        <kineticLaw metaid="_092772">
          <math xmlns="http://www.w3.org/1998/Math/MathML">
            <apply>
              <times/>
              <ci> RanGTP_Kperm </ci>
              <apply>
                <plus/>
                <ci> RanGTP_Cytosol </ci>
                <apply>
                  <minus/>
                  <ci> RanGTP_Nucleus </ci>
                </apply>
              </apply>
              <ci> Nuc_membrane </ci>
            </apply>
          </math>
          <listOfParameters>
            <parameter metaid="_092784" id="I" value="0" units="pA_um_2"/>
            <parameter metaid="_092796" id="RanGTP_Kperm" value="0" units="um_s_1"/>
          </listOfParameters>
        </kineticLaw>
      </reaction>
    </listOfReactions>
  </model>
</sbml>
