<?xml version='1.0' encoding='UTF-8' standalone='no'?>
<sbml xmlns="http://www.sbml.org/sbml/level2" level="2" metaid="metaid_0000001" version="1">
  <model id="Cronwright2002_Glycerol_Synthesis" metaid="metaid_0000002" name="Cronwright2002_Glycerol_Synthesis">
    <notes>
      <body xmlns="http://www.w3.org/1999/xhtml">
        <p align="right">      <font color="#FFFFFF">.</font>
                </p>
            <p align="right">      <font color="#FFFFFF">.</font>
                </p>
            <p align="right">      <font color="#FFFFFF">.</font>
                </p>
            <p align="left">      <font face="Arial, Helvetica, sans-serif">        <b>          <a href="http://www.sbml.org/">SBML</a>
              level 2 code generated for the JWS Online project by Jacky Snoep using          <a href="http://pysces.sourceforge.net/">PySCeS</a>
                        <br/>
              Run this model online at          <a href="http://jjj.biochem.sun.ac.za/">http://jjj.biochem.sun.ac.za</a>
                        <br/>
              To cite JWS Online please refer to: Olivier, B.G. and Snoep, J.L. (2004)          <a href="http://bioinformatics.oupjournals.org/cgi/content/abstract/20/13/2143">Web-based 
modelling using JWS Online</a>
              , Bioinformatics, 20:2143-2144          </b>
                    </font>
                </p>
            <p align="right">      <font color="#FFFFFF">.</font>
                </p>
            <p align="right">      <font color="#FFFFFF">.</font>
                </p>
            <p align="right">      <font color="#FFFFFF">.</font>
                </p>
            <p align="right">      <font color="#FFFFFF">.</font>
                </p>
            <p align="right">      <font color="#FFFFFF">.</font>
                </p>
            <p align="right">      <font color="#FFFFFF">.</font>
                </p>
            <p>      <u>Biomodels Curation</u>
          The model reproduces the flux value of "Gpp p" (rate of Glycerol synthesis) as depicted in Fig 3 of the paper. The model reproduces the flux for early exponential phase , however it can be used to reproduce the values for other phases by plugging in appropriate values for maximal rates as given in Table 1 and metabolite concentrations as given in Table 2 of the paper. The model was succesfully reproduced using Jarnac.      </p>
            </body>
      
    </notes>
    <annotation>
      <rdf:RDF xmlns:rdf="http://www.w3.org/1999/02/22-rdf-syntax-ns#" xmlns:bqmodel="http://biomodels.net/model-qualifiers/" xmlns:vCard="http://www.w3.org/2001/vcard-rdf/3.0#" xmlns:dc="http://purl.org/dc/elements/1.1/" xmlns:dcterms="http://purl.org/dc/terms/" xmlns:bqbiol="http://biomodels.net/biology-qualifiers/">
        <rdf:Description rdf:about="#metaid_0000002">
	<dc:creator>
	<rdf:Bag>
	<rdf:li rdf:parseType="Resource">
	<vCard:N rdf:parseType="Resource">
	<vCard:Family>Snoep</vCard:Family>
	<vCard:Given>Jacky L</vCard:Given>
	</vCard:N>
	<vCard:EMAIL>jls@sun.ac.za</vCard:EMAIL>
	<vCard:ORG rdf:parseType="Resource">
	<vCard:Orgname>Stellenbosh University</vCard:Orgname>
	</vCard:ORG>
	</rdf:li>
	<rdf:li rdf:parseType="Resource">
	<vCard:N rdf:parseType="Resource">
	<vCard:Family>Dharuri</vCard:Family>
	<vCard:Given>Harish</vCard:Given>
	</vCard:N>
	<vCard:EMAIL>hdharuri@cds.caltech.edu</vCard:EMAIL>
	<vCard:ORG rdf:parseType="Resource">
	<vCard:Orgname>California Institute of Technology</vCard:Orgname>
	</vCard:ORG>
	</rdf:li>
	</rdf:Bag>
	</dc:creator>
	<dcterms:created rdf:parseType="Resource">
	<dcterms:W3CDTF>2006-11-06T02:32:33Z</dcterms:W3CDTF>
	</dcterms:created>
	<dcterms:modified rdf:parseType="Resource">
	<dcterms:W3CDTF>2012-05-16T10:18:47Z</dcterms:W3CDTF>
	</dcterms:modified>
	<bqmodel:is>
	<rdf:Bag>
	<rdf:li rdf:resource="http://identifiers.org/biomodels.db/MODEL6624139162"/>
	</rdf:Bag>
	</bqmodel:is>
	<bqmodel:is>
	<rdf:Bag>
	<rdf:li rdf:resource="http://identifiers.org/biomodels.db/BIOMD0000000076"/>
	</rdf:Bag>
	</bqmodel:is>
	<bqmodel:isDescribedBy>
	<rdf:Bag>
	<rdf:li rdf:resource="http://identifiers.org/pubmed/12200299"/>
	</rdf:Bag>
	</bqmodel:isDescribedBy>
	<bqbiol:is>
	<rdf:Bag>
	<rdf:li rdf:resource="http://identifiers.org/go/GO:0006114"/>
	</rdf:Bag>
	</bqbiol:is>
	<bqbiol:isPartOf>
	<rdf:Bag>
	<rdf:li rdf:resource="http://identifiers.org/kegg.pathway/sce00561"/>
	</rdf:Bag>
	</bqbiol:isPartOf>
	<bqbiol:hasTaxon>
	<rdf:Bag>
	<rdf:li rdf:resource="http://identifiers.org/taxonomy/4932"/>
	</rdf:Bag>
	</bqbiol:hasTaxon>
	</rdf:Description>
	
      </rdf:RDF>
    </annotation>
      <listOfUnitDefinitions>
      <unitDefinition id="substance" metaid="metaid_0000009" name="millimole">
        <listOfUnits>
          <unit kind="mole" metaid="_974451" multiplier="1" offset="0" scale="-3"/>
        </listOfUnits>
      </unitDefinition>
      <unitDefinition id="time" metaid="metaid_0000010" name="minute">
        <listOfUnits>
          <unit kind="second" metaid="_974463" multiplier="60" offset="0"/>
        </listOfUnits>
      </unitDefinition>
      <unitDefinition id="mM_per_minute" metaid="metaid_0000011" name="mM_per_minute">
        <listOfUnits>
          <unit kind="mole" metaid="_974476" multiplier="1" offset="0" scale="-3"/>
          <unit exponent="-1" kind="litre" metaid="_974488" multiplier="1" offset="0"/>
          <unit exponent="-1" kind="second" metaid="_974500" multiplier="60" offset="0"/>
        </listOfUnits>
      </unitDefinition>
      <unitDefinition id="mM" metaid="metaid_0000012" name="mM">
        <listOfUnits>
          <unit kind="mole" metaid="_974512" multiplier="1" offset="0" scale="-3"/>
          <unit exponent="-1" kind="litre" metaid="_974524" multiplier="1" offset="0"/>
        </listOfUnits>
      </unitDefinition>
    </listOfUnitDefinitions>
    <listOfCompartments>
      <compartment id="compartment" metaid="metaid_0000003" name="Cytoplasm" size="1">
        <annotation>
          <rdf:RDF xmlns:rdf="http://www.w3.org/1999/02/22-rdf-syntax-ns#" xmlns:bqmodel="http://biomodels.net/model-qualifiers/" xmlns:bqbiol="http://biomodels.net/biology-qualifiers/">
            <rdf:Description rdf:about="#metaid_0000003">
	<bqbiol:is>
	<rdf:Bag>
	<rdf:li rdf:resource="http://identifiers.org/go/GO:0005737"/>
	</rdf:Bag>
	</bqbiol:is>
	</rdf:Description>
	
          </rdf:RDF>
        </annotation>
            </compartment>
    </listOfCompartments>
    <listOfSpecies>
      <species compartment="compartment" id="G3P" initialConcentration="0" metaid="metaid_0000004" name="Glycerol 3-phosphate">
        <annotation>
          <rdf:RDF xmlns:rdf="http://www.w3.org/1999/02/22-rdf-syntax-ns#" xmlns:bqmodel="http://biomodels.net/model-qualifiers/" xmlns:bqbiol="http://biomodels.net/biology-qualifiers/">
            <rdf:Description rdf:about="#metaid_0000004">
	<bqbiol:is>
	<rdf:Bag>
	<rdf:li rdf:resource="http://identifiers.org/chebi/CHEBI:15978"/>
	<rdf:li rdf:resource="http://identifiers.org/kegg.compound/C00093"/>
	</rdf:Bag>
	</bqbiol:is>
	</rdf:Description>
	
          </rdf:RDF>
        </annotation>
            </species>
      <species boundaryCondition="true" compartment="compartment" id="Gly" initialConcentration="15.1" metaid="metaid_0000005" name="Glycerol">
        <annotation>
          <rdf:RDF xmlns:rdf="http://www.w3.org/1999/02/22-rdf-syntax-ns#" xmlns:bqmodel="http://biomodels.net/model-qualifiers/" xmlns:bqbiol="http://biomodels.net/biology-qualifiers/">
            <rdf:Description rdf:about="#metaid_0000005">
	<bqbiol:is>
	<rdf:Bag>
	<rdf:li rdf:resource="http://identifiers.org/chebi/CHEBI:17754"/>
	<rdf:li rdf:resource="http://identifiers.org/kegg.compound/C00116"/>
	</rdf:Bag>
	</bqbiol:is>
	</rdf:Description>
	
          </rdf:RDF>
        </annotation>
            </species>
      <species boundaryCondition="true" compartment="compartment" id="DHAP" initialConcentration="0.59" metaid="metaid_0000006" name="DHAP">
        <annotation>
          <rdf:RDF xmlns:rdf="http://www.w3.org/1999/02/22-rdf-syntax-ns#" xmlns:bqmodel="http://biomodels.net/model-qualifiers/" xmlns:bqbiol="http://biomodels.net/biology-qualifiers/">
            <rdf:Description rdf:about="#metaid_0000006">
	<bqbiol:is>
	<rdf:Bag>
	<rdf:li rdf:resource="http://identifiers.org/chebi/CHEBI:16108"/>
	<rdf:li rdf:resource="http://identifiers.org/kegg.compound/C00111"/>
	</rdf:Bag>
	</bqbiol:is>
	</rdf:Description>
	
          </rdf:RDF>
        </annotation>
            </species>
    </listOfSpecies>
    <listOfReactions>
      <reaction id="Gpd_p" metaid="metaid_0000007" name="Glycerol 3-phosphate dehydrogenase">
        <annotation>
          <rdf:RDF xmlns:rdf="http://www.w3.org/1999/02/22-rdf-syntax-ns#" xmlns:bqmodel="http://biomodels.net/model-qualifiers/" xmlns:bqbiol="http://biomodels.net/biology-qualifiers/">
            <rdf:Description rdf:about="#metaid_0000007">
	<bqbiol:is>
	<rdf:Bag>
	<rdf:li rdf:resource="http://identifiers.org/ec-code/1.1.1.94"/>
	<rdf:li rdf:resource="http://identifiers.org/kegg.reaction/R00842"/>
	</rdf:Bag>
	</bqbiol:is>
	</rdf:Description>
	
          </rdf:RDF>
        </annotation>
              <listOfReactants>
          <speciesReference metaid="_974536" species="DHAP"/>
        </listOfReactants>
        <listOfProducts>
          <speciesReference metaid="_974548" species="G3P"/>
        </listOfProducts>
        <kineticLaw metaid="_974561">
          <math xmlns="http://www.w3.org/1998/Math/MathML">          
            <apply>
              <divide/>
              <apply>
                <times/>
                <apply>
                  <divide/>
                  <apply>
                    <times/>
                    <ci> compartment </ci>
                    <ci> Vf1 </ci>
                  </apply>
                  <apply>
                    <times/>
                    <ci> K1nadh </ci>
                    <ci> K1dhap </ci>
                  </apply>
                </apply>
                <apply>
                  <minus/>
                  <apply>
                    <times/>
                    <ci> NADH </ci>
                    <ci> DHAP </ci>
                  </apply>
                  <apply>
                    <divide/>
                    <apply>
                      <times/>
                      <ci> NAD </ci>
                      <ci> G3P </ci>
                    </apply>
                    <ci> Keq1 </ci>
                  </apply>
                </apply>
              </apply>
              <apply>
                <times/>
                <apply>
                  <plus/>
                  <cn type="integer"> 1 </cn>
                  <apply>
                    <divide/>
                    <ci> F16BP </ci>
                    <ci> K1f16bp </ci>
                  </apply>
                  <apply>
                    <divide/>
                    <ci> ATP </ci>
                    <ci> K1atp </ci>
                  </apply>
                  <apply>
                    <divide/>
                    <ci> ADP </ci>
                    <ci> K1adp </ci>
                  </apply>
                </apply>
                <apply>
                  <plus/>
                  <cn type="integer"> 1 </cn>
                  <apply>
                    <divide/>
                    <ci> NADH </ci>
                    <ci> K1nadh </ci>
                  </apply>
                  <apply>
                    <divide/>
                    <ci> NAD </ci>
                    <ci> K1nad </ci>
                  </apply>
                </apply>
                <apply>
                  <plus/>
                  <cn type="integer"> 1 </cn>
                  <apply>
                    <divide/>
                    <ci> DHAP </ci>
                    <ci> K1dhap </ci>
                  </apply>
                  <apply>
                    <divide/>
                    <ci> G3P </ci>
                    <ci> K1g3p </ci>
                  </apply>
                </apply>
              </apply>
            </apply>
          </math>
                  <listOfParameters>
            <parameter id="Vf1" metaid="_974573" units="mM_per_minute" value="47"/>
            <parameter id="K1nadh" metaid="_974585" units="mM" value="0.023"/>
            <parameter id="K1dhap" metaid="_974597" units="mM" value="0.54"/>
            <parameter id="NADH" metaid="_974609" units="mM" value="1.87"/>
            <parameter id="NAD" metaid="_974621" units="mM" value="1.45"/>
            <parameter id="Keq1" metaid="_974633" units="dimensionless" value="10000"/>
            <parameter id="F16BP" metaid="_974645" units="mM" value="6.01"/>
            <parameter id="K1f16bp" metaid="_974657" units="mM" value="4.8"/>
            <parameter id="ATP" metaid="_974669" units="mM" value="2.37"/>
            <parameter id="K1atp" metaid="_974681" units="mM" value="0.73"/>
            <parameter id="ADP" metaid="_974693" units="mM" value="2.17"/>
            <parameter id="K1adp" metaid="_974705" units="mM" value="2"/>
            <parameter id="K1nad" metaid="_974717" units="mM" value="0.93"/>
            <parameter id="K1g3p" metaid="_974729" units="mM" value="1.2"/>
          </listOfParameters>
        </kineticLaw>
      </reaction>
      <reaction id="Gpp_p" metaid="metaid_0000008" name="Glycerol 3-phosphatase">
        <annotation>
          <rdf:RDF xmlns:rdf="http://www.w3.org/1999/02/22-rdf-syntax-ns#" xmlns:bqmodel="http://biomodels.net/model-qualifiers/" xmlns:bqbiol="http://biomodels.net/biology-qualifiers/">
            <rdf:Description rdf:about="#metaid_0000008">
	<bqbiol:is>
	<rdf:Bag>
	<rdf:li rdf:resource="http://identifiers.org/ec-code/3.1.3.21"/>
	<rdf:li rdf:resource="http://identifiers.org/kegg.reaction/R00841"/>
	</rdf:Bag>
	</bqbiol:is>
	</rdf:Description>
	
          </rdf:RDF>
        </annotation>
              <listOfReactants>
          <speciesReference metaid="_974741" species="G3P"/>
        </listOfReactants>
        <listOfProducts>
          <speciesReference metaid="_974753" species="Gly"/>
        </listOfProducts>
        <kineticLaw metaid="_974765">
          <math xmlns="http://www.w3.org/1998/Math/MathML">          
            <apply>
              <divide/>
              <apply>
                <divide/>
                <apply>
                  <times/>
                  <ci> compartment </ci>
                  <ci> V2 </ci>
                  <ci> G3P </ci>
                </apply>
                <ci> K2g3p </ci>
              </apply>
              <apply>
                <times/>
                <apply>
                  <plus/>
                  <cn type="integer"> 1 </cn>
                  <apply>
                    <divide/>
                    <ci> G3P </ci>
                    <ci> K2g3p </ci>
                  </apply>
                </apply>
                <apply>
                  <plus/>
                  <cn type="integer"> 1 </cn>
                  <apply>
                    <divide/>
                    <ci> Phi </ci>
                    <ci> K2phi </ci>
                  </apply>
                </apply>
              </apply>
            </apply>
          </math>
                  <listOfParameters>
            <parameter id="V2" metaid="_974777" units="mM_per_minute" value="53"/>
            <parameter id="K2g3p" metaid="_974789" units="mM" value="3.5"/>
            <parameter id="Phi" metaid="_974801" units="mM" value="1"/>
            <parameter id="K2phi" metaid="_974813" units="mM" value="1"/>
          </listOfParameters>
        </kineticLaw>
      </reaction>
    </listOfReactions>
  </model>
</sbml>