<?xml version='1.0' encoding='UTF-8' standalone='no'?>
<sbml xmlns="http://www.sbml.org/sbml/level2/version4" level="2" metaid="_897510" version="4">
  <model id="Nyman2012_InsulinSignalling" metaid="_897522" name="Nyman2012_InsulinSignalling">
    <notes>
      <body xmlns="http://www.w3.org/1999/xhtml">
        <p>This model is from the article:      <br/>
                <strong>Mechanistic explanations for counter-intuitive phosphorylation dynamics of the insulin receptor and insulin receptor substrate-1 in response to insulin in murine adipocytes.</strong>
                <br/>
          Nyman E, Fagerholm S, Jullesson D, Strålfors P, Cedersund G.      <em>FEBS J.</em>
          2012 Jan 16.      <a href="http://www.ncbi.nlm.nih.gov/pubmed/22248283">22248283</a>
          ,      <br/>
                <strong>Abstract:</strong>
                <br/>
          Insulin signaling through insulin receptor (IR) and insulin receptor substrate-1 (IRS1) is important for insulin control of target cells. We have previously demonstrated a rapid and simultaneous overshoot behavior in the phosphorylation dynamics of IR and IRS1 in human adipocytes. Herein, we demonstrate that in murine adipocytes a similar overshoot behavior is not simultaneous for IR and IRS1. The peak of IRS1 phosphorylation, which is a direct consequence of the phosphorylation and the activation of IR, occurs earlier than the peak of IR phosphorylation. We used a conclusive modeling framework to unravel the mechanisms behind this counter-intuitive order of phosphorylation. Through a number of rejections, we demonstrate that two fundamentally different mechanisms may create the reversed order of peaks: (i) two pools of phosphorylated IR, where a large pool of internalized IR peaks late, but phosphorylation of IRS1 is governed by a small plasma membrane-localized pool of IR with an early peak, or (ii) inhibition of the IR-catalyzed phosphorylation of IRS1 by negative feedback. Although (i) may explain the reversed order, this two-pool hypothesis alone requires extensive internalization of IR, which is not supported by experimental data. However, with the additional assumption of limiting concentrations of IRS1, (i) can explain all data. Also, (ii) can explain all available data. Our findings illustrate how modeling can potentiate reasoning, to help draw nontrivial conclusions regarding competing mechanisms in signaling networks. Our work also reveals new differences between human and murine insulin signaling. Database The mathematical model described here has been submitted to the Online Cellular Systems Modelling Database and can be accessed at http://jjj.biochem.sun.ac.za/database/nyman/index.html free of charge.      </p>
            </body>
      
    </notes>
    <annotation>
      <rdf:RDF xmlns:rdf="http://www.w3.org/1999/02/22-rdf-syntax-ns#" xmlns:bqmodel="http://biomodels.net/model-qualifiers/" xmlns:vCard="http://www.w3.org/2001/vcard-rdf/3.0#" xmlns:dc="http://purl.org/dc/elements/1.1/" xmlns:dcterms="http://purl.org/dc/terms/" xmlns:bqbiol="http://biomodels.net/biology-qualifiers/">
        <rdf:Description rdf:about="#_897522">
	<dc:creator>
	<rdf:Bag>
	<rdf:li rdf:parseType="Resource">
	<vCard:N rdf:parseType="Resource">
	<vCard:Family>Chelliah</vCard:Family>
	<vCard:Given>Vijayalakshmi</vCard:Given>
	</vCard:N>
	<vCard:EMAIL>viji@ebi.ac.uk</vCard:EMAIL>
	<vCard:ORG rdf:parseType="Resource">
	<vCard:Orgname>EMBL-EBI</vCard:Orgname>
	</vCard:ORG>
	</rdf:li>
	<rdf:li rdf:parseType="Resource">
	<vCard:N rdf:parseType="Resource">
	<vCard:Family>Nyman</vCard:Family>
	<vCard:Given>Elin</vCard:Given>
	</vCard:N>
	<vCard:EMAIL>elin.nyman@gmail.com</vCard:EMAIL>
	<vCard:ORG rdf:parseType="Resource">
	<vCard:Orgname>Linkoping University</vCard:Orgname>
	</vCard:ORG>
	</rdf:li>
	</rdf:Bag>
	</dc:creator>
	<dcterms:created rdf:parseType="Resource">
	<dcterms:W3CDTF>2012-07-27T12:02:12Z</dcterms:W3CDTF>
	</dcterms:created>
	<dcterms:modified rdf:parseType="Resource">
	<dcterms:W3CDTF>2012-08-09T15:53:40Z</dcterms:W3CDTF>
	</dcterms:modified>
	<bqmodel:is>
	<rdf:Bag>
	<rdf:li rdf:resource="http://identifiers.org/biomodels.db/MODEL1207270000"/>
	</rdf:Bag>
	</bqmodel:is>
	<bqmodel:is>
	<rdf:Bag>
	<rdf:li rdf:resource="http://identifiers.org/biomodels.db/BIOMD0000000423"/>
	</rdf:Bag>
	</bqmodel:is>
	<bqmodel:isDescribedBy>
	<rdf:Bag>
	<rdf:li rdf:resource="http://identifiers.org/pubmed/22248283"/>
	</rdf:Bag>
	</bqmodel:isDescribedBy>
	<bqmodel:isDerivedFrom>
	<rdf:Bag>
	<rdf:li rdf:resource="http://identifiers.org/biomodels.db/BIOMD0000000343"/>
	</rdf:Bag>
	</bqmodel:isDerivedFrom>
	<bqbiol:isVersionOf>
	<rdf:Bag>
	<rdf:li rdf:resource="http://identifiers.org/go/GO:0008286"/>
	</rdf:Bag>
	</bqbiol:isVersionOf>
	<bqbiol:hasTaxon>
	<rdf:Bag>
	<rdf:li rdf:resource="http://identifiers.org/taxonomy/39107"/>
	<rdf:li rdf:resource="http://identifiers.org/bto/BTO:0000443"/>
	</rdf:Bag>
	</bqbiol:hasTaxon>
	</rdf:Description>
	
      </rdf:RDF>
    </annotation>
      <listOfCompartments>
      <compartment id="default" metaid="_897534" name="default" size="1">
        <annotation>
          <rdf:RDF xmlns:rdf="http://www.w3.org/1999/02/22-rdf-syntax-ns#" xmlns:bqmodel="http://biomodels.net/model-qualifiers/" xmlns:bqbiol="http://biomodels.net/biology-qualifiers/">
            <rdf:Description rdf:about="#_897534">
	<bqbiol:isVersionOf>
	<rdf:Bag>
	<rdf:li rdf:resource="http://identifiers.org/go/GO:0005623"/>
	</rdf:Bag>
	</bqbiol:isVersionOf>
	</rdf:Description>
	
          </rdf:RDF>
        </annotation>
            </compartment>
    </listOfCompartments>
    <listOfSpecies>
      <species compartment="default" id="IR" initialConcentration="8.94067597532632" metaid="_897546" name="IR">
        <annotation>
          <rdf:RDF xmlns:rdf="http://www.w3.org/1999/02/22-rdf-syntax-ns#" xmlns:bqmodel="http://biomodels.net/model-qualifiers/" xmlns:bqbiol="http://biomodels.net/biology-qualifiers/">
            <rdf:Description rdf:about="#_897546">
	<bqbiol:hasPart>
	<rdf:Bag>
	<rdf:li rdf:resource="http://identifiers.org/uniprot/P15208"/>
	</rdf:Bag>
	</bqbiol:hasPart>
	</rdf:Description>
	
          </rdf:RDF>
        </annotation>
            </species>
      <species compartment="default" id="IRins" initialConcentration="0.59688996214639" metaid="_897558" name="IRins">
        <annotation>
          <rdf:RDF xmlns:rdf="http://www.w3.org/1999/02/22-rdf-syntax-ns#" xmlns:bqmodel="http://biomodels.net/model-qualifiers/" xmlns:bqbiol="http://biomodels.net/biology-qualifiers/">
            <rdf:Description rdf:about="#_897558">
	<bqbiol:hasPart>
	<rdf:Bag>
	<rdf:li rdf:resource="http://identifiers.org/uniprot/P15208"/>
	<rdf:li rdf:resource="http://identifiers.org/uniprot/P01325"/>
	</rdf:Bag>
	</bqbiol:hasPart>
	</rdf:Description>
	
          </rdf:RDF>
        </annotation>
            </species>
      <species compartment="default" id="IRp" initialConcentration="0.0383525925240207" metaid="_897570" name="IRp">
        <annotation>
          <rdf:RDF xmlns:rdf="http://www.w3.org/1999/02/22-rdf-syntax-ns#" xmlns:bqmodel="http://biomodels.net/model-qualifiers/" xmlns:bqbiol="http://biomodels.net/biology-qualifiers/">
            <rdf:Description rdf:about="#_897570">
	<bqbiol:isVersionOf>
	<rdf:Bag>
	<rdf:li rdf:resource="http://identifiers.org/uniprot/P15208"/>
	<rdf:li rdf:resource="http://identifiers.org/kegg.compound/C00562"/>
	</rdf:Bag>
	</bqbiol:isVersionOf>
	</rdf:Description>
	
          </rdf:RDF>
        </annotation>
            </species>
      <species compartment="default" id="IRiP" initialConcentration="0.424076631823384" metaid="_897582" name="IRiP">
        <annotation>
          <rdf:RDF xmlns:rdf="http://www.w3.org/1999/02/22-rdf-syntax-ns#" xmlns:bqmodel="http://biomodels.net/model-qualifiers/" xmlns:bqbiol="http://biomodels.net/biology-qualifiers/">
            <rdf:Description rdf:about="#_897582">
	<bqbiol:isVersionOf>
	<rdf:Bag>
	<rdf:li rdf:resource="http://identifiers.org/uniprot/P15208"/>
	<rdf:li rdf:resource="http://identifiers.org/kegg.compound/C00562"/>
	</rdf:Bag>
	</bqbiol:isVersionOf>
	</rdf:Description>
	
          </rdf:RDF>
        </annotation>
            </species>
      <species compartment="default" id="IRi" initialConcentration="4.83863890758515E-6" metaid="_897594" name="IRi">
        <annotation>
          <rdf:RDF xmlns:rdf="http://www.w3.org/1999/02/22-rdf-syntax-ns#" xmlns:bqmodel="http://biomodels.net/model-qualifiers/" xmlns:bqbiol="http://biomodels.net/biology-qualifiers/">
            <rdf:Description rdf:about="#_897594">
	<bqbiol:isVersionOf>
	<rdf:Bag>
	<rdf:li rdf:resource="http://identifiers.org/uniprot/P15208"/>
	</rdf:Bag>
	</bqbiol:isVersionOf>
	</rdf:Description>
	
          </rdf:RDF>
        </annotation>
            </species>
      <species compartment="default" id="IRS" initialConcentration="9.43998194225544" metaid="_897606" name="IRS">
        <annotation>
          <rdf:RDF xmlns:rdf="http://www.w3.org/1999/02/22-rdf-syntax-ns#" xmlns:bqmodel="http://biomodels.net/model-qualifiers/" xmlns:bqbiol="http://biomodels.net/biology-qualifiers/">
            <rdf:Description rdf:about="#_897606">
	<bqbiol:isVersionOf>
	<rdf:Bag>
	<rdf:li rdf:resource="http://identifiers.org/uniprot/P35569"/>
	</rdf:Bag>
	</bqbiol:isVersionOf>
	</rdf:Description>
	
          </rdf:RDF>
        </annotation>
            </species>
      <species compartment="default" id="IRSiP" initialConcentration="0.560018057744573" metaid="_897618" name="IRSiP">
        <annotation>
          <rdf:RDF xmlns:rdf="http://www.w3.org/1999/02/22-rdf-syntax-ns#" xmlns:bqmodel="http://biomodels.net/model-qualifiers/" xmlns:bqbiol="http://biomodels.net/biology-qualifiers/">
            <rdf:Description rdf:about="#_897618">
	<bqbiol:isVersionOf>
	<rdf:Bag>
	<rdf:li rdf:resource="http://identifiers.org/uniprot/P35569"/>
	<rdf:li rdf:resource="http://identifiers.org/kegg.compound/C00562"/>
	</rdf:Bag>
	</bqbiol:isVersionOf>
	</rdf:Description>
	
          </rdf:RDF>
        </annotation>
            </species>
      <species compartment="default" id="X" initialConcentration="9.99635886407151" metaid="_897630" name="X">
        <annotation>
          <rdf:RDF xmlns:rdf="http://www.w3.org/1999/02/22-rdf-syntax-ns#" xmlns:bqmodel="http://biomodels.net/model-qualifiers/" xmlns:bqbiol="http://biomodels.net/biology-qualifiers/">
            <rdf:Description rdf:about="#_897630">
	<bqbiol:isVersionOf>
	<rdf:Bag>
	<rdf:li rdf:resource="http://identifiers.org/fma/FMA:74531"/>
	</rdf:Bag>
	</bqbiol:isVersionOf>
	</rdf:Description>
	
          </rdf:RDF>
        </annotation>
            </species>
      <species compartment="default" id="Xp" initialConcentration="0.00364113592848386" metaid="_897642" name="Xp">
        <annotation>
          <rdf:RDF xmlns:rdf="http://www.w3.org/1999/02/22-rdf-syntax-ns#" xmlns:bqmodel="http://biomodels.net/model-qualifiers/" xmlns:bqbiol="http://biomodels.net/biology-qualifiers/">
            <rdf:Description rdf:about="#_897642">
	<bqbiol:isVersionOf>
	<rdf:Bag>
	<rdf:li rdf:resource="http://identifiers.org/kegg.compound/C00562"/>
	<rdf:li rdf:resource="http://identifiers.org/fma/FMA:74531"/>
	</rdf:Bag>
	</bqbiol:isVersionOf>
	</rdf:Description>
	
          </rdf:RDF>
        </annotation>
            </species>
    </listOfSpecies>
    <listOfParameters>
      <parameter id="k1a" metaid="_897654" name="k1a" value="0.153418"/>
      <parameter id="k1aBasic" metaid="_897666" name="k1aBasic" value="0.0383389"/>
      <parameter id="k1b" metaid="_897678" name="k1b" value="3.4699E-6"/>
      <parameter id="k1c" metaid="_897690" name="k1c" value="0.574266"/>
      <parameter id="k1d" metaid="_897702" name="k1d" value="4.78844"/>
      <parameter id="k1e" metaid="_897714" name="k1e" value="5.25027E-5"/>
      <parameter id="k1f" metaid="_897726" name="k1f" value="119.353"/>
      <parameter id="k1g" metaid="_897738" name="k1g" value="4.14899"/>
      <parameter id="k1r" metaid="_897750" name="k1r" value="3.79547E4"/>
      <parameter id="k21" metaid="_897762" name="k21" value="538004"/>
      <parameter id="k22" metaid="_897774" name="k22" value="1.7252E-6"/>
      <parameter id="km2" metaid="_897786" name="km2" value="262759"/>
      <parameter id="km23" metaid="_897798" name="km23" value="88.9096"/>
      <parameter id="k3" metaid="_897810" name="k3" value="8.62917E-5"/>
      <parameter id="km3" metaid="_897822" name="km3" value="0.132671"/>
      <parameter id="ins" metaid="_897834" name="ins" value="100"/>
      <parameter constant="false" id="measIRS1" metaid="_897846" name="measIRS1" value="0"/>
      <parameter constant="false" id="measIRp" metaid="_897858" name="measIRp" value="0"/>
      <parameter constant="false" id="IRmem" metaid="_897870" name="IRmem" value="0"/>
    </listOfParameters>
    <listOfRules>
      <assignmentRule metaid="_897882" variable="measIRS1">
        <math xmlns="http://www.w3.org/1998/Math/MathML">        
          <ci> IRSiP </ci>
        </math>
            </assignmentRule>
      <assignmentRule metaid="_897894" variable="measIRp">
        <math xmlns="http://www.w3.org/1998/Math/MathML">        
          <apply>
            <plus/>
            <ci> IRp </ci>
            <ci> IRiP </ci>
          </apply>
        </math>
            </assignmentRule>
      <assignmentRule metaid="_897906" variable="IRmem">
        <math xmlns="http://www.w3.org/1998/Math/MathML">        
          <apply>
            <plus/>
            <ci> IRp </ci>
            <ci> IRins </ci>
            <ci> IR </ci>
          </apply>
        </math>
            </assignmentRule>
    </listOfRules>
    <listOfReactions>
      <reaction id="v1a" metaid="_897918" name="v1a" reversible="false">
        <listOfReactants>
          <speciesReference metaid="_897930" species="IR"/>
        </listOfReactants>
        <listOfProducts>
          <speciesReference metaid="_897942" species="IRins"/>
        </listOfProducts>
        <kineticLaw metaid="_897954">
          <math xmlns="http://www.w3.org/1998/Math/MathML">          
            <apply>
              <plus/>
              <apply>
                <times/>
                <ci> k1a </ci>
                <ci> ins </ci>
                <ci> IR </ci>
              </apply>
              <apply>
                <times/>
                <ci> k1aBasic </ci>
                <ci> IR </ci>
              </apply>
            </apply>
          </math>
                </kineticLaw>
      </reaction>
      <reaction id="v1b" metaid="_897966" name="v1b" reversible="false">
        <listOfReactants>
          <speciesReference metaid="_897978" species="IRins"/>
        </listOfReactants>
        <listOfProducts>
          <speciesReference metaid="_897990" species="IR"/>
        </listOfProducts>
        <kineticLaw metaid="_898002">
          <math xmlns="http://www.w3.org/1998/Math/MathML">          
            <apply>
              <times/>
              <ci> k1b </ci>
              <ci> IRins </ci>
            </apply>
          </math>
                </kineticLaw>
      </reaction>
      <reaction id="v1c" metaid="_898014" name="v1c" reversible="false">
        <listOfReactants>
          <speciesReference metaid="_898026" species="IRins"/>
        </listOfReactants>
        <listOfProducts>
          <speciesReference metaid="_898038" species="IRp"/>
        </listOfProducts>
        <kineticLaw metaid="_898050">
          <math xmlns="http://www.w3.org/1998/Math/MathML">          
            <apply>
              <times/>
              <ci> k1c </ci>
              <ci> IRins </ci>
            </apply>
          </math>
                </kineticLaw>
      </reaction>
      <reaction id="v1d" metaid="_898062" name="v1d" reversible="false">
        <listOfReactants>
          <speciesReference metaid="_898074" species="IRp"/>
        </listOfReactants>
        <listOfProducts>
          <speciesReference metaid="_898086" species="IRiP"/>
        </listOfProducts>
        <kineticLaw metaid="_898098">
          <math xmlns="http://www.w3.org/1998/Math/MathML">          
            <apply>
              <times/>
              <ci> k1d </ci>
              <ci> IRp </ci>
            </apply>
          </math>
                </kineticLaw>
      </reaction>
      <reaction id="v1e" metaid="_898110" name="v1e" reversible="false">
        <listOfReactants>
          <speciesReference metaid="_898122" species="IRiP"/>
        </listOfReactants>
        <listOfProducts>
          <speciesReference metaid="_898134" species="IRi"/>
        </listOfProducts>
        <listOfModifiers>
          <modifierSpeciesReference metaid="_898146" species="Xp"/>
        </listOfModifiers>
        <kineticLaw metaid="_898158">
          <math xmlns="http://www.w3.org/1998/Math/MathML">          
            <apply>
              <times/>
              <ci> IRiP </ci>
              <apply>
                <plus/>
                <ci> k1e </ci>
                <apply>
                  <divide/>
                  <apply>
                    <times/>
                    <ci> k1f </ci>
                    <ci> Xp </ci>
                  </apply>
                  <apply>
                    <plus/>
                    <cn type="integer"> 1 </cn>
                    <ci> Xp </ci>
                  </apply>
                </apply>
              </apply>
            </apply>
          </math>
                </kineticLaw>
      </reaction>
      <reaction id="v1g" metaid="_898170" name="v1g" reversible="false">
        <listOfReactants>
          <speciesReference metaid="_898182" species="IRp"/>
        </listOfReactants>
        <listOfProducts>
          <speciesReference metaid="_898194" species="IR"/>
        </listOfProducts>
        <kineticLaw metaid="_898206">
          <math xmlns="http://www.w3.org/1998/Math/MathML">          
            <apply>
              <times/>
              <ci> k1g </ci>
              <ci> IRp </ci>
            </apply>
          </math>
                </kineticLaw>
      </reaction>
      <reaction id="v1r" metaid="_898218" name="v1r" reversible="false">
        <listOfReactants>
          <speciesReference metaid="_898230" species="IRi"/>
        </listOfReactants>
        <listOfProducts>
          <speciesReference metaid="_898242" species="IR"/>
        </listOfProducts>
        <kineticLaw metaid="_898254">
          <math xmlns="http://www.w3.org/1998/Math/MathML">          
            <apply>
              <times/>
              <ci> k1r </ci>
              <ci> IRi </ci>
            </apply>
          </math>
                </kineticLaw>
      </reaction>
      <reaction id="v2" metaid="_898266" name="v2" reversible="false">
        <listOfReactants>
          <speciesReference metaid="_898278" species="IRS"/>
        </listOfReactants>
        <listOfProducts>
          <speciesReference metaid="_898290" species="IRSiP"/>
        </listOfProducts>
        <listOfModifiers>
          <modifierSpeciesReference metaid="_898302" species="IRiP"/>
          <modifierSpeciesReference metaid="_898314" species="IRp"/>
          <modifierSpeciesReference metaid="_898326" species="Xp"/>
        </listOfModifiers>
        <kineticLaw metaid="_898338">
          <math xmlns="http://www.w3.org/1998/Math/MathML">          
            <apply>
              <divide/>
              <apply>
                <times/>
                <ci> k21 </ci>
                <ci> IRS </ci>
                <apply>
                  <plus/>
                  <ci> IRp </ci>
                  <apply>
                    <times/>
                    <ci> k22 </ci>
                    <ci> IRiP </ci>
                  </apply>
                </apply>
              </apply>
              <apply>
                <plus/>
                <cn type="integer"> 1 </cn>
                <apply>
                  <times/>
                  <ci> km23 </ci>
                  <ci> Xp </ci>
                </apply>
              </apply>
            </apply>
          </math>
                </kineticLaw>
      </reaction>
      <reaction id="vm2" metaid="_898350" name="vm2" reversible="false">
        <listOfReactants>
          <speciesReference metaid="_898362" species="IRSiP"/>
        </listOfReactants>
        <listOfProducts>
          <speciesReference metaid="_898374" species="IRS"/>
        </listOfProducts>
        <kineticLaw metaid="_898386">
          <math xmlns="http://www.w3.org/1998/Math/MathML">          
            <apply>
              <times/>
              <ci> km2 </ci>
              <ci> IRSiP </ci>
            </apply>
          </math>
                </kineticLaw>
      </reaction>
      <reaction id="v3" metaid="_898398" name="v3" reversible="false">
        <listOfReactants>
          <speciesReference metaid="_898410" species="X"/>
        </listOfReactants>
        <listOfProducts>
          <speciesReference metaid="_898422" species="Xp"/>
        </listOfProducts>
        <listOfModifiers>
          <modifierSpeciesReference metaid="_898434" species="IRSiP"/>
        </listOfModifiers>
        <kineticLaw metaid="_898446">
          <math xmlns="http://www.w3.org/1998/Math/MathML">          
            <apply>
              <times/>
              <ci> k3 </ci>
              <ci> X </ci>
              <ci> IRSiP </ci>
            </apply>
          </math>
                </kineticLaw>
      </reaction>
      <reaction id="vm3" metaid="_898458" name="vm3" reversible="false">
        <listOfReactants>
          <speciesReference metaid="_898470" species="Xp"/>
        </listOfReactants>
        <listOfProducts>
          <speciesReference metaid="_898482" species="X"/>
        </listOfProducts>
        <kineticLaw metaid="_898494">
          <math xmlns="http://www.w3.org/1998/Math/MathML">          
            <apply>
              <times/>
              <ci> km3 </ci>
              <ci> Xp </ci>
            </apply>
          </math>
                </kineticLaw>
      </reaction>
    </listOfReactions>
  </model>
</sbml>